course,q_num,slot,q_text,option,count,pct,n
2025년 공급망 보안을 위한 안전한 소프트웨어 개발(1차),1,other,귀하께서는 어떤 목적으로 이번 사이버안보훈련센터의 교육과정을 수강하셨습니까?,보안 인식 제고,4,18.0,21
2025년 공급망 보안을 위한 안전한 소프트웨어 개발(1차),1,other,귀하께서는 어떤 목적으로 이번 사이버안보훈련센터의 교육과정을 수강하셨습니까?,보안기술 능력 향상,10,45.0,21
2025년 공급망 보안을 위한 안전한 소프트웨어 개발(1차),1,other,귀하께서는 어떤 목적으로 이번 사이버안보훈련센터의 교육과정을 수강하셨습니까?,업무에의 활용,1,4.0,21
2025년 공급망 보안을 위한 안전한 소프트웨어 개발(1차),1,other,귀하께서는 어떤 목적으로 이번 사이버안보훈련센터의 교육과정을 수강하셨습니까?,교육 의무 시간 이수,5,22.0,21
2025년 공급망 보안을 위한 안전한 소프트웨어 개발(1차),1,other,귀하께서는 어떤 목적으로 이번 사이버안보훈련센터의 교육과정을 수강하셨습니까?,상급자 / 동료의 추천,2,9.0,21
2025년 공급망 보안을 위한 안전한 소프트웨어 개발(1차),1,other,귀하께서는 어떤 목적으로 이번 사이버안보훈련센터의 교육과정을 수강하셨습니까?,기타,0,0.0,21
2025년 공급망 보안을 위한 안전한 소프트웨어 개발(1차),4,difficulty,이번 교육의 난이도는 어떠하였습니까?,쉽다,4,18.0,21
2025년 공급망 보안을 위한 안전한 소프트웨어 개발(1차),4,difficulty,이번 교육의 난이도는 어떠하였습니까?,적당하다,16,72.0,21
2025년 공급망 보안을 위한 안전한 소프트웨어 개발(1차),4,difficulty,이번 교육의 난이도는 어떠하였습니까?,어렵다,2,9.0,21
2025년 공급망 보안을 위한 안전한 소프트웨어 개발(1차),6,satisfaction,이번 교육의 만족도는 어떠하였습니까?,높음,14,63.0,21
2025년 공급망 보안을 위한 안전한 소프트웨어 개발(1차),6,satisfaction,이번 교육의 만족도는 어떠하였습니까?,보통,8,36.0,21
2025년 공급망 보안을 위한 안전한 소프트웨어 개발(1차),6,satisfaction,이번 교육의 만족도는 어떠하였습니까?,낮음,0,0.0,21
2025년 공급망 보안을 위한 안전한 소프트웨어 개발(1차),8,utility,이번 교육의 업무 활용도는 어떠하십니까?,높음,9,40.0,21
2025년 공급망 보안을 위한 안전한 소프트웨어 개발(1차),8,utility,이번 교육의 업무 활용도는 어떠하십니까?,보통,12,54.0,21
2025년 공급망 보안을 위한 안전한 소프트웨어 개발(1차),8,utility,이번 교육의 업무 활용도는 어떠하십니까?,낮음,1,4.0,21
2025년 공급망 보안을 위한 안전한 소프트웨어 개발(1차),10,diff_inst,다른 기관과의 교육 차별성은 어떠하십니까?,차별성 있다,11,50.0,21
2025년 공급망 보안을 위한 안전한 소프트웨어 개발(1차),10,diff_inst,다른 기관과의 교육 차별성은 어떠하십니까?,보통이다,10,45.0,21
2025년 공급망 보안을 위한 안전한 소프트웨어 개발(1차),10,diff_inst,다른 기관과의 교육 차별성은 어떠하십니까?,차별성없다,1,4.0,21
2025년 공급망 보안을 위한 안전한 소프트웨어 개발(1차),12,duration,교육 시간은 적절하다고 생각하십니까?,부족하다,8,36.0,21
2025년 공급망 보안을 위한 안전한 소프트웨어 개발(1차),12,duration,교육 시간은 적절하다고 생각하십니까?,적절하다,14,63.0,21
2025년 공급망 보안을 위한 안전한 소프트웨어 개발(1차),12,duration,교육 시간은 적절하다고 생각하십니까?,길다,0,0.0,21
2025년 공급망 보안을 위한 안전한 소프트웨어 개발(1차),16,instructor,[소프트웨어 보안 약점 진단 가이드 이해1] (김홍석 팀장) 과목의 강의(강의 준비 및 강의 스킬) 만족도는?,매우 불만족,0,0.0,21
2025년 공급망 보안을 위한 안전한 소프트웨어 개발(1차),16,instructor,[소프트웨어 보안 약점 진단 가이드 이해1] (김홍석 팀장) 과목의 강의(강의 준비 및 강의 스킬) 만족도는?,불만족,0,0.0,21
2025년 공급망 보안을 위한 안전한 소프트웨어 개발(1차),16,instructor,[소프트웨어 보안 약점 진단 가이드 이해1] (김홍석 팀장) 과목의 강의(강의 준비 및 강의 스킬) 만족도는?,보통,4,18.0,21
2025년 공급망 보안을 위한 안전한 소프트웨어 개발(1차),16,instructor,[소프트웨어 보안 약점 진단 가이드 이해1] (김홍석 팀장) 과목의 강의(강의 준비 및 강의 스킬) 만족도는?,만족,6,27.0,21
2025년 공급망 보안을 위한 안전한 소프트웨어 개발(1차),16,instructor,[소프트웨어 보안 약점 진단 가이드 이해1] (김홍석 팀장) 과목의 강의(강의 준비 및 강의 스킬) 만족도는?,매우 만족,12,54.0,21
2025년 공급망 보안을 위한 안전한 소프트웨어 개발(1차),17,instructor,[소프트웨어 보안 약점 진단 가이드 이해1] (김홍석 팀장) 과목의 강의 내용(강의 콘텐츠 구성 등) 만족도는?,매우 불만족,0,0.0,21
2025년 공급망 보안을 위한 안전한 소프트웨어 개발(1차),17,instructor,[소프트웨어 보안 약점 진단 가이드 이해1] (김홍석 팀장) 과목의 강의 내용(강의 콘텐츠 구성 등) 만족도는?,불만족,0,0.0,21
2025년 공급망 보안을 위한 안전한 소프트웨어 개발(1차),17,instructor,[소프트웨어 보안 약점 진단 가이드 이해1] (김홍석 팀장) 과목의 강의 내용(강의 콘텐츠 구성 등) 만족도는?,보통,2,9.0,21
2025년 공급망 보안을 위한 안전한 소프트웨어 개발(1차),17,instructor,[소프트웨어 보안 약점 진단 가이드 이해1] (김홍석 팀장) 과목의 강의 내용(강의 콘텐츠 구성 등) 만족도는?,만족,9,40.0,21
2025년 공급망 보안을 위한 안전한 소프트웨어 개발(1차),17,instructor,[소프트웨어 보안 약점 진단 가이드 이해1] (김홍석 팀장) 과목의 강의 내용(강의 콘텐츠 구성 등) 만족도는?,매우 만족,11,50.0,21
2025년 공급망 보안을 위한 안전한 소프트웨어 개발(1차),18,instructor,[소프트웨어 보안 약점 진단 가이드 이해2] (강홍구 수석) 과목의 강의(강의 준비 및 강의 스킬) 만족도는?,매우 불만족,0,0.0,21
2025년 공급망 보안을 위한 안전한 소프트웨어 개발(1차),18,instructor,[소프트웨어 보안 약점 진단 가이드 이해2] (강홍구 수석) 과목의 강의(강의 준비 및 강의 스킬) 만족도는?,불만족,0,0.0,21
2025년 공급망 보안을 위한 안전한 소프트웨어 개발(1차),18,instructor,[소프트웨어 보안 약점 진단 가이드 이해2] (강홍구 수석) 과목의 강의(강의 준비 및 강의 스킬) 만족도는?,보통,2,9.0,21
2025년 공급망 보안을 위한 안전한 소프트웨어 개발(1차),18,instructor,[소프트웨어 보안 약점 진단 가이드 이해2] (강홍구 수석) 과목의 강의(강의 준비 및 강의 스킬) 만족도는?,만족,6,27.0,21
2025년 공급망 보안을 위한 안전한 소프트웨어 개발(1차),18,instructor,[소프트웨어 보안 약점 진단 가이드 이해2] (강홍구 수석) 과목의 강의(강의 준비 및 강의 스킬) 만족도는?,매우 만족,14,63.0,21
2025년 공급망 보안을 위한 안전한 소프트웨어 개발(1차),19,instructor,[소프트웨어 보안 약점 진단 가이드 이해2] (강홍구 수석) 과목의 강의 내용(강의 콘텐츠 구성 등) 만족도는?,매우 불만족,0,0.0,21
2025년 공급망 보안을 위한 안전한 소프트웨어 개발(1차),19,instructor,[소프트웨어 보안 약점 진단 가이드 이해2] (강홍구 수석) 과목의 강의 내용(강의 콘텐츠 구성 등) 만족도는?,불만족,0,0.0,21
2025년 공급망 보안을 위한 안전한 소프트웨어 개발(1차),19,instructor,[소프트웨어 보안 약점 진단 가이드 이해2] (강홍구 수석) 과목의 강의 내용(강의 콘텐츠 구성 등) 만족도는?,보통,2,9.0,21
2025년 공급망 보안을 위한 안전한 소프트웨어 개발(1차),19,instructor,[소프트웨어 보안 약점 진단 가이드 이해2] (강홍구 수석) 과목의 강의 내용(강의 콘텐츠 구성 등) 만족도는?,만족,9,40.0,21
2025년 공급망 보안을 위한 안전한 소프트웨어 개발(1차),19,instructor,[소프트웨어 보안 약점 진단 가이드 이해2] (강홍구 수석) 과목의 강의 내용(강의 콘텐츠 구성 등) 만족도는?,매우 만족,11,50.0,21
2025년 공급망 보안을 위한 안전한 소프트웨어 개발(1차),20,instructor,[소프트웨어 공급망 공격 사례 및 대응] (이상원 교수) 과목의 강의(강의 준비 및 강의 스킬) 만족도는?,매우 불만족,0,0.0,21
2025년 공급망 보안을 위한 안전한 소프트웨어 개발(1차),20,instructor,[소프트웨어 공급망 공격 사례 및 대응] (이상원 교수) 과목의 강의(강의 준비 및 강의 스킬) 만족도는?,불만족,0,0.0,21
2025년 공급망 보안을 위한 안전한 소프트웨어 개발(1차),20,instructor,[소프트웨어 공급망 공격 사례 및 대응] (이상원 교수) 과목의 강의(강의 준비 및 강의 스킬) 만족도는?,보통,2,9.0,21
2025년 공급망 보안을 위한 안전한 소프트웨어 개발(1차),20,instructor,[소프트웨어 공급망 공격 사례 및 대응] (이상원 교수) 과목의 강의(강의 준비 및 강의 스킬) 만족도는?,만족,7,31.0,21
2025년 공급망 보안을 위한 안전한 소프트웨어 개발(1차),20,instructor,[소프트웨어 공급망 공격 사례 및 대응] (이상원 교수) 과목의 강의(강의 준비 및 강의 스킬) 만족도는?,매우 만족,13,59.0,21
2025년 공급망 보안을 위한 안전한 소프트웨어 개발(1차),21,instructor,[소프트웨어 공급망 공격 사례 및 대응] (이상원 교수) 과목의 강의 내용(강의 콘텐츠 구성 등) 만족도는?,매우 불만족,0,0.0,21
2025년 공급망 보안을 위한 안전한 소프트웨어 개발(1차),21,instructor,[소프트웨어 공급망 공격 사례 및 대응] (이상원 교수) 과목의 강의 내용(강의 콘텐츠 구성 등) 만족도는?,불만족,0,0.0,21
2025년 공급망 보안을 위한 안전한 소프트웨어 개발(1차),21,instructor,[소프트웨어 공급망 공격 사례 및 대응] (이상원 교수) 과목의 강의 내용(강의 콘텐츠 구성 등) 만족도는?,보통,2,9.0,21
2025년 공급망 보안을 위한 안전한 소프트웨어 개발(1차),21,instructor,[소프트웨어 공급망 공격 사례 및 대응] (이상원 교수) 과목의 강의 내용(강의 콘텐츠 구성 등) 만족도는?,만족,7,31.0,21
2025년 공급망 보안을 위한 안전한 소프트웨어 개발(1차),21,instructor,[소프트웨어 공급망 공격 사례 및 대응] (이상원 교수) 과목의 강의 내용(강의 콘텐츠 구성 등) 만족도는?,매우 만족,13,59.0,21
2025년 공급망 보안을 위한 안전한 소프트웨어 개발(1차),22,instructor,[소프트웨어 보안 약점 동향 및 시큐어코딩] (손윤식 교수) 과목의 강의(강의 준비 및 강의 스킬) 만족도는?,매우 불만족,0,0.0,21
2025년 공급망 보안을 위한 안전한 소프트웨어 개발(1차),22,instructor,[소프트웨어 보안 약점 동향 및 시큐어코딩] (손윤식 교수) 과목의 강의(강의 준비 및 강의 스킬) 만족도는?,불만족,0,0.0,21
2025년 공급망 보안을 위한 안전한 소프트웨어 개발(1차),22,instructor,[소프트웨어 보안 약점 동향 및 시큐어코딩] (손윤식 교수) 과목의 강의(강의 준비 및 강의 스킬) 만족도는?,보통,2,9.0,21
2025년 공급망 보안을 위한 안전한 소프트웨어 개발(1차),22,instructor,[소프트웨어 보안 약점 동향 및 시큐어코딩] (손윤식 교수) 과목의 강의(강의 준비 및 강의 스킬) 만족도는?,만족,7,31.0,21
2025년 공급망 보안을 위한 안전한 소프트웨어 개발(1차),22,instructor,[소프트웨어 보안 약점 동향 및 시큐어코딩] (손윤식 교수) 과목의 강의(강의 준비 및 강의 스킬) 만족도는?,매우 만족,13,59.0,21
2025년 공급망 보안을 위한 안전한 소프트웨어 개발(1차),23,instructor,[소프트웨어 보안 약점 동향 및 시큐어코딩] (손윤식 교수) 과목의 강의 내용(강의 콘텐츠 구성 등) 만족도는?,매우 불만족,0,0.0,21
2025년 공급망 보안을 위한 안전한 소프트웨어 개발(1차),23,instructor,[소프트웨어 보안 약점 동향 및 시큐어코딩] (손윤식 교수) 과목의 강의 내용(강의 콘텐츠 구성 등) 만족도는?,불만족,0,0.0,21
2025년 공급망 보안을 위한 안전한 소프트웨어 개발(1차),23,instructor,[소프트웨어 보안 약점 동향 및 시큐어코딩] (손윤식 교수) 과목의 강의 내용(강의 콘텐츠 구성 등) 만족도는?,보통,2,9.0,21
2025년 공급망 보안을 위한 안전한 소프트웨어 개발(1차),23,instructor,[소프트웨어 보안 약점 동향 및 시큐어코딩] (손윤식 교수) 과목의 강의 내용(강의 콘텐츠 구성 등) 만족도는?,만족,7,31.0,21
2025년 공급망 보안을 위한 안전한 소프트웨어 개발(1차),23,instructor,[소프트웨어 보안 약점 동향 및 시큐어코딩] (손윤식 교수) 과목의 강의 내용(강의 콘텐츠 구성 등) 만족도는?,매우 만족,13,59.0,21
2025년 공급망 보안을 위한 안전한 소프트웨어 개발(1차),24,instructor,[안전한 소프트웨어 개발 실습] (정준호 교수) 과목의 강의(강의 준비 및 강의 스킬) 만족도는?,매우 불만족,0,0.0,21
2025년 공급망 보안을 위한 안전한 소프트웨어 개발(1차),24,instructor,[안전한 소프트웨어 개발 실습] (정준호 교수) 과목의 강의(강의 준비 및 강의 스킬) 만족도는?,불만족,0,0.0,21
2025년 공급망 보안을 위한 안전한 소프트웨어 개발(1차),24,instructor,[안전한 소프트웨어 개발 실습] (정준호 교수) 과목의 강의(강의 준비 및 강의 스킬) 만족도는?,보통,3,13.0,21
2025년 공급망 보안을 위한 안전한 소프트웨어 개발(1차),24,instructor,[안전한 소프트웨어 개발 실습] (정준호 교수) 과목의 강의(강의 준비 및 강의 스킬) 만족도는?,만족,5,22.0,21
2025년 공급망 보안을 위한 안전한 소프트웨어 개발(1차),24,instructor,[안전한 소프트웨어 개발 실습] (정준호 교수) 과목의 강의(강의 준비 및 강의 스킬) 만족도는?,매우 만족,14,63.0,21
2025년 공급망 보안을 위한 안전한 소프트웨어 개발(1차),25,instructor,[안전한 소프트웨어 개발 실습] (정준호 교수) 과목의 강의 내용(강의 콘텐츠 구성 등) 만족도는?,매우 불만족,0,0.0,21
2025년 공급망 보안을 위한 안전한 소프트웨어 개발(1차),25,instructor,[안전한 소프트웨어 개발 실습] (정준호 교수) 과목의 강의 내용(강의 콘텐츠 구성 등) 만족도는?,불만족,0,0.0,21
2025년 공급망 보안을 위한 안전한 소프트웨어 개발(1차),25,instructor,[안전한 소프트웨어 개발 실습] (정준호 교수) 과목의 강의 내용(강의 콘텐츠 구성 등) 만족도는?,보통,3,13.0,21
2025년 공급망 보안을 위한 안전한 소프트웨어 개발(1차),25,instructor,[안전한 소프트웨어 개발 실습] (정준호 교수) 과목의 강의 내용(강의 콘텐츠 구성 등) 만족도는?,만족,6,27.0,21
2025년 공급망 보안을 위한 안전한 소프트웨어 개발(1차),25,instructor,[안전한 소프트웨어 개발 실습] (정준호 교수) 과목의 강의 내용(강의 콘텐츠 구성 등) 만족도는?,매우 만족,13,59.0,21
2025년 공급망 보안을 위한 안전한 소프트웨어 개발(2차),1,other,귀하께서는 어떤 목적으로 이번 사이버안보훈련센터의 교육과정을 수강하셨습니까?,보안 인식 제고,1,5.0,20
2025년 공급망 보안을 위한 안전한 소프트웨어 개발(2차),1,other,귀하께서는 어떤 목적으로 이번 사이버안보훈련센터의 교육과정을 수강하셨습니까?,보안기술 능력 향상,10,50.0,20
2025년 공급망 보안을 위한 안전한 소프트웨어 개발(2차),1,other,귀하께서는 어떤 목적으로 이번 사이버안보훈련센터의 교육과정을 수강하셨습니까?,업무에의 활용,5,25.0,20
2025년 공급망 보안을 위한 안전한 소프트웨어 개발(2차),1,other,귀하께서는 어떤 목적으로 이번 사이버안보훈련센터의 교육과정을 수강하셨습니까?,교육 의무 시간 이수,4,20.0,20
2025년 공급망 보안을 위한 안전한 소프트웨어 개발(2차),1,other,귀하께서는 어떤 목적으로 이번 사이버안보훈련센터의 교육과정을 수강하셨습니까?,상급자 / 동료의 추천,0,0.0,20
2025년 공급망 보안을 위한 안전한 소프트웨어 개발(2차),1,other,귀하께서는 어떤 목적으로 이번 사이버안보훈련센터의 교육과정을 수강하셨습니까?,기타,0,0.0,20
2025년 공급망 보안을 위한 안전한 소프트웨어 개발(2차),4,difficulty,이번 교육의 난이도는 어떠하였습니까?,쉽다,0,0.0,20
2025년 공급망 보안을 위한 안전한 소프트웨어 개발(2차),4,difficulty,이번 교육의 난이도는 어떠하였습니까?,적당하다,19,95.0,20
2025년 공급망 보안을 위한 안전한 소프트웨어 개발(2차),4,difficulty,이번 교육의 난이도는 어떠하였습니까?,어렵다,1,5.0,20
2025년 공급망 보안을 위한 안전한 소프트웨어 개발(2차),6,satisfaction,이번 교육의 만족도는 어떠하였습니까?,높음,9,45.0,20
2025년 공급망 보안을 위한 안전한 소프트웨어 개발(2차),6,satisfaction,이번 교육의 만족도는 어떠하였습니까?,보통,9,45.0,20
2025년 공급망 보안을 위한 안전한 소프트웨어 개발(2차),6,satisfaction,이번 교육의 만족도는 어떠하였습니까?,낮음,2,10.0,20
2025년 공급망 보안을 위한 안전한 소프트웨어 개발(2차),8,utility,이번 교육의 업무 활용도는 어떠하십니까?,높음,10,50.0,20
2025년 공급망 보안을 위한 안전한 소프트웨어 개발(2차),8,utility,이번 교육의 업무 활용도는 어떠하십니까?,보통,8,40.0,20
2025년 공급망 보안을 위한 안전한 소프트웨어 개발(2차),8,utility,이번 교육의 업무 활용도는 어떠하십니까?,낮음,2,10.0,20
2025년 공급망 보안을 위한 안전한 소프트웨어 개발(2차),10,diff_inst,다른 기관과의 교육 차별성은 어떠하십니까?,차별성 있다,10,50.0,20
2025년 공급망 보안을 위한 안전한 소프트웨어 개발(2차),10,diff_inst,다른 기관과의 교육 차별성은 어떠하십니까?,보통이다,10,50.0,20
2025년 공급망 보안을 위한 안전한 소프트웨어 개발(2차),10,diff_inst,다른 기관과의 교육 차별성은 어떠하십니까?,차별성없다,0,0.0,20
2025년 공급망 보안을 위한 안전한 소프트웨어 개발(2차),12,duration,교육 시간은 적절하다고 생각하십니까?,부족하다,10,50.0,20
2025년 공급망 보안을 위한 안전한 소프트웨어 개발(2차),12,duration,교육 시간은 적절하다고 생각하십니까?,적절하다,10,50.0,20
2025년 공급망 보안을 위한 안전한 소프트웨어 개발(2차),12,duration,교육 시간은 적절하다고 생각하십니까?,길다,0,0.0,20
2025년 공급망 보안을 위한 안전한 소프트웨어 개발(2차),16,instructor,"[과목명] (강사명, 직책) 과목의 강의(강의 준비 및 강의 스킬) 만족도는?",매우 불만족,0,0.0,20
2025년 공급망 보안을 위한 안전한 소프트웨어 개발(2차),16,instructor,"[과목명] (강사명, 직책) 과목의 강의(강의 준비 및 강의 스킬) 만족도는?",불만족,0,0.0,20
2025년 공급망 보안을 위한 안전한 소프트웨어 개발(2차),16,instructor,"[과목명] (강사명, 직책) 과목의 강의(강의 준비 및 강의 스킬) 만족도는?",보통,1,5.0,20
2025년 공급망 보안을 위한 안전한 소프트웨어 개발(2차),16,instructor,"[과목명] (강사명, 직책) 과목의 강의(강의 준비 및 강의 스킬) 만족도는?",만족,6,30.0,20
2025년 공급망 보안을 위한 안전한 소프트웨어 개발(2차),16,instructor,"[과목명] (강사명, 직책) 과목의 강의(강의 준비 및 강의 스킬) 만족도는?",매우 만족,13,65.0,20
2025년 공급망 보안을 위한 안전한 소프트웨어 개발(2차),17,instructor,"[과목명] (강사명, 직책) 과목의 강의 내용(강의 콘텐츠 구성 등) 만족도는?",매우 불만족,0,0.0,20
2025년 공급망 보안을 위한 안전한 소프트웨어 개발(2차),17,instructor,"[과목명] (강사명, 직책) 과목의 강의 내용(강의 콘텐츠 구성 등) 만족도는?",불만족,0,0.0,20
2025년 공급망 보안을 위한 안전한 소프트웨어 개발(2차),17,instructor,"[과목명] (강사명, 직책) 과목의 강의 내용(강의 콘텐츠 구성 등) 만족도는?",보통,1,5.0,20
2025년 공급망 보안을 위한 안전한 소프트웨어 개발(2차),17,instructor,"[과목명] (강사명, 직책) 과목의 강의 내용(강의 콘텐츠 구성 등) 만족도는?",만족,6,30.0,20
2025년 공급망 보안을 위한 안전한 소프트웨어 개발(2차),17,instructor,"[과목명] (강사명, 직책) 과목의 강의 내용(강의 콘텐츠 구성 등) 만족도는?",매우 만족,13,65.0,20
2025년 국가 공공기관 보안 위협 사례 및 대응(1차),1,other,귀하께서는 어떤 목적으로 이번 사이버안보훈련센터의 교육과정을 수강하셨습니까?,보안 인식 제고,8,26.0,30
2025년 국가 공공기관 보안 위협 사례 및 대응(1차),1,other,귀하께서는 어떤 목적으로 이번 사이버안보훈련센터의 교육과정을 수강하셨습니까?,보안기술 능력 향상,7,23.0,30
2025년 국가 공공기관 보안 위협 사례 및 대응(1차),1,other,귀하께서는 어떤 목적으로 이번 사이버안보훈련센터의 교육과정을 수강하셨습니까?,업무에의 활용,4,13.0,30
2025년 국가 공공기관 보안 위협 사례 및 대응(1차),1,other,귀하께서는 어떤 목적으로 이번 사이버안보훈련센터의 교육과정을 수강하셨습니까?,교육 의무 시간 이수,8,26.0,30
2025년 국가 공공기관 보안 위협 사례 및 대응(1차),1,other,귀하께서는 어떤 목적으로 이번 사이버안보훈련센터의 교육과정을 수강하셨습니까?,상급자 / 동료의 추천,3,10.0,30
2025년 국가 공공기관 보안 위협 사례 및 대응(1차),1,other,귀하께서는 어떤 목적으로 이번 사이버안보훈련센터의 교육과정을 수강하셨습니까?,기타,0,0.0,30
2025년 국가 공공기관 보안 위협 사례 및 대응(1차),2,difficulty,이번 교육의 난이도는 어떠하였습니까?,쉽다,2,6.0,30
2025년 국가 공공기관 보안 위협 사례 및 대응(1차),2,difficulty,이번 교육의 난이도는 어떠하였습니까?,적당하다,28,93.0,30
2025년 국가 공공기관 보안 위협 사례 및 대응(1차),2,difficulty,이번 교육의 난이도는 어떠하였습니까?,어렵다,0,0.0,30
2025년 국가 공공기관 보안 위협 사례 및 대응(1차),4,satisfaction,이번 교육의 만족도는 어떠하였습니까?,높음,27,90.0,30
2025년 국가 공공기관 보안 위협 사례 및 대응(1차),4,satisfaction,이번 교육의 만족도는 어떠하였습니까?,보통이다,3,10.0,30
2025년 국가 공공기관 보안 위협 사례 및 대응(1차),4,satisfaction,이번 교육의 만족도는 어떠하였습니까?,낮음,0,0.0,30
2025년 국가 공공기관 보안 위협 사례 및 대응(1차),6,utility,이번 교육의 업무 활용도는 어떠하십니까?,높음,24,80.0,30
2025년 국가 공공기관 보안 위협 사례 및 대응(1차),6,utility,이번 교육의 업무 활용도는 어떠하십니까?,보통이다,6,20.0,30
2025년 국가 공공기관 보안 위협 사례 및 대응(1차),6,utility,이번 교육의 업무 활용도는 어떠하십니까?,낮음,0,0.0,30
2025년 국가 공공기관 보안 위협 사례 및 대응(1차),8,diff_inst,다른 기관과의 교육 차별성은 어떠하십니까?,차별성 있다,26,86.0,30
2025년 국가 공공기관 보안 위협 사례 및 대응(1차),8,diff_inst,다른 기관과의 교육 차별성은 어떠하십니까?,보통이다,4,13.0,30
2025년 국가 공공기관 보안 위협 사례 및 대응(1차),8,diff_inst,다른 기관과의 교육 차별성은 어떠하십니까?,차별성없다,0,0.0,30
2025년 국가 공공기관 보안 위협 사례 및 대응(1차),10,duration,교육 시간은 적절하다고 생각하십니까?,적절하다,24,80.0,30
2025년 국가 공공기관 보안 위협 사례 및 대응(1차),10,duration,교육 시간은 적절하다고 생각하십니까?,보통이다,6,20.0,30
2025년 국가 공공기관 보안 위협 사례 및 대응(1차),10,duration,교육 시간은 적절하다고 생각하십니까?,적절하다,0,0.0,30
2025년 국가 공공기관 보안 위협 사례 및 대응(1차),12,other,본 교육의 가장 적당한 교육기간은 며칠이라고 생각하십니까?,3일,21,70.0,30
2025년 국가 공공기관 보안 위협 사례 및 대응(1차),12,other,본 교육의 가장 적당한 교육기간은 며칠이라고 생각하십니까?,4일,8,26.0,30
2025년 국가 공공기관 보안 위협 사례 및 대응(1차),12,other,본 교육의 가장 적당한 교육기간은 며칠이라고 생각하십니까?,4일 초과,1,3.0,30
2025년 국가 공공기관 보안 위협 사례 및 대응(1차),13,needs,"국가공공 기관 및 정보통신기반시설의 정보화, 정보보호 담당자에게 꼭 필요한 사이버안보 교육에는 어떤 것이 있을까요?",포렌식 분야 교육/훈련,0,0.0,30
2025년 국가 공공기관 보안 위협 사례 및 대응(1차),13,needs,"국가공공 기관 및 정보통신기반시설의 정보화, 정보보호 담당자에게 꼭 필요한 사이버안보 교육에는 어떤 것이 있을까요?",악성코드 분석 교육/훈련,1,3.0,30
2025년 국가 공공기관 보안 위협 사례 및 대응(1차),13,needs,"국가공공 기관 및 정보통신기반시설의 정보화, 정보보호 담당자에게 꼭 필요한 사이버안보 교육에는 어떤 것이 있을까요?",모바일 분야 교육/훈련,2,6.0,30
2025년 국가 공공기관 보안 위협 사례 및 대응(1차),13,needs,"국가공공 기관 및 정보통신기반시설의 정보화, 정보보호 담당자에게 꼭 필요한 사이버안보 교육에는 어떤 것이 있을까요?",무선랜 해킹 관련 교육/훈련,2,6.0,30
2025년 국가 공공기관 보안 위협 사례 및 대응(1차),13,needs,"국가공공 기관 및 정보통신기반시설의 정보화, 정보보호 담당자에게 꼭 필요한 사이버안보 교육에는 어떤 것이 있을까요?",서버 취약점 공격 대응 교육/훈련,2,6.0,30
2025년 국가 공공기관 보안 위협 사례 및 대응(1차),13,needs,"국가공공 기관 및 정보통신기반시설의 정보화, 정보보호 담당자에게 꼭 필요한 사이버안보 교육에는 어떤 것이 있을까요?",시스템 보안강화(System Hardening) 교육/훈련,3,10.0,30
2025년 국가 공공기관 보안 위협 사례 및 대응(1차),13,needs,"국가공공 기관 및 정보통신기반시설의 정보화, 정보보호 담당자에게 꼭 필요한 사이버안보 교육에는 어떤 것이 있을까요?",정보유출 사건에 대한 교육/훈련,14,46.0,30
2025년 국가 공공기관 보안 위협 사례 및 대응(1차),13,needs,"국가공공 기관 및 정보통신기반시설의 정보화, 정보보호 담당자에게 꼭 필요한 사이버안보 교육에는 어떤 것이 있을까요?",정보보호 시스템 관리 교육/훈련,6,20.0,30
2025년 국가 공공기관 보안 위협 사례 및 대응(1차),17,instructor,오펜시브 시큐리티 기술 및 동향(강사: 장대희 교수) 과목의 강의 만족도(강의 준비 및 스킬 등)는?,매우 만족,18,60.0,30
2025년 국가 공공기관 보안 위협 사례 및 대응(1차),17,instructor,오펜시브 시큐리티 기술 및 동향(강사: 장대희 교수) 과목의 강의 만족도(강의 준비 및 스킬 등)는?,만족,11,36.0,30
2025년 국가 공공기관 보안 위협 사례 및 대응(1차),17,instructor,오펜시브 시큐리티 기술 및 동향(강사: 장대희 교수) 과목의 강의 만족도(강의 준비 및 스킬 등)는?,보통,1,3.0,30
2025년 국가 공공기관 보안 위협 사례 및 대응(1차),17,instructor,오펜시브 시큐리티 기술 및 동향(강사: 장대희 교수) 과목의 강의 만족도(강의 준비 및 스킬 등)는?,불만족,0,0.0,30
2025년 국가 공공기관 보안 위협 사례 및 대응(1차),17,instructor,오펜시브 시큐리티 기술 및 동향(강사: 장대희 교수) 과목의 강의 만족도(강의 준비 및 스킬 등)는?,매우 불만족,0,0.0,30
2025년 국가 공공기관 보안 위협 사례 및 대응(1차),18,instructor,오펜시브 시큐리티 기술 및 동향(강사: 장대희 교수) 과목의 강의 내용 만족도(강의 컨텐츠 구성 등)는?,매우 만족,18,60.0,30
2025년 국가 공공기관 보안 위협 사례 및 대응(1차),18,instructor,오펜시브 시큐리티 기술 및 동향(강사: 장대희 교수) 과목의 강의 내용 만족도(강의 컨텐츠 구성 등)는?,만족,12,40.0,30
2025년 국가 공공기관 보안 위협 사례 및 대응(1차),18,instructor,오펜시브 시큐리티 기술 및 동향(강사: 장대희 교수) 과목의 강의 내용 만족도(강의 컨텐츠 구성 등)는?,보통,0,0.0,30
2025년 국가 공공기관 보안 위협 사례 및 대응(1차),18,instructor,오펜시브 시큐리티 기술 및 동향(강사: 장대희 교수) 과목의 강의 내용 만족도(강의 컨텐츠 구성 등)는?,불만족,0,0.0,30
2025년 국가 공공기관 보안 위협 사례 및 대응(1차),18,instructor,오펜시브 시큐리티 기술 및 동향(강사: 장대희 교수) 과목의 강의 내용 만족도(강의 컨텐츠 구성 등)는?,매우 불만족,0,0.0,30
2025년 국가 공공기관 보안 위협 사례 및 대응(1차),19,instructor,랜섬웨어 보안 위협 및 대응(강사: 최석우 실장) 과목의 강의 만족도(강의 준비 및 스킬 등)는?,매우 만족,19,63.0,30
2025년 국가 공공기관 보안 위협 사례 및 대응(1차),19,instructor,랜섬웨어 보안 위협 및 대응(강사: 최석우 실장) 과목의 강의 만족도(강의 준비 및 스킬 등)는?,만족,9,30.0,30
2025년 국가 공공기관 보안 위협 사례 및 대응(1차),19,instructor,랜섬웨어 보안 위협 및 대응(강사: 최석우 실장) 과목의 강의 만족도(강의 준비 및 스킬 등)는?,보통,2,6.0,30
2025년 국가 공공기관 보안 위협 사례 및 대응(1차),19,instructor,랜섬웨어 보안 위협 및 대응(강사: 최석우 실장) 과목의 강의 만족도(강의 준비 및 스킬 등)는?,불만족,0,0.0,30
2025년 국가 공공기관 보안 위협 사례 및 대응(1차),19,instructor,랜섬웨어 보안 위협 및 대응(강사: 최석우 실장) 과목의 강의 만족도(강의 준비 및 스킬 등)는?,매우 불만족,0,0.0,30
2025년 국가 공공기관 보안 위협 사례 및 대응(1차),20,instructor,랜섬웨어 보안 위협 및 대응(강사: 최석우 실장) 과목의 강의 내용 만족도(강의 컨텐츠 구성 등)는?,매우 만족,20,66.0,30
2025년 국가 공공기관 보안 위협 사례 및 대응(1차),20,instructor,랜섬웨어 보안 위협 및 대응(강사: 최석우 실장) 과목의 강의 내용 만족도(강의 컨텐츠 구성 등)는?,만족,8,26.0,30
2025년 국가 공공기관 보안 위협 사례 및 대응(1차),20,instructor,랜섬웨어 보안 위협 및 대응(강사: 최석우 실장) 과목의 강의 내용 만족도(강의 컨텐츠 구성 등)는?,보통,2,6.0,30
2025년 국가 공공기관 보안 위협 사례 및 대응(1차),20,instructor,랜섬웨어 보안 위협 및 대응(강사: 최석우 실장) 과목의 강의 내용 만족도(강의 컨텐츠 구성 등)는?,불만족,0,0.0,30
2025년 국가 공공기관 보안 위협 사례 및 대응(1차),20,instructor,랜섬웨어 보안 위협 및 대응(강사: 최석우 실장) 과목의 강의 내용 만족도(강의 컨텐츠 구성 등)는?,매우 불만족,0,0.0,30
2025년 국가 공공기관 보안 위협 사례 및 대응(1차),21,instructor,공공기관 모바일기기 적용 보안 위협 및 대응(강사: 변정수 교수) 과목의 강의 만족도(강의 준비 및 스킬 등)는?,매우 만족,20,66.0,30
2025년 국가 공공기관 보안 위협 사례 및 대응(1차),21,instructor,공공기관 모바일기기 적용 보안 위협 및 대응(강사: 변정수 교수) 과목의 강의 만족도(강의 준비 및 스킬 등)는?,만족,8,26.0,30
2025년 국가 공공기관 보안 위협 사례 및 대응(1차),21,instructor,공공기관 모바일기기 적용 보안 위협 및 대응(강사: 변정수 교수) 과목의 강의 만족도(강의 준비 및 스킬 등)는?,보통,2,6.0,30
2025년 국가 공공기관 보안 위협 사례 및 대응(1차),21,instructor,공공기관 모바일기기 적용 보안 위협 및 대응(강사: 변정수 교수) 과목의 강의 만족도(강의 준비 및 스킬 등)는?,불만족,0,0.0,30
2025년 국가 공공기관 보안 위협 사례 및 대응(1차),21,instructor,공공기관 모바일기기 적용 보안 위협 및 대응(강사: 변정수 교수) 과목의 강의 만족도(강의 준비 및 스킬 등)는?,매우 불만족,0,0.0,30
2025년 국가 공공기관 보안 위협 사례 및 대응(1차),22,instructor,공공기관 모바일기기 적용 보안 위협 및 대응(강사: 변정수 교수) 과목의 강의 내용 만족도(강의 컨텐츠 구성 등)는?,매우 만족,19,63.0,30
2025년 국가 공공기관 보안 위협 사례 및 대응(1차),22,instructor,공공기관 모바일기기 적용 보안 위협 및 대응(강사: 변정수 교수) 과목의 강의 내용 만족도(강의 컨텐츠 구성 등)는?,만족,10,33.0,30
2025년 국가 공공기관 보안 위협 사례 및 대응(1차),22,instructor,공공기관 모바일기기 적용 보안 위협 및 대응(강사: 변정수 교수) 과목의 강의 내용 만족도(강의 컨텐츠 구성 등)는?,보통,1,3.0,30
2025년 국가 공공기관 보안 위협 사례 및 대응(1차),22,instructor,공공기관 모바일기기 적용 보안 위협 및 대응(강사: 변정수 교수) 과목의 강의 내용 만족도(강의 컨텐츠 구성 등)는?,불만족,0,0.0,30
2025년 국가 공공기관 보안 위협 사례 및 대응(1차),22,instructor,공공기관 모바일기기 적용 보안 위협 및 대응(강사: 변정수 교수) 과목의 강의 내용 만족도(강의 컨텐츠 구성 등)는?,매우 불만족,0,0.0,30
2025년 국가 공공기관 보안 위협 사례 및 대응(1차),23,instructor,최신 보안 침해사고 사례 및 분석(강사: 진철규 팀장) 과목의 강의 만족도(강의 준비 및 스킬 등)는?,매우 만족,21,70.0,30
2025년 국가 공공기관 보안 위협 사례 및 대응(1차),23,instructor,최신 보안 침해사고 사례 및 분석(강사: 진철규 팀장) 과목의 강의 만족도(강의 준비 및 스킬 등)는?, 만족,8,26.0,30
2025년 국가 공공기관 보안 위협 사례 및 대응(1차),23,instructor,최신 보안 침해사고 사례 및 분석(강사: 진철규 팀장) 과목의 강의 만족도(강의 준비 및 스킬 등)는?,보통,1,3.0,30
2025년 국가 공공기관 보안 위협 사례 및 대응(1차),23,instructor,최신 보안 침해사고 사례 및 분석(강사: 진철규 팀장) 과목의 강의 만족도(강의 준비 및 스킬 등)는?,불만족,0,0.0,30
2025년 국가 공공기관 보안 위협 사례 및 대응(1차),23,instructor,최신 보안 침해사고 사례 및 분석(강사: 진철규 팀장) 과목의 강의 만족도(강의 준비 및 스킬 등)는?,매우 불만족,0,0.0,30
2025년 국가 공공기관 보안 위협 사례 및 대응(1차),24,instructor,최신 보안 침해사고 사례 및 분석(강사: 진철규 팀장) 과목의 강의 내용 만족도(강의 컨텐츠 구성 등)는?,매우 만족,21,70.0,30
2025년 국가 공공기관 보안 위협 사례 및 대응(1차),24,instructor,최신 보안 침해사고 사례 및 분석(강사: 진철규 팀장) 과목의 강의 내용 만족도(강의 컨텐츠 구성 등)는?,만족,8,26.0,30
2025년 국가 공공기관 보안 위협 사례 및 대응(1차),24,instructor,최신 보안 침해사고 사례 및 분석(강사: 진철규 팀장) 과목의 강의 내용 만족도(강의 컨텐츠 구성 등)는?,보통,1,3.0,30
2025년 국가 공공기관 보안 위협 사례 및 대응(1차),24,instructor,최신 보안 침해사고 사례 및 분석(강사: 진철규 팀장) 과목의 강의 내용 만족도(강의 컨텐츠 구성 등)는?,불만족,0,0.0,30
2025년 국가 공공기관 보안 위협 사례 및 대응(1차),24,instructor,최신 보안 침해사고 사례 및 분석(강사: 진철규 팀장) 과목의 강의 내용 만족도(강의 컨텐츠 구성 등)는?,매우 불만족,0,0.0,30
2025년 국가 공공기관 보안 위협 사례 및 대응(1차),25,instructor,보안 취약점 관리와 모의해킹 이해(강사: 김영주 대표) 과목의 강의 만족도(강의 준비 및 스킬 등)는?,매우 만족,18,60.0,30
2025년 국가 공공기관 보안 위협 사례 및 대응(1차),25,instructor,보안 취약점 관리와 모의해킹 이해(강사: 김영주 대표) 과목의 강의 만족도(강의 준비 및 스킬 등)는?,만족,8,26.0,30
2025년 국가 공공기관 보안 위협 사례 및 대응(1차),25,instructor,보안 취약점 관리와 모의해킹 이해(강사: 김영주 대표) 과목의 강의 만족도(강의 준비 및 스킬 등)는?,보통,4,13.0,30
2025년 국가 공공기관 보안 위협 사례 및 대응(1차),25,instructor,보안 취약점 관리와 모의해킹 이해(강사: 김영주 대표) 과목의 강의 만족도(강의 준비 및 스킬 등)는?,불만족,0,0.0,30
2025년 국가 공공기관 보안 위협 사례 및 대응(1차),25,instructor,보안 취약점 관리와 모의해킹 이해(강사: 김영주 대표) 과목의 강의 만족도(강의 준비 및 스킬 등)는?,매우 불만족,0,0.0,30
2025년 국가 공공기관 보안 위협 사례 및 대응(1차),26,instructor,보안 취약점 관리와 모의해킹 이해(강사: 김영주 대표) 과목의 강의 내용 만족도(강의 컨텐츠 구성 등)는?,매우 만족,19,63.0,30
2025년 국가 공공기관 보안 위협 사례 및 대응(1차),26,instructor,보안 취약점 관리와 모의해킹 이해(강사: 김영주 대표) 과목의 강의 내용 만족도(강의 컨텐츠 구성 등)는?,만족,8,26.0,30
2025년 국가 공공기관 보안 위협 사례 및 대응(1차),26,instructor,보안 취약점 관리와 모의해킹 이해(강사: 김영주 대표) 과목의 강의 내용 만족도(강의 컨텐츠 구성 등)는?,보통,3,10.0,30
2025년 국가 공공기관 보안 위협 사례 및 대응(1차),26,instructor,보안 취약점 관리와 모의해킹 이해(강사: 김영주 대표) 과목의 강의 내용 만족도(강의 컨텐츠 구성 등)는?,불만족,0,0.0,30
2025년 국가 공공기관 보안 위협 사례 및 대응(1차),26,instructor,보안 취약점 관리와 모의해킹 이해(강사: 김영주 대표) 과목의 강의 내용 만족도(강의 컨텐츠 구성 등)는?,매우 불만족,0,0.0,30
2025년 국가 공공기관 보안 위협 사례 및 대응(1차),27,instructor,국가 기반시설 보안 위협 사례 및 대응(강사: 정일옥 전문위원) 과목의 강의 만족도(강의 준비 및 스킬 등)는?,매우 만족,19,63.0,30
2025년 국가 공공기관 보안 위협 사례 및 대응(1차),27,instructor,국가 기반시설 보안 위협 사례 및 대응(강사: 정일옥 전문위원) 과목의 강의 만족도(강의 준비 및 스킬 등)는?,만족,10,33.0,30
2025년 국가 공공기관 보안 위협 사례 및 대응(1차),27,instructor,국가 기반시설 보안 위협 사례 및 대응(강사: 정일옥 전문위원) 과목의 강의 만족도(강의 준비 및 스킬 등)는?,보통,1,3.0,30
2025년 국가 공공기관 보안 위협 사례 및 대응(1차),27,instructor,국가 기반시설 보안 위협 사례 및 대응(강사: 정일옥 전문위원) 과목의 강의 만족도(강의 준비 및 스킬 등)는?,불만족,0,0.0,30
2025년 국가 공공기관 보안 위협 사례 및 대응(1차),27,instructor,국가 기반시설 보안 위협 사례 및 대응(강사: 정일옥 전문위원) 과목의 강의 만족도(강의 준비 및 스킬 등)는?,매우 불만족,0,0.0,30
2025년 국가 공공기관 보안 위협 사례 및 대응(1차),28,instructor,국가 기반시설 보안 위협 사례 및 대응(강사: 정일옥 전문위원) 과목의 강의 내용 만족도(강의 컨텐츠 구성 등)는?,매우 만족,20,66.0,30
2025년 국가 공공기관 보안 위협 사례 및 대응(1차),28,instructor,국가 기반시설 보안 위협 사례 및 대응(강사: 정일옥 전문위원) 과목의 강의 내용 만족도(강의 컨텐츠 구성 등)는?,만족,8,26.0,30
2025년 국가 공공기관 보안 위협 사례 및 대응(1차),28,instructor,국가 기반시설 보안 위협 사례 및 대응(강사: 정일옥 전문위원) 과목의 강의 내용 만족도(강의 컨텐츠 구성 등)는?,보통,2,6.0,30
2025년 국가 공공기관 보안 위협 사례 및 대응(1차),28,instructor,국가 기반시설 보안 위협 사례 및 대응(강사: 정일옥 전문위원) 과목의 강의 내용 만족도(강의 컨텐츠 구성 등)는?,불만족,0,0.0,30
2025년 국가 공공기관 보안 위협 사례 및 대응(1차),28,instructor,국가 기반시설 보안 위협 사례 및 대응(강사: 정일옥 전문위원) 과목의 강의 내용 만족도(강의 컨텐츠 구성 등)는?,매우 불만족,0,0.0,30
2025년 국가 공공기관 보안 위협 사례 및 대응(2차),1,other,귀하께서는 어떤 목적으로 이번 사이버안보훈련센터의 교육과정을 수강하셨습니까?,보안 인식 제고,7,36.0,19
2025년 국가 공공기관 보안 위협 사례 및 대응(2차),1,other,귀하께서는 어떤 목적으로 이번 사이버안보훈련센터의 교육과정을 수강하셨습니까?,보안기술 능력 향상,4,21.0,19
2025년 국가 공공기관 보안 위협 사례 및 대응(2차),1,other,귀하께서는 어떤 목적으로 이번 사이버안보훈련센터의 교육과정을 수강하셨습니까?,업무에의 활용,3,15.0,19
2025년 국가 공공기관 보안 위협 사례 및 대응(2차),1,other,귀하께서는 어떤 목적으로 이번 사이버안보훈련센터의 교육과정을 수강하셨습니까?,교육 의무 시간 이수,5,26.0,19
2025년 국가 공공기관 보안 위협 사례 및 대응(2차),1,other,귀하께서는 어떤 목적으로 이번 사이버안보훈련센터의 교육과정을 수강하셨습니까?,상급자 / 동료의 추천,0,0.0,19
2025년 국가 공공기관 보안 위협 사례 및 대응(2차),1,other,귀하께서는 어떤 목적으로 이번 사이버안보훈련센터의 교육과정을 수강하셨습니까?,기타,0,0.0,19
2025년 국가 공공기관 보안 위협 사례 및 대응(2차),2,difficulty,이번 교육의 난이도는 어떠하였습니까?,쉽다,0,0.0,19
2025년 국가 공공기관 보안 위협 사례 및 대응(2차),2,difficulty,이번 교육의 난이도는 어떠하였습니까?,적당하다,19,100.0,19
2025년 국가 공공기관 보안 위협 사례 및 대응(2차),2,difficulty,이번 교육의 난이도는 어떠하였습니까?,어렵다,0,0.0,19
2025년 국가 공공기관 보안 위협 사례 및 대응(2차),4,satisfaction,이번 교육의 만족도는 어떠하였습니까?,높음,16,84.0,19
2025년 국가 공공기관 보안 위협 사례 및 대응(2차),4,satisfaction,이번 교육의 만족도는 어떠하였습니까?,보통이다,3,15.0,19
2025년 국가 공공기관 보안 위협 사례 및 대응(2차),4,satisfaction,이번 교육의 만족도는 어떠하였습니까?,낮음,0,0.0,19
2025년 국가 공공기관 보안 위협 사례 및 대응(2차),6,utility,이번 교육의 업무 활용도는 어떠하십니까?,높음,12,63.0,19
2025년 국가 공공기관 보안 위협 사례 및 대응(2차),6,utility,이번 교육의 업무 활용도는 어떠하십니까?,보통이다,6,31.0,19
2025년 국가 공공기관 보안 위협 사례 및 대응(2차),6,utility,이번 교육의 업무 활용도는 어떠하십니까?,낮음,1,5.0,19
2025년 국가 공공기관 보안 위협 사례 및 대응(2차),8,diff_inst,다른 기관과의 교육 차별성은 어떠하십니까?,차별성 있다,14,73.0,19
2025년 국가 공공기관 보안 위협 사례 및 대응(2차),8,diff_inst,다른 기관과의 교육 차별성은 어떠하십니까?,보통이다,3,15.0,19
2025년 국가 공공기관 보안 위협 사례 및 대응(2차),8,diff_inst,다른 기관과의 교육 차별성은 어떠하십니까?,차별성없다,2,10.0,19
2025년 국가 공공기관 보안 위협 사례 및 대응(2차),10,duration,교육 시간은 적절하다고 생각하십니까?,적절하다,15,78.0,19
2025년 국가 공공기관 보안 위협 사례 및 대응(2차),10,duration,교육 시간은 적절하다고 생각하십니까?,보통이다,4,21.0,19
2025년 국가 공공기관 보안 위협 사례 및 대응(2차),10,duration,교육 시간은 적절하다고 생각하십니까?,적절하지 않다.,0,0.0,19
2025년 국가 공공기관 보안 위협 사례 및 대응(2차),12,other,본 교육의 가장 적당한 교육기간은 며칠이라고 생각하십니까?,2일,3,15.0,19
2025년 국가 공공기관 보안 위협 사례 및 대응(2차),12,other,본 교육의 가장 적당한 교육기간은 며칠이라고 생각하십니까?,3일,13,68.0,19
2025년 국가 공공기관 보안 위협 사례 및 대응(2차),12,other,본 교육의 가장 적당한 교육기간은 며칠이라고 생각하십니까?,3일 초과,3,15.0,19
2025년 국가 공공기관 보안 위협 사례 및 대응(2차),13,needs,"국가공공 기관 및 정보통신기반시설의 정보화, 정보보호 담당자에게 꼭 필요한 사이버안보 교육에는 어떤 것이 있을까요?",포렌식 분야 교육/훈련,1,5.0,19
2025년 국가 공공기관 보안 위협 사례 및 대응(2차),13,needs,"국가공공 기관 및 정보통신기반시설의 정보화, 정보보호 담당자에게 꼭 필요한 사이버안보 교육에는 어떤 것이 있을까요?",악성코드 분석 교육/훈련,1,5.0,19
2025년 국가 공공기관 보안 위협 사례 및 대응(2차),13,needs,"국가공공 기관 및 정보통신기반시설의 정보화, 정보보호 담당자에게 꼭 필요한 사이버안보 교육에는 어떤 것이 있을까요?",모바일 분야 교육/훈련,1,5.0,19
2025년 국가 공공기관 보안 위협 사례 및 대응(2차),13,needs,"국가공공 기관 및 정보통신기반시설의 정보화, 정보보호 담당자에게 꼭 필요한 사이버안보 교육에는 어떤 것이 있을까요?",무선랜 해킹 관련 교육/훈련,0,0.0,19
2025년 국가 공공기관 보안 위협 사례 및 대응(2차),13,needs,"국가공공 기관 및 정보통신기반시설의 정보화, 정보보호 담당자에게 꼭 필요한 사이버안보 교육에는 어떤 것이 있을까요?",서버 취약점 공격 대응 교육/훈련,3,15.0,19
2025년 국가 공공기관 보안 위협 사례 및 대응(2차),13,needs,"국가공공 기관 및 정보통신기반시설의 정보화, 정보보호 담당자에게 꼭 필요한 사이버안보 교육에는 어떤 것이 있을까요?",시스템 보안강화(System Hardening) 교육/훈련,4,21.0,19
2025년 국가 공공기관 보안 위협 사례 및 대응(2차),13,needs,"국가공공 기관 및 정보통신기반시설의 정보화, 정보보호 담당자에게 꼭 필요한 사이버안보 교육에는 어떤 것이 있을까요?",정보유출 사건에 대한 교육/훈련,5,26.0,19
2025년 국가 공공기관 보안 위협 사례 및 대응(2차),13,needs,"국가공공 기관 및 정보통신기반시설의 정보화, 정보보호 담당자에게 꼭 필요한 사이버안보 교육에는 어떤 것이 있을까요?",정보보호 시스템 관리 교육/훈련,4,21.0,19
2025년 국가 공공기관 보안 위협 사례 및 대응(2차),16,instructor,우주 사이버보안 이슈(강사: 박현동 실장) 과목의 강의 만족도(강의 준비 및 스킬 등)는?,매우 만족,9,47.0,19
2025년 국가 공공기관 보안 위협 사례 및 대응(2차),16,instructor,우주 사이버보안 이슈(강사: 박현동 실장) 과목의 강의 만족도(강의 준비 및 스킬 등)는?,만족,7,36.0,19
2025년 국가 공공기관 보안 위협 사례 및 대응(2차),16,instructor,우주 사이버보안 이슈(강사: 박현동 실장) 과목의 강의 만족도(강의 준비 및 스킬 등)는?,보통,3,15.0,19
2025년 국가 공공기관 보안 위협 사례 및 대응(2차),16,instructor,우주 사이버보안 이슈(강사: 박현동 실장) 과목의 강의 만족도(강의 준비 및 스킬 등)는?,불만족,0,0.0,19
2025년 국가 공공기관 보안 위협 사례 및 대응(2차),16,instructor,우주 사이버보안 이슈(강사: 박현동 실장) 과목의 강의 만족도(강의 준비 및 스킬 등)는?,매우 불만족,0,0.0,19
2025년 국가 공공기관 보안 위협 사례 및 대응(2차),17,instructor,우주 사이버보안 이슈(강사: 박현동 실장) 과목의 강의 내용 만족도(강의 컨텐츠 구성 등)는?,매우 만족,9,47.0,19
2025년 국가 공공기관 보안 위협 사례 및 대응(2차),17,instructor,우주 사이버보안 이슈(강사: 박현동 실장) 과목의 강의 내용 만족도(강의 컨텐츠 구성 등)는?,만족,6,31.0,19
2025년 국가 공공기관 보안 위협 사례 및 대응(2차),17,instructor,우주 사이버보안 이슈(강사: 박현동 실장) 과목의 강의 내용 만족도(강의 컨텐츠 구성 등)는?,보통,4,21.0,19
2025년 국가 공공기관 보안 위협 사례 및 대응(2차),17,instructor,우주 사이버보안 이슈(강사: 박현동 실장) 과목의 강의 내용 만족도(강의 컨텐츠 구성 등)는?,불만족,0,0.0,19
2025년 국가 공공기관 보안 위협 사례 및 대응(2차),17,instructor,우주 사이버보안 이슈(강사: 박현동 실장) 과목의 강의 내용 만족도(강의 컨텐츠 구성 등)는?,매우 불만족,0,0.0,19
2025년 국가 공공기관 보안 위협 사례 및 대응(2차),18,instructor,랜섬웨어 보안 위협 및 대응(강사: 최석우 실장) 과목의 강의 만족도(강의 준비 및 스킬 등)는?,매우 만족,10,52.0,19
2025년 국가 공공기관 보안 위협 사례 및 대응(2차),18,instructor,랜섬웨어 보안 위협 및 대응(강사: 최석우 실장) 과목의 강의 만족도(강의 준비 및 스킬 등)는?,만족,7,36.0,19
2025년 국가 공공기관 보안 위협 사례 및 대응(2차),18,instructor,랜섬웨어 보안 위협 및 대응(강사: 최석우 실장) 과목의 강의 만족도(강의 준비 및 스킬 등)는?,보통,2,10.0,19
2025년 국가 공공기관 보안 위협 사례 및 대응(2차),18,instructor,랜섬웨어 보안 위협 및 대응(강사: 최석우 실장) 과목의 강의 만족도(강의 준비 및 스킬 등)는?,불만족,0,0.0,19
2025년 국가 공공기관 보안 위협 사례 및 대응(2차),18,instructor,랜섬웨어 보안 위협 및 대응(강사: 최석우 실장) 과목의 강의 만족도(강의 준비 및 스킬 등)는?,매우 불만족,0,0.0,19
2025년 국가 공공기관 보안 위협 사례 및 대응(2차),19,instructor,랜섬웨어 보안 위협 및 대응(강사: 최석우 실장) 과목의 강의 내용 만족도(강의 컨텐츠 구성 등)는?,매우 만족,11,57.0,19
2025년 국가 공공기관 보안 위협 사례 및 대응(2차),19,instructor,랜섬웨어 보안 위협 및 대응(강사: 최석우 실장) 과목의 강의 내용 만족도(강의 컨텐츠 구성 등)는?,만족,6,31.0,19
2025년 국가 공공기관 보안 위협 사례 및 대응(2차),19,instructor,랜섬웨어 보안 위협 및 대응(강사: 최석우 실장) 과목의 강의 내용 만족도(강의 컨텐츠 구성 등)는?,보통,2,10.0,19
2025년 국가 공공기관 보안 위협 사례 및 대응(2차),19,instructor,랜섬웨어 보안 위협 및 대응(강사: 최석우 실장) 과목의 강의 내용 만족도(강의 컨텐츠 구성 등)는?,불만족,0,0.0,19
2025년 국가 공공기관 보안 위협 사례 및 대응(2차),19,instructor,랜섬웨어 보안 위협 및 대응(강사: 최석우 실장) 과목의 강의 내용 만족도(강의 컨텐츠 구성 등)는?,매우 불만족,0,0.0,19
2025년 국가 공공기관 보안 위협 사례 및 대응(2차),20,instructor,침해사고 데이터 분석 및 사례(강사: 김진국 대표) 과목의 강의 만족도(강의 준비 및 스킬 등)는?,매우 만족,13,68.0,19
2025년 국가 공공기관 보안 위협 사례 및 대응(2차),20,instructor,침해사고 데이터 분석 및 사례(강사: 김진국 대표) 과목의 강의 만족도(강의 준비 및 스킬 등)는?,만족,3,15.0,19
2025년 국가 공공기관 보안 위협 사례 및 대응(2차),20,instructor,침해사고 데이터 분석 및 사례(강사: 김진국 대표) 과목의 강의 만족도(강의 준비 및 스킬 등)는?,보통,3,15.0,19
2025년 국가 공공기관 보안 위협 사례 및 대응(2차),20,instructor,침해사고 데이터 분석 및 사례(강사: 김진국 대표) 과목의 강의 만족도(강의 준비 및 스킬 등)는?,불만족,0,0.0,19
2025년 국가 공공기관 보안 위협 사례 및 대응(2차),20,instructor,침해사고 데이터 분석 및 사례(강사: 김진국 대표) 과목의 강의 만족도(강의 준비 및 스킬 등)는?,매우 불만족,0,0.0,19
2025년 국가 공공기관 보안 위협 사례 및 대응(2차),21,instructor,침해사고 데이터 분석 및 사례(강사: 김진국 대표) 과목의 강의 내용 만족도(강의 컨텐츠 구성 등)는?,매우 만족,13,68.0,19
2025년 국가 공공기관 보안 위협 사례 및 대응(2차),21,instructor,침해사고 데이터 분석 및 사례(강사: 김진국 대표) 과목의 강의 내용 만족도(강의 컨텐츠 구성 등)는?,만족,3,15.0,19
2025년 국가 공공기관 보안 위협 사례 및 대응(2차),21,instructor,침해사고 데이터 분석 및 사례(강사: 김진국 대표) 과목의 강의 내용 만족도(강의 컨텐츠 구성 등)는?,보통,3,15.0,19
2025년 국가 공공기관 보안 위협 사례 및 대응(2차),21,instructor,침해사고 데이터 분석 및 사례(강사: 김진국 대표) 과목의 강의 내용 만족도(강의 컨텐츠 구성 등)는?,불만족,0,0.0,19
2025년 국가 공공기관 보안 위협 사례 및 대응(2차),21,instructor,침해사고 데이터 분석 및 사례(강사: 김진국 대표) 과목의 강의 내용 만족도(강의 컨텐츠 구성 등)는?,매우 불만족,0,0.0,19
2025년 국가 공공기관 보안 위협 사례 및 대응(2차),22,instructor,생성형 AI 기반 보안 위협 및 대응 전략(강사: 정일옥 전문위원) 과목의 강의 만족도(강의 준비 및 스킬 등)는?,매우 만족,10,52.0,19
2025년 국가 공공기관 보안 위협 사례 및 대응(2차),22,instructor,생성형 AI 기반 보안 위협 및 대응 전략(강사: 정일옥 전문위원) 과목의 강의 만족도(강의 준비 및 스킬 등)는?,만족,6,31.0,19
2025년 국가 공공기관 보안 위협 사례 및 대응(2차),22,instructor,생성형 AI 기반 보안 위협 및 대응 전략(강사: 정일옥 전문위원) 과목의 강의 만족도(강의 준비 및 스킬 등)는?,보통,3,15.0,19
2025년 국가 공공기관 보안 위협 사례 및 대응(2차),22,instructor,생성형 AI 기반 보안 위협 및 대응 전략(강사: 정일옥 전문위원) 과목의 강의 만족도(강의 준비 및 스킬 등)는?,불만족,0,0.0,19
2025년 국가 공공기관 보안 위협 사례 및 대응(2차),22,instructor,생성형 AI 기반 보안 위협 및 대응 전략(강사: 정일옥 전문위원) 과목의 강의 만족도(강의 준비 및 스킬 등)는?,매우 불만족,0,0.0,19
2025년 국가 공공기관 보안 위협 사례 및 대응(2차),23,instructor,생성형 AI 기반 보안 위협 및 대응 전략(강사: 정일옥 전문위원) 과목의 강의 내용 만족도(강의 컨텐츠 구성 등)는?,매우 만족,10,52.0,19
2025년 국가 공공기관 보안 위협 사례 및 대응(2차),23,instructor,생성형 AI 기반 보안 위협 및 대응 전략(강사: 정일옥 전문위원) 과목의 강의 내용 만족도(강의 컨텐츠 구성 등)는?, 만족,5,26.0,19
2025년 국가 공공기관 보안 위협 사례 및 대응(2차),23,instructor,생성형 AI 기반 보안 위협 및 대응 전략(강사: 정일옥 전문위원) 과목의 강의 내용 만족도(강의 컨텐츠 구성 등)는?,보통,4,21.0,19
2025년 국가 공공기관 보안 위협 사례 및 대응(2차),23,instructor,생성형 AI 기반 보안 위협 및 대응 전략(강사: 정일옥 전문위원) 과목의 강의 내용 만족도(강의 컨텐츠 구성 등)는?,불만족,0,0.0,19
2025년 국가 공공기관 보안 위협 사례 및 대응(2차),23,instructor,생성형 AI 기반 보안 위협 및 대응 전략(강사: 정일옥 전문위원) 과목의 강의 내용 만족도(강의 컨텐츠 구성 등)는?,매우 불만족,0,0.0,19
2025년 국가 공공기관 보안 위협 사례 및 대응(2차),24,instructor,국가 기반시설 대상 침해사고 대응(강사: 김미희 팀장) 과목의 강의 만족도(강의 준비 및 스킬 등)는?,매우 만족,12,63.0,19
2025년 국가 공공기관 보안 위협 사례 및 대응(2차),24,instructor,국가 기반시설 대상 침해사고 대응(강사: 김미희 팀장) 과목의 강의 만족도(강의 준비 및 스킬 등)는?,만족,6,31.0,19
2025년 국가 공공기관 보안 위협 사례 및 대응(2차),24,instructor,국가 기반시설 대상 침해사고 대응(강사: 김미희 팀장) 과목의 강의 만족도(강의 준비 및 스킬 등)는?,보통,1,5.0,19
2025년 국가 공공기관 보안 위협 사례 및 대응(2차),24,instructor,국가 기반시설 대상 침해사고 대응(강사: 김미희 팀장) 과목의 강의 만족도(강의 준비 및 스킬 등)는?,불만족,0,0.0,19
2025년 국가 공공기관 보안 위협 사례 및 대응(2차),24,instructor,국가 기반시설 대상 침해사고 대응(강사: 김미희 팀장) 과목의 강의 만족도(강의 준비 및 스킬 등)는?,매우 불만족,0,0.0,19
2025년 국가 공공기관 보안 위협 사례 및 대응(2차),25,instructor,국가 기반시설 대상 침해사고 대응(강사: 김미희 팀장) 과목의 강의 내용 만족도(강의 컨텐츠 구성 등)는?,매우 만족,12,63.0,19
2025년 국가 공공기관 보안 위협 사례 및 대응(2차),25,instructor,국가 기반시설 대상 침해사고 대응(강사: 김미희 팀장) 과목의 강의 내용 만족도(강의 컨텐츠 구성 등)는?,만족,6,31.0,19
2025년 국가 공공기관 보안 위협 사례 및 대응(2차),25,instructor,국가 기반시설 대상 침해사고 대응(강사: 김미희 팀장) 과목의 강의 내용 만족도(강의 컨텐츠 구성 등)는?,보통,1,5.0,19
2025년 국가 공공기관 보안 위협 사례 및 대응(2차),25,instructor,국가 기반시설 대상 침해사고 대응(강사: 김미희 팀장) 과목의 강의 내용 만족도(강의 컨텐츠 구성 등)는?,불만족,0,0.0,19
2025년 국가 공공기관 보안 위협 사례 및 대응(2차),25,instructor,국가 기반시설 대상 침해사고 대응(강사: 김미희 팀장) 과목의 강의 내용 만족도(강의 컨텐츠 구성 등)는?,매우 불만족,0,0.0,19
2025년 국가 공공기관 보안 위협 사례 및 대응(2차),26,instructor,보안 취약점 관리와 모의해킹 이해(강사: 김영주 대표) 과목의 강의 만족도(강의 준비 및 스킬 등)는?,매우 만족,7,36.0,19
2025년 국가 공공기관 보안 위협 사례 및 대응(2차),26,instructor,보안 취약점 관리와 모의해킹 이해(강사: 김영주 대표) 과목의 강의 만족도(강의 준비 및 스킬 등)는?,만족,7,36.0,19
2025년 국가 공공기관 보안 위협 사례 및 대응(2차),26,instructor,보안 취약점 관리와 모의해킹 이해(강사: 김영주 대표) 과목의 강의 만족도(강의 준비 및 스킬 등)는?,보통,3,15.0,19
2025년 국가 공공기관 보안 위협 사례 및 대응(2차),26,instructor,보안 취약점 관리와 모의해킹 이해(강사: 김영주 대표) 과목의 강의 만족도(강의 준비 및 스킬 등)는?,불만족,2,10.0,19
2025년 국가 공공기관 보안 위협 사례 및 대응(2차),26,instructor,보안 취약점 관리와 모의해킹 이해(강사: 김영주 대표) 과목의 강의 만족도(강의 준비 및 스킬 등)는?,매우 불만족,0,0.0,19
2025년 국가 공공기관 보안 위협 사례 및 대응(2차),27,instructor,보안 취약점 관리와 모의해킹 이해(강사: 김영주 대표) 과목의 강의 내용 만족도(강의 컨텐츠 구성 등)는?,매우 만족,7,36.0,19
2025년 국가 공공기관 보안 위협 사례 및 대응(2차),27,instructor,보안 취약점 관리와 모의해킹 이해(강사: 김영주 대표) 과목의 강의 내용 만족도(강의 컨텐츠 구성 등)는?,만족,6,31.0,19
2025년 국가 공공기관 보안 위협 사례 및 대응(2차),27,instructor,보안 취약점 관리와 모의해킹 이해(강사: 김영주 대표) 과목의 강의 내용 만족도(강의 컨텐츠 구성 등)는?,보통,2,10.0,19
2025년 국가 공공기관 보안 위협 사례 및 대응(2차),27,instructor,보안 취약점 관리와 모의해킹 이해(강사: 김영주 대표) 과목의 강의 내용 만족도(강의 컨텐츠 구성 등)는?,불만족,4,21.0,19
2025년 국가 공공기관 보안 위협 사례 및 대응(2차),27,instructor,보안 취약점 관리와 모의해킹 이해(강사: 김영주 대표) 과목의 강의 내용 만족도(강의 컨텐츠 구성 등)는?,매우 불만족,0,0.0,19
2025년 국가 공공기관 보안 위협 사례 및 대응(2차),28,instructor,공공기관 침해사고 사례(강사: 진철규 팀장) 과목의 강의 만족도(강의 준비 및 스킬 등)는?,매우 만족,16,84.0,19
2025년 국가 공공기관 보안 위협 사례 및 대응(2차),28,instructor,공공기관 침해사고 사례(강사: 진철규 팀장) 과목의 강의 만족도(강의 준비 및 스킬 등)는?,만족,2,10.0,19
2025년 국가 공공기관 보안 위협 사례 및 대응(2차),28,instructor,공공기관 침해사고 사례(강사: 진철규 팀장) 과목의 강의 만족도(강의 준비 및 스킬 등)는?,보통,1,5.0,19
2025년 국가 공공기관 보안 위협 사례 및 대응(2차),28,instructor,공공기관 침해사고 사례(강사: 진철규 팀장) 과목의 강의 만족도(강의 준비 및 스킬 등)는?,불만족,0,0.0,19
2025년 국가 공공기관 보안 위협 사례 및 대응(2차),28,instructor,공공기관 침해사고 사례(강사: 진철규 팀장) 과목의 강의 만족도(강의 준비 및 스킬 등)는?,매우 불만족,0,0.0,19
2025년 국가 공공기관 보안 위협 사례 및 대응(2차),29,instructor,공공기관 침해사고 사례(강사: 진철규 팀장) 과목의 강의 내용 만족도(강의 컨텐츠 구성 등)는?,매우 만족,16,84.0,19
2025년 국가 공공기관 보안 위협 사례 및 대응(2차),29,instructor,공공기관 침해사고 사례(강사: 진철규 팀장) 과목의 강의 내용 만족도(강의 컨텐츠 구성 등)는?, 만족,2,10.0,19
2025년 국가 공공기관 보안 위협 사례 및 대응(2차),29,instructor,공공기관 침해사고 사례(강사: 진철규 팀장) 과목의 강의 내용 만족도(강의 컨텐츠 구성 등)는?,보통,1,5.0,19
2025년 국가 공공기관 보안 위협 사례 및 대응(2차),29,instructor,공공기관 침해사고 사례(강사: 진철규 팀장) 과목의 강의 내용 만족도(강의 컨텐츠 구성 등)는?,불만족,0,0.0,19
2025년 국가 공공기관 보안 위협 사례 및 대응(2차),29,instructor,공공기관 침해사고 사례(강사: 진철규 팀장) 과목의 강의 내용 만족도(강의 컨텐츠 구성 등)는?,매우 불만족,0,0.0,19
2025년 국가 공공기관 보안 위협 사례 및 대응(2차),30,instructor,네트워크 취약점 CTF(Capture The Flag) 실습(강사: 송명준 선연) 과목의 강의 만족도(강의 준비 및 스킬 등)는?,매우 만족,12,63.0,19
2025년 국가 공공기관 보안 위협 사례 및 대응(2차),30,instructor,네트워크 취약점 CTF(Capture The Flag) 실습(강사: 송명준 선연) 과목의 강의 만족도(강의 준비 및 스킬 등)는?,만족,6,31.0,19
2025년 국가 공공기관 보안 위협 사례 및 대응(2차),30,instructor,네트워크 취약점 CTF(Capture The Flag) 실습(강사: 송명준 선연) 과목의 강의 만족도(강의 준비 및 스킬 등)는?,보통,1,5.0,19
2025년 국가 공공기관 보안 위협 사례 및 대응(2차),30,instructor,네트워크 취약점 CTF(Capture The Flag) 실습(강사: 송명준 선연) 과목의 강의 만족도(강의 준비 및 스킬 등)는?,불만족,0,0.0,19
2025년 국가 공공기관 보안 위협 사례 및 대응(2차),30,instructor,네트워크 취약점 CTF(Capture The Flag) 실습(강사: 송명준 선연) 과목의 강의 만족도(강의 준비 및 스킬 등)는?,매우 불만족,0,0.0,19
2025년 국가 공공기관 보안 위협 사례 및 대응(2차),31,instructor,네트워크 취약점 CTF(Capture The Flag) 실습(강사: 송명준 선연) 과목의 강의 내용 만족도(강의 컨텐츠 구성 등)는?,매우 만족,12,63.0,19
2025년 국가 공공기관 보안 위협 사례 및 대응(2차),31,instructor,네트워크 취약점 CTF(Capture The Flag) 실습(강사: 송명준 선연) 과목의 강의 내용 만족도(강의 컨텐츠 구성 등)는?,만족,6,31.0,19
2025년 국가 공공기관 보안 위협 사례 및 대응(2차),31,instructor,네트워크 취약점 CTF(Capture The Flag) 실습(강사: 송명준 선연) 과목의 강의 내용 만족도(강의 컨텐츠 구성 등)는?,보통,1,5.0,19
2025년 국가 공공기관 보안 위협 사례 및 대응(2차),31,instructor,네트워크 취약점 CTF(Capture The Flag) 실습(강사: 송명준 선연) 과목의 강의 내용 만족도(강의 컨텐츠 구성 등)는?,불만족,0,0.0,19
2025년 국가 공공기관 보안 위협 사례 및 대응(2차),31,instructor,네트워크 취약점 CTF(Capture The Flag) 실습(강사: 송명준 선연) 과목의 강의 내용 만족도(강의 컨텐츠 구성 등)는?,매우 불만족,0,0.0,19
2025년 국가 공공기관 보안 위협 사례 및 대응(2차),32,instructor,공공기관 모바일기기 적용 보안 위협 및 대응(강사: 이정환 공업연구사) 과목의 강의 만족도(강의 준비 및 스킬 등)는?,매우 만족,10,52.0,19
2025년 국가 공공기관 보안 위협 사례 및 대응(2차),32,instructor,공공기관 모바일기기 적용 보안 위협 및 대응(강사: 이정환 공업연구사) 과목의 강의 만족도(강의 준비 및 스킬 등)는?,만족,7,36.0,19
2025년 국가 공공기관 보안 위협 사례 및 대응(2차),32,instructor,공공기관 모바일기기 적용 보안 위협 및 대응(강사: 이정환 공업연구사) 과목의 강의 만족도(강의 준비 및 스킬 등)는?,보통,2,10.0,19
2025년 국가 공공기관 보안 위협 사례 및 대응(2차),32,instructor,공공기관 모바일기기 적용 보안 위협 및 대응(강사: 이정환 공업연구사) 과목의 강의 만족도(강의 준비 및 스킬 등)는?,불만족,0,0.0,19
2025년 국가 공공기관 보안 위협 사례 및 대응(2차),32,instructor,공공기관 모바일기기 적용 보안 위협 및 대응(강사: 이정환 공업연구사) 과목의 강의 만족도(강의 준비 및 스킬 등)는?,매우 불만족,0,0.0,19
2025년 국가 공공기관 보안 위협 사례 및 대응(2차),33,instructor,공공기관 모바일기기 적용 보안 위협 및 대응(강사: 이정환 공업연구사) 과목의 강의 내용 만족도(강의 컨텐츠 구성 등)는?,매우 만족,10,52.0,19
2025년 국가 공공기관 보안 위협 사례 및 대응(2차),33,instructor,공공기관 모바일기기 적용 보안 위협 및 대응(강사: 이정환 공업연구사) 과목의 강의 내용 만족도(강의 컨텐츠 구성 등)는?,만족,7,36.0,19
2025년 국가 공공기관 보안 위협 사례 및 대응(2차),33,instructor,공공기관 모바일기기 적용 보안 위협 및 대응(강사: 이정환 공업연구사) 과목의 강의 내용 만족도(강의 컨텐츠 구성 등)는?,보통,2,10.0,19
2025년 국가 공공기관 보안 위협 사례 및 대응(2차),33,instructor,공공기관 모바일기기 적용 보안 위협 및 대응(강사: 이정환 공업연구사) 과목의 강의 내용 만족도(강의 컨텐츠 구성 등)는?,불만족,0,0.0,19
2025년 국가 공공기관 보안 위협 사례 및 대응(2차),33,instructor,공공기관 모바일기기 적용 보안 위협 및 대응(강사: 이정환 공업연구사) 과목의 강의 내용 만족도(강의 컨텐츠 구성 등)는?,매우 불만족,0,0.0,19
2025년 국가 공공기관 제로트러스트 사이버보안 교육,1,other,귀하께서는 어떤 목적으로 이번 사이버안보훈련센터의 교육과정을 수강하셨습니까?,보안 인식 제고,9,42.0,21
2025년 국가 공공기관 제로트러스트 사이버보안 교육,1,other,귀하께서는 어떤 목적으로 이번 사이버안보훈련센터의 교육과정을 수강하셨습니까?,보안기술 능력 향상,5,23.0,21
2025년 국가 공공기관 제로트러스트 사이버보안 교육,1,other,귀하께서는 어떤 목적으로 이번 사이버안보훈련센터의 교육과정을 수강하셨습니까?,업무에의 활용,3,14.0,21
2025년 국가 공공기관 제로트러스트 사이버보안 교육,1,other,귀하께서는 어떤 목적으로 이번 사이버안보훈련센터의 교육과정을 수강하셨습니까?,교육 의무 시간 이수,4,19.0,21
2025년 국가 공공기관 제로트러스트 사이버보안 교육,1,other,귀하께서는 어떤 목적으로 이번 사이버안보훈련센터의 교육과정을 수강하셨습니까?,상급자 / 동료의 추천,0,0.0,21
2025년 국가 공공기관 제로트러스트 사이버보안 교육,1,other,귀하께서는 어떤 목적으로 이번 사이버안보훈련센터의 교육과정을 수강하셨습니까?,기타,0,0.0,21
2025년 국가 공공기관 제로트러스트 사이버보안 교육,2,difficulty,이번 교육의 난이도는 어떠하였습니까?,쉽다,0,0.0,21
2025년 국가 공공기관 제로트러스트 사이버보안 교육,2,difficulty,이번 교육의 난이도는 어떠하였습니까?,적당하다,20,95.0,21
2025년 국가 공공기관 제로트러스트 사이버보안 교육,2,difficulty,이번 교육의 난이도는 어떠하였습니까?,어렵다,1,4.0,21
2025년 국가 공공기관 제로트러스트 사이버보안 교육,4,satisfaction,이번 교육의 만족도는 어떠하였습니까?,높음,16,76.0,21
2025년 국가 공공기관 제로트러스트 사이버보안 교육,4,satisfaction,이번 교육의 만족도는 어떠하였습니까?,보통이다,5,23.0,21
2025년 국가 공공기관 제로트러스트 사이버보안 교육,4,satisfaction,이번 교육의 만족도는 어떠하였습니까?,낮음,0,0.0,21
2025년 국가 공공기관 제로트러스트 사이버보안 교육,6,utility,이번 교육의 업무 활용도는 어떠하십니까?,높음,11,52.0,21
2025년 국가 공공기관 제로트러스트 사이버보안 교육,6,utility,이번 교육의 업무 활용도는 어떠하십니까?,보통이다,9,42.0,21
2025년 국가 공공기관 제로트러스트 사이버보안 교육,6,utility,이번 교육의 업무 활용도는 어떠하십니까?,낮음,1,4.0,21
2025년 국가 공공기관 제로트러스트 사이버보안 교육,8,diff_inst,다른 기관과의 교육 차별성은 어떠하십니까?,차별성 있다,18,85.0,21
2025년 국가 공공기관 제로트러스트 사이버보안 교육,8,diff_inst,다른 기관과의 교육 차별성은 어떠하십니까?,보통이다,3,14.0,21
2025년 국가 공공기관 제로트러스트 사이버보안 교육,8,diff_inst,다른 기관과의 교육 차별성은 어떠하십니까?,차별성없다,0,0.0,21
2025년 국가 공공기관 제로트러스트 사이버보안 교육,10,duration,교육 시간은 적절하다고 생각하십니까?,적절하다,16,76.0,21
2025년 국가 공공기관 제로트러스트 사이버보안 교육,10,duration,교육 시간은 적절하다고 생각하십니까?,보통이다,5,23.0,21
2025년 국가 공공기관 제로트러스트 사이버보안 교육,10,duration,교육 시간은 적절하다고 생각하십니까?,적절하지 않다,0,0.0,21
2025년 국가 공공기관 제로트러스트 사이버보안 교육,12,other,본 교육의 가장 적당한 교육기간은 며칠이라고 생각하십니까?,1일,12,57.0,21
2025년 국가 공공기관 제로트러스트 사이버보안 교육,12,other,본 교육의 가장 적당한 교육기간은 며칠이라고 생각하십니까?,2일,7,33.0,21
2025년 국가 공공기관 제로트러스트 사이버보안 교육,12,other,본 교육의 가장 적당한 교육기간은 며칠이라고 생각하십니까?,2일 초과,2,9.0,21
2025년 국가 공공기관 제로트러스트 사이버보안 교육,13,needs,"국가공공 기관 및 정보통신기반시설의 정보화, 정보보호 담당자에게 꼭 필요한 사이버안보 교육에는 어떤 것이 있을까요?",포렌식 분야 교육/훈련,0,0.0,21
2025년 국가 공공기관 제로트러스트 사이버보안 교육,13,needs,"국가공공 기관 및 정보통신기반시설의 정보화, 정보보호 담당자에게 꼭 필요한 사이버안보 교육에는 어떤 것이 있을까요?",악성코드 분석 교육/훈련,1,4.0,21
2025년 국가 공공기관 제로트러스트 사이버보안 교육,13,needs,"국가공공 기관 및 정보통신기반시설의 정보화, 정보보호 담당자에게 꼭 필요한 사이버안보 교육에는 어떤 것이 있을까요?",모바일 분야 교육/훈련,0,0.0,21
2025년 국가 공공기관 제로트러스트 사이버보안 교육,13,needs,"국가공공 기관 및 정보통신기반시설의 정보화, 정보보호 담당자에게 꼭 필요한 사이버안보 교육에는 어떤 것이 있을까요?",무선랜 해킹 관련 교육/훈련,2,9.0,21
2025년 국가 공공기관 제로트러스트 사이버보안 교육,13,needs,"국가공공 기관 및 정보통신기반시설의 정보화, 정보보호 담당자에게 꼭 필요한 사이버안보 교육에는 어떤 것이 있을까요?",서버 취약점 공격 대응 교육/훈련,3,14.0,21
2025년 국가 공공기관 제로트러스트 사이버보안 교육,13,needs,"국가공공 기관 및 정보통신기반시설의 정보화, 정보보호 담당자에게 꼭 필요한 사이버안보 교육에는 어떤 것이 있을까요?",시스템 보안강화(System Hardening) 교육/훈련,10,47.0,21
2025년 국가 공공기관 제로트러스트 사이버보안 교육,13,needs,"국가공공 기관 및 정보통신기반시설의 정보화, 정보보호 담당자에게 꼭 필요한 사이버안보 교육에는 어떤 것이 있을까요?",정보유출 사건에 대한 교육/훈련,4,19.0,21
2025년 국가 공공기관 제로트러스트 사이버보안 교육,13,needs,"국가공공 기관 및 정보통신기반시설의 정보화, 정보보호 담당자에게 꼭 필요한 사이버안보 교육에는 어떤 것이 있을까요?",정보보호 시스템 관리 교육/훈련,1,4.0,21
2025년 국가 공공기관 제로트러스트 사이버보안 교육,17,instructor,제로트러스트의 이해(강사: 양경아 책임) 과목의 강의 만족도(강의 준비 및 스킬 등)는?,매우 만족,15,71.0,21
2025년 국가 공공기관 제로트러스트 사이버보안 교육,17,instructor,제로트러스트의 이해(강사: 양경아 책임) 과목의 강의 만족도(강의 준비 및 스킬 등)는?,만족,6,28.0,21
2025년 국가 공공기관 제로트러스트 사이버보안 교육,17,instructor,제로트러스트의 이해(강사: 양경아 책임) 과목의 강의 만족도(강의 준비 및 스킬 등)는?,보통,0,0.0,21
2025년 국가 공공기관 제로트러스트 사이버보안 교육,17,instructor,제로트러스트의 이해(강사: 양경아 책임) 과목의 강의 만족도(강의 준비 및 스킬 등)는?,불만족,0,0.0,21
2025년 국가 공공기관 제로트러스트 사이버보안 교육,17,instructor,제로트러스트의 이해(강사: 양경아 책임) 과목의 강의 만족도(강의 준비 및 스킬 등)는?,매우 불만족,0,0.0,21
2025년 국가 공공기관 제로트러스트 사이버보안 교육,18,instructor,제로트러스트의 이해(강사: 양경아 책임) 과목의 강의 내용 만족도(강의 컨텐츠 구성 등)는?,매우 만족,15,71.0,21
2025년 국가 공공기관 제로트러스트 사이버보안 교육,18,instructor,제로트러스트의 이해(강사: 양경아 책임) 과목의 강의 내용 만족도(강의 컨텐츠 구성 등)는?,만족,6,28.0,21
2025년 국가 공공기관 제로트러스트 사이버보안 교육,18,instructor,제로트러스트의 이해(강사: 양경아 책임) 과목의 강의 내용 만족도(강의 컨텐츠 구성 등)는?,보통,0,0.0,21
2025년 국가 공공기관 제로트러스트 사이버보안 교육,18,instructor,제로트러스트의 이해(강사: 양경아 책임) 과목의 강의 내용 만족도(강의 컨텐츠 구성 등)는?,불만족,0,0.0,21
2025년 국가 공공기관 제로트러스트 사이버보안 교육,18,instructor,제로트러스트의 이해(강사: 양경아 책임) 과목의 강의 내용 만족도(강의 컨텐츠 구성 등)는?,매우 불만족,0,0.0,21
2025년 국가 공공기관 제로트러스트 사이버보안 교육,19,instructor,제로트러스트 가이드라인 2.0 주요내용(강사: 박정수 교수) 과목의 강의 만족도(강의 준비 및 스킬 등)는?,매우 만족,16,76.0,21
2025년 국가 공공기관 제로트러스트 사이버보안 교육,19,instructor,제로트러스트 가이드라인 2.0 주요내용(강사: 박정수 교수) 과목의 강의 만족도(강의 준비 및 스킬 등)는?,만족,5,23.0,21
2025년 국가 공공기관 제로트러스트 사이버보안 교육,19,instructor,제로트러스트 가이드라인 2.0 주요내용(강사: 박정수 교수) 과목의 강의 만족도(강의 준비 및 스킬 등)는?,보통,0,0.0,21
2025년 국가 공공기관 제로트러스트 사이버보안 교육,19,instructor,제로트러스트 가이드라인 2.0 주요내용(강사: 박정수 교수) 과목의 강의 만족도(강의 준비 및 스킬 등)는?,불만불,0,0.0,21
2025년 국가 공공기관 제로트러스트 사이버보안 교육,19,instructor,제로트러스트 가이드라인 2.0 주요내용(강사: 박정수 교수) 과목의 강의 만족도(강의 준비 및 스킬 등)는?,매우 불만족,0,0.0,21
2025년 국가 공공기관 제로트러스트 사이버보안 교육,20,instructor,제로트러스트 가이드라인 2.0 주요내용(강사: 박정수 교수) 과목의 강의 내용 만족도(강의 컨텐츠 구성 등)는?,매우 만족,16,76.0,21
2025년 국가 공공기관 제로트러스트 사이버보안 교육,20,instructor,제로트러스트 가이드라인 2.0 주요내용(강사: 박정수 교수) 과목의 강의 내용 만족도(강의 컨텐츠 구성 등)는?,만족,5,23.0,21
2025년 국가 공공기관 제로트러스트 사이버보안 교육,20,instructor,제로트러스트 가이드라인 2.0 주요내용(강사: 박정수 교수) 과목의 강의 내용 만족도(강의 컨텐츠 구성 등)는?,보통,0,0.0,21
2025년 국가 공공기관 제로트러스트 사이버보안 교육,20,instructor,제로트러스트 가이드라인 2.0 주요내용(강사: 박정수 교수) 과목의 강의 내용 만족도(강의 컨텐츠 구성 등)는?,불만족,0,0.0,21
2025년 국가 공공기관 제로트러스트 사이버보안 교육,20,instructor,제로트러스트 가이드라인 2.0 주요내용(강사: 박정수 교수) 과목의 강의 내용 만족도(강의 컨텐츠 구성 등)는?,매우 불만족,0,0.0,21
2025년 국가 공공기관 제로트러스트 사이버보안 교육,21,instructor,제로트러스트 실전가이드:기술적 구현사례 소개(강사: 이재준 이사) 과목의 강의 만족도(강의 준비 및 스킬 등)는?,매우 만족,13,61.0,21
2025년 국가 공공기관 제로트러스트 사이버보안 교육,21,instructor,제로트러스트 실전가이드:기술적 구현사례 소개(강사: 이재준 이사) 과목의 강의 만족도(강의 준비 및 스킬 등)는?,만족,8,38.0,21
2025년 국가 공공기관 제로트러스트 사이버보안 교육,21,instructor,제로트러스트 실전가이드:기술적 구현사례 소개(강사: 이재준 이사) 과목의 강의 만족도(강의 준비 및 스킬 등)는?,보통,0,0.0,21
2025년 국가 공공기관 제로트러스트 사이버보안 교육,21,instructor,제로트러스트 실전가이드:기술적 구현사례 소개(강사: 이재준 이사) 과목의 강의 만족도(강의 준비 및 스킬 등)는?,불만족,0,0.0,21
2025년 국가 공공기관 제로트러스트 사이버보안 교육,21,instructor,제로트러스트 실전가이드:기술적 구현사례 소개(강사: 이재준 이사) 과목의 강의 만족도(강의 준비 및 스킬 등)는?,매우 불만족,0,0.0,21
2025년 국가 공공기관 제로트러스트 사이버보안 교육,22,instructor,제로트러스트 실전가이드:기술적 구현사례 소개(강사: 이재준 이사) 과목의 강의 내용 만족도(강의 컨텐츠 구성 등)는?,매우 만족,13,61.0,21
2025년 국가 공공기관 제로트러스트 사이버보안 교육,22,instructor,제로트러스트 실전가이드:기술적 구현사례 소개(강사: 이재준 이사) 과목의 강의 내용 만족도(강의 컨텐츠 구성 등)는?,만족,8,38.0,21
2025년 국가 공공기관 제로트러스트 사이버보안 교육,22,instructor,제로트러스트 실전가이드:기술적 구현사례 소개(강사: 이재준 이사) 과목의 강의 내용 만족도(강의 컨텐츠 구성 등)는?,보통,0,0.0,21
2025년 국가 공공기관 제로트러스트 사이버보안 교육,22,instructor,제로트러스트 실전가이드:기술적 구현사례 소개(강사: 이재준 이사) 과목의 강의 내용 만족도(강의 컨텐츠 구성 등)는?,불만족,0,0.0,21
2025년 국가 공공기관 제로트러스트 사이버보안 교육,22,instructor,제로트러스트 실전가이드:기술적 구현사례 소개(강사: 이재준 이사) 과목의 강의 내용 만족도(강의 컨텐츠 구성 등)는?,매우 불만족,0,0.0,21
2025년 국가 공공기관 제로트러스트 사이버보안 교육,23,instructor,제로트러스트 도입방법론:실제 구현사례 소개(강사: 이봉준 수석) 과목의 강의 만족도(강의 준비 및 스킬 등)는?,매우 만족,16,76.0,21
2025년 국가 공공기관 제로트러스트 사이버보안 교육,23,instructor,제로트러스트 도입방법론:실제 구현사례 소개(강사: 이봉준 수석) 과목의 강의 만족도(강의 준비 및 스킬 등)는?,만족,5,23.0,21
2025년 국가 공공기관 제로트러스트 사이버보안 교육,23,instructor,제로트러스트 도입방법론:실제 구현사례 소개(강사: 이봉준 수석) 과목의 강의 만족도(강의 준비 및 스킬 등)는?,보통,0,0.0,21
2025년 국가 공공기관 제로트러스트 사이버보안 교육,23,instructor,제로트러스트 도입방법론:실제 구현사례 소개(강사: 이봉준 수석) 과목의 강의 만족도(강의 준비 및 스킬 등)는?,불만족,0,0.0,21
2025년 국가 공공기관 제로트러스트 사이버보안 교육,23,instructor,제로트러스트 도입방법론:실제 구현사례 소개(강사: 이봉준 수석) 과목의 강의 만족도(강의 준비 및 스킬 등)는?,매우 불만족,0,0.0,21
2025년 국가 공공기관 제로트러스트 사이버보안 교육,24,instructor,제로트러스트 도입방법론:실제 구현사례 소개(강사: 이봉준 수석) 과목의 강의 내용 만족도(강의 컨텐츠 구성 등)는?,매우 만족,16,76.0,21
2025년 국가 공공기관 제로트러스트 사이버보안 교육,24,instructor,제로트러스트 도입방법론:실제 구현사례 소개(강사: 이봉준 수석) 과목의 강의 내용 만족도(강의 컨텐츠 구성 등)는?,만족,5,23.0,21
2025년 국가 공공기관 제로트러스트 사이버보안 교육,24,instructor,제로트러스트 도입방법론:실제 구현사례 소개(강사: 이봉준 수석) 과목의 강의 내용 만족도(강의 컨텐츠 구성 등)는?,보통,0,0.0,21
2025년 국가 공공기관 제로트러스트 사이버보안 교육,24,instructor,제로트러스트 도입방법론:실제 구현사례 소개(강사: 이봉준 수석) 과목의 강의 내용 만족도(강의 컨텐츠 구성 등)는?,불만족,0,0.0,21
2025년 국가 공공기관 제로트러스트 사이버보안 교육,24,instructor,제로트러스트 도입방법론:실제 구현사례 소개(강사: 이봉준 수석) 과목의 강의 내용 만족도(강의 컨텐츠 구성 등)는?,매우 불만족,0,0.0,21
2025년 국가공공기관 정보시스템 취약점 진단 실무 과정(2차),1,other,귀하께서는 어떤 목적으로 이번 사이버안보훈련센터의 교육과정을 수강하셨습니까?,보안 인식 제고,1,5.0,17
2025년 국가공공기관 정보시스템 취약점 진단 실무 과정(2차),1,other,귀하께서는 어떤 목적으로 이번 사이버안보훈련센터의 교육과정을 수강하셨습니까?,보안기술 능력 향상,9,52.0,17
2025년 국가공공기관 정보시스템 취약점 진단 실무 과정(2차),1,other,귀하께서는 어떤 목적으로 이번 사이버안보훈련센터의 교육과정을 수강하셨습니까?,업무에의 활용,6,35.0,17
2025년 국가공공기관 정보시스템 취약점 진단 실무 과정(2차),1,other,귀하께서는 어떤 목적으로 이번 사이버안보훈련센터의 교육과정을 수강하셨습니까?,교육 의무 시간 이수,0,0.0,17
2025년 국가공공기관 정보시스템 취약점 진단 실무 과정(2차),1,other,귀하께서는 어떤 목적으로 이번 사이버안보훈련센터의 교육과정을 수강하셨습니까?,상급자 / 동료의 추천,0,0.0,17
2025년 국가공공기관 정보시스템 취약점 진단 실무 과정(2차),1,other,귀하께서는 어떤 목적으로 이번 사이버안보훈련센터의 교육과정을 수강하셨습니까?,기타,1,5.0,17
2025년 국가공공기관 정보시스템 취약점 진단 실무 과정(2차),2,difficulty,이번 교육의 난이도는 어떠하였습니까?,쉽다,1,5.0,17
2025년 국가공공기관 정보시스템 취약점 진단 실무 과정(2차),2,difficulty,이번 교육의 난이도는 어떠하였습니까?,적당하다,16,94.0,17
2025년 국가공공기관 정보시스템 취약점 진단 실무 과정(2차),2,difficulty,이번 교육의 난이도는 어떠하였습니까?,어렵다,0,0.0,17
2025년 국가공공기관 정보시스템 취약점 진단 실무 과정(2차),4,satisfaction,이번 교육의 만족도는 어떠하였습니까?,높음,16,94.0,17
2025년 국가공공기관 정보시스템 취약점 진단 실무 과정(2차),4,satisfaction,이번 교육의 만족도는 어떠하였습니까?,보통,1,5.0,17
2025년 국가공공기관 정보시스템 취약점 진단 실무 과정(2차),4,satisfaction,이번 교육의 만족도는 어떠하였습니까?,낮음,0,0.0,17
2025년 국가공공기관 정보시스템 취약점 진단 실무 과정(2차),6,utility,이번 교육의 업무 활용도는 어떠하십니까?,높음,14,82.0,17
2025년 국가공공기관 정보시스템 취약점 진단 실무 과정(2차),6,utility,이번 교육의 업무 활용도는 어떠하십니까?,보통,3,17.0,17
2025년 국가공공기관 정보시스템 취약점 진단 실무 과정(2차),6,utility,이번 교육의 업무 활용도는 어떠하십니까?,낮음,0,0.0,17
2025년 국가공공기관 정보시스템 취약점 진단 실무 과정(2차),8,diff_inst,다른 기관과의 교육 차별성은 어떠하십니까?,차별성 있다,16,94.0,17
2025년 국가공공기관 정보시스템 취약점 진단 실무 과정(2차),8,diff_inst,다른 기관과의 교육 차별성은 어떠하십니까?,보통이다,1,5.0,17
2025년 국가공공기관 정보시스템 취약점 진단 실무 과정(2차),8,diff_inst,다른 기관과의 교육 차별성은 어떠하십니까?,차별성없다,0,0.0,17
2025년 국가공공기관 정보시스템 취약점 진단 실무 과정(2차),10,duration,교육 시간은 적절하다고 생각하십니까?,부족하다,8,47.0,17
2025년 국가공공기관 정보시스템 취약점 진단 실무 과정(2차),10,duration,교육 시간은 적절하다고 생각하십니까?,적절하다,9,52.0,17
2025년 국가공공기관 정보시스템 취약점 진단 실무 과정(2차),10,duration,교육 시간은 적절하다고 생각하십니까?,길다,0,0.0,17
2025년 국가공공기관 정보시스템 취약점 진단 실무 과정(2차),14,instructor,과목의 강의(강의 준비 및 강의 스킬) 만족도는?,불만족,0,0.0,17
2025년 국가공공기관 정보시스템 취약점 진단 실무 과정(2차),14,instructor,과목의 강의(강의 준비 및 강의 스킬) 만족도는?,보통,0,0.0,17
2025년 국가공공기관 정보시스템 취약점 진단 실무 과정(2차),14,instructor,과목의 강의(강의 준비 및 강의 스킬) 만족도는?,만족,17,100.0,17
2025년 국가공공기관 정보시스템 취약점 진단 실무 과정(3차),1,other,귀하께서는 어떤 목적으로 이번 사이버안보훈련센터의 교육과정을 수강하셨습니까?,보안 인식 제고,0,0.0,13
2025년 국가공공기관 정보시스템 취약점 진단 실무 과정(3차),1,other,귀하께서는 어떤 목적으로 이번 사이버안보훈련센터의 교육과정을 수강하셨습니까?,보안기술 능력 향상,6,46.0,13
2025년 국가공공기관 정보시스템 취약점 진단 실무 과정(3차),1,other,귀하께서는 어떤 목적으로 이번 사이버안보훈련센터의 교육과정을 수강하셨습니까?,업무에의 활용,5,38.0,13
2025년 국가공공기관 정보시스템 취약점 진단 실무 과정(3차),1,other,귀하께서는 어떤 목적으로 이번 사이버안보훈련센터의 교육과정을 수강하셨습니까?,교육 의무 시간 이수,0,0.0,13
2025년 국가공공기관 정보시스템 취약점 진단 실무 과정(3차),1,other,귀하께서는 어떤 목적으로 이번 사이버안보훈련센터의 교육과정을 수강하셨습니까?,상급자 / 동료의 추천,2,15.0,13
2025년 국가공공기관 정보시스템 취약점 진단 실무 과정(3차),1,other,귀하께서는 어떤 목적으로 이번 사이버안보훈련센터의 교육과정을 수강하셨습니까?,기타,0,0.0,13
2025년 국가공공기관 정보시스템 취약점 진단 실무 과정(3차),2,difficulty,이번 교육의 난이도는 어떠하였습니까?,쉽다,4,30.0,13
2025년 국가공공기관 정보시스템 취약점 진단 실무 과정(3차),2,difficulty,이번 교육의 난이도는 어떠하였습니까?,적당하다,9,69.0,13
2025년 국가공공기관 정보시스템 취약점 진단 실무 과정(3차),2,difficulty,이번 교육의 난이도는 어떠하였습니까?,어렵다,0,0.0,13
2025년 국가공공기관 정보시스템 취약점 진단 실무 과정(3차),4,satisfaction,이번 교육의 만족도는 어떠하였습니까?,높음,8,61.0,13
2025년 국가공공기관 정보시스템 취약점 진단 실무 과정(3차),4,satisfaction,이번 교육의 만족도는 어떠하였습니까?,보통,4,30.0,13
2025년 국가공공기관 정보시스템 취약점 진단 실무 과정(3차),4,satisfaction,이번 교육의 만족도는 어떠하였습니까?,낮음,1,7.0,13
2025년 국가공공기관 정보시스템 취약점 진단 실무 과정(3차),6,utility,이번 교육의 업무 활용도는 어떠하십니까?,높음,8,61.0,13
2025년 국가공공기관 정보시스템 취약점 진단 실무 과정(3차),6,utility,이번 교육의 업무 활용도는 어떠하십니까?,보통,5,38.0,13
2025년 국가공공기관 정보시스템 취약점 진단 실무 과정(3차),6,utility,이번 교육의 업무 활용도는 어떠하십니까?,낮음,0,0.0,13
2025년 국가공공기관 정보시스템 취약점 진단 실무 과정(3차),8,diff_inst,다른 기관과의 교육 차별성은 어떠하십니까?,차별성 있다,8,61.0,13
2025년 국가공공기관 정보시스템 취약점 진단 실무 과정(3차),8,diff_inst,다른 기관과의 교육 차별성은 어떠하십니까?,보통이다,5,38.0,13
2025년 국가공공기관 정보시스템 취약점 진단 실무 과정(3차),8,diff_inst,다른 기관과의 교육 차별성은 어떠하십니까?,차별성없다,0,0.0,13
2025년 국가공공기관 정보시스템 취약점 진단 실무 과정(3차),10,duration,교육 시간은 적절하다고 생각하십니까?,부족하다,5,38.0,13
2025년 국가공공기관 정보시스템 취약점 진단 실무 과정(3차),10,duration,교육 시간은 적절하다고 생각하십니까?,적절하다,7,53.0,13
2025년 국가공공기관 정보시스템 취약점 진단 실무 과정(3차),10,duration,교육 시간은 적절하다고 생각하십니까?,길다,1,7.0,13
2025년 국가공공기관 정보시스템 취약점 진단 실무 과정(3차),14,other,강의자 만족도는?,불만족,0,0.0,13
2025년 국가공공기관 정보시스템 취약점 진단 실무 과정(3차),14,other,강의자 만족도는?,보통,1,7.0,13
2025년 국가공공기관 정보시스템 취약점 진단 실무 과정(3차),14,other,강의자 만족도는?,만족,12,92.0,13
2025년 국가공공기관 정보시스템 취약점 진단 실무 과정(4차),1,other,귀하께서는 어떤 목적으로 이번 사이버안보훈련센터의 교육과정을 수강하셨습니까?,보안 인식 제고,1,8.0,12
2025년 국가공공기관 정보시스템 취약점 진단 실무 과정(4차),1,other,귀하께서는 어떤 목적으로 이번 사이버안보훈련센터의 교육과정을 수강하셨습니까?,보안기술 능력 향상,9,75.0,12
2025년 국가공공기관 정보시스템 취약점 진단 실무 과정(4차),1,other,귀하께서는 어떤 목적으로 이번 사이버안보훈련센터의 교육과정을 수강하셨습니까?,업무에의 활용,2,16.0,12
2025년 국가공공기관 정보시스템 취약점 진단 실무 과정(4차),1,other,귀하께서는 어떤 목적으로 이번 사이버안보훈련센터의 교육과정을 수강하셨습니까?,교육 의무 시간 이수,0,0.0,12
2025년 국가공공기관 정보시스템 취약점 진단 실무 과정(4차),1,other,귀하께서는 어떤 목적으로 이번 사이버안보훈련센터의 교육과정을 수강하셨습니까?,상급자 / 동료의 추천,0,0.0,12
2025년 국가공공기관 정보시스템 취약점 진단 실무 과정(4차),1,other,귀하께서는 어떤 목적으로 이번 사이버안보훈련센터의 교육과정을 수강하셨습니까?,기타,0,0.0,12
2025년 국가공공기관 정보시스템 취약점 진단 실무 과정(4차),2,difficulty,이번 교육의 난이도는 어떠하였습니까?,쉽다,0,0.0,12
2025년 국가공공기관 정보시스템 취약점 진단 실무 과정(4차),2,difficulty,이번 교육의 난이도는 어떠하였습니까?,적당하다,12,100.0,12
2025년 국가공공기관 정보시스템 취약점 진단 실무 과정(4차),2,difficulty,이번 교육의 난이도는 어떠하였습니까?,어렵다,0,0.0,12
2025년 국가공공기관 정보시스템 취약점 진단 실무 과정(4차),4,satisfaction,이번 교육의 만족도는 어떠하였습니까?,높음,10,83.0,12
2025년 국가공공기관 정보시스템 취약점 진단 실무 과정(4차),4,satisfaction,이번 교육의 만족도는 어떠하였습니까?,보통,2,16.0,12
2025년 국가공공기관 정보시스템 취약점 진단 실무 과정(4차),4,satisfaction,이번 교육의 만족도는 어떠하였습니까?,낮음,0,0.0,12
2025년 국가공공기관 정보시스템 취약점 진단 실무 과정(4차),6,utility,이번 교육의 업무 활용도는 어떠하십니까?,높음,9,75.0,12
2025년 국가공공기관 정보시스템 취약점 진단 실무 과정(4차),6,utility,이번 교육의 업무 활용도는 어떠하십니까?,보통,3,25.0,12
2025년 국가공공기관 정보시스템 취약점 진단 실무 과정(4차),6,utility,이번 교육의 업무 활용도는 어떠하십니까?,낮음,0,0.0,12
2025년 국가공공기관 정보시스템 취약점 진단 실무 과정(4차),8,diff_inst,다른 기관과의 교육 차별성은 어떠하십니까?,차별성 있다,9,75.0,12
2025년 국가공공기관 정보시스템 취약점 진단 실무 과정(4차),8,diff_inst,다른 기관과의 교육 차별성은 어떠하십니까?,보통이다,2,16.0,12
2025년 국가공공기관 정보시스템 취약점 진단 실무 과정(4차),8,diff_inst,다른 기관과의 교육 차별성은 어떠하십니까?,차별성없다,1,8.0,12
2025년 국가공공기관 정보시스템 취약점 진단 실무 과정(4차),10,duration,교육 시간은 적절하다고 생각하십니까?,부족하다,3,25.0,12
2025년 국가공공기관 정보시스템 취약점 진단 실무 과정(4차),10,duration,교육 시간은 적절하다고 생각하십니까?,적절하다,9,75.0,12
2025년 국가공공기관 정보시스템 취약점 진단 실무 과정(4차),10,duration,교육 시간은 적절하다고 생각하십니까?,길다,0,0.0,12
2025년 국가공공기관 정보시스템 취약점 진단 실무 과정(4차),14,satisfaction,강사에 대한 만족도는?,만족,11,91.0,12
2025년 국가공공기관 정보시스템 취약점 진단 실무 과정(4차),14,satisfaction,강사에 대한 만족도는?,보통,1,8.0,12
2025년 국가공공기관 정보시스템 취약점 진단 실무 과정(4차),14,satisfaction,강사에 대한 만족도는?,불만족,0,0.0,12
2025년 국가공공기관 정보시스템 취약점 진단 실무 과정(4차),1,other,귀하께서는 어떤 목적으로 이번 사이버안보훈련센터의 교육과정을 수강하셨습니까?,보안 인식 제고,1,8.0,12
2025년 국가공공기관 정보시스템 취약점 진단 실무 과정(4차),1,other,귀하께서는 어떤 목적으로 이번 사이버안보훈련센터의 교육과정을 수강하셨습니까?,보안기술 능력 향상,9,75.0,12
2025년 국가공공기관 정보시스템 취약점 진단 실무 과정(4차),1,other,귀하께서는 어떤 목적으로 이번 사이버안보훈련센터의 교육과정을 수강하셨습니까?,업무에의 활용,2,16.0,12
2025년 국가공공기관 정보시스템 취약점 진단 실무 과정(4차),1,other,귀하께서는 어떤 목적으로 이번 사이버안보훈련센터의 교육과정을 수강하셨습니까?,교육 의무 시간 이수,0,0.0,12
2025년 국가공공기관 정보시스템 취약점 진단 실무 과정(4차),1,other,귀하께서는 어떤 목적으로 이번 사이버안보훈련센터의 교육과정을 수강하셨습니까?,상급자 / 동료의 추천,0,0.0,12
2025년 국가공공기관 정보시스템 취약점 진단 실무 과정(4차),1,other,귀하께서는 어떤 목적으로 이번 사이버안보훈련센터의 교육과정을 수강하셨습니까?,기타,0,0.0,12
2025년 국가공공기관 정보시스템 취약점 진단 실무 과정(4차),2,difficulty,이번 교육의 난이도는 어떠하였습니까?,쉽다,0,0.0,12
2025년 국가공공기관 정보시스템 취약점 진단 실무 과정(4차),2,difficulty,이번 교육의 난이도는 어떠하였습니까?,적당하다,12,100.0,12
2025년 국가공공기관 정보시스템 취약점 진단 실무 과정(4차),2,difficulty,이번 교육의 난이도는 어떠하였습니까?,어렵다,0,0.0,12
2025년 국가공공기관 정보시스템 취약점 진단 실무 과정(4차),4,satisfaction,이번 교육의 만족도는 어떠하였습니까?,높음,10,83.0,12
2025년 국가공공기관 정보시스템 취약점 진단 실무 과정(4차),4,satisfaction,이번 교육의 만족도는 어떠하였습니까?,보통,2,16.0,12
2025년 국가공공기관 정보시스템 취약점 진단 실무 과정(4차),4,satisfaction,이번 교육의 만족도는 어떠하였습니까?,낮음,0,0.0,12
2025년 국가공공기관 정보시스템 취약점 진단 실무 과정(4차),6,utility,이번 교육의 업무 활용도는 어떠하십니까?,높음,9,75.0,12
2025년 국가공공기관 정보시스템 취약점 진단 실무 과정(4차),6,utility,이번 교육의 업무 활용도는 어떠하십니까?,보통,3,25.0,12
2025년 국가공공기관 정보시스템 취약점 진단 실무 과정(4차),6,utility,이번 교육의 업무 활용도는 어떠하십니까?,낮음,0,0.0,12
2025년 국가공공기관 정보시스템 취약점 진단 실무 과정(4차),8,diff_inst,다른 기관과의 교육 차별성은 어떠하십니까?,차별성 있다,9,75.0,12
2025년 국가공공기관 정보시스템 취약점 진단 실무 과정(4차),8,diff_inst,다른 기관과의 교육 차별성은 어떠하십니까?,보통이다,2,16.0,12
2025년 국가공공기관 정보시스템 취약점 진단 실무 과정(4차),8,diff_inst,다른 기관과의 교육 차별성은 어떠하십니까?,차별성없다,1,8.0,12
2025년 국가공공기관 정보시스템 취약점 진단 실무 과정(4차),10,duration,교육 시간은 적절하다고 생각하십니까?,부족하다,3,25.0,12
2025년 국가공공기관 정보시스템 취약점 진단 실무 과정(4차),10,duration,교육 시간은 적절하다고 생각하십니까?,적절하다,9,75.0,12
2025년 국가공공기관 정보시스템 취약점 진단 실무 과정(4차),10,duration,교육 시간은 적절하다고 생각하십니까?,길다,0,0.0,12
2025년 국가공공기관 정보시스템 취약점 진단 실무 과정(4차),14,satisfaction,강사에 대한 만족도는?,만족,11,91.0,12
2025년 국가공공기관 정보시스템 취약점 진단 실무 과정(4차),14,satisfaction,강사에 대한 만족도는?,보통,1,8.0,12
2025년 국가공공기관 정보시스템 취약점 진단 실무 과정(4차),14,satisfaction,강사에 대한 만족도는?,불만족,0,0.0,12
2025년 국가용 디지털포렌식 도구 전문가 양성 과정,3,difficulty,이번 교육의 난이도는 어떠하였습니까?,쉽다,2,6.0,31
2025년 국가용 디지털포렌식 도구 전문가 양성 과정,3,difficulty,이번 교육의 난이도는 어떠하였습니까?,적당하다,26,83.0,31
2025년 국가용 디지털포렌식 도구 전문가 양성 과정,3,difficulty,이번 교육의 난이도는 어떠하였습니까?,어렵다,3,9.0,31
2025년 국가용 디지털포렌식 도구 전문가 양성 과정,5,satisfaction,이번 교육의 만족도는 어떠하였습니까?,높음,27,87.0,31
2025년 국가용 디지털포렌식 도구 전문가 양성 과정,5,satisfaction,이번 교육의 만족도는 어떠하였습니까?,보통,4,12.0,31
2025년 국가용 디지털포렌식 도구 전문가 양성 과정,5,satisfaction,이번 교육의 만족도는 어떠하였습니까?,낮음,0,0.0,31
2025년 국가용 디지털포렌식 도구 전문가 양성 과정,7,utility,이번 교육의 업무 활용도는 어떠하십니까?,높음,29,93.0,31
2025년 국가용 디지털포렌식 도구 전문가 양성 과정,7,utility,이번 교육의 업무 활용도는 어떠하십니까?,보통,2,6.0,31
2025년 국가용 디지털포렌식 도구 전문가 양성 과정,7,utility,이번 교육의 업무 활용도는 어떠하십니까?,낮음,0,0.0,31
2025년 국가용 디지털포렌식 도구 전문가 양성 과정,9,diff_inst,다른 기관과의 교육 차별성은 어떠하십니까?,차별성 있다,28,90.0,31
2025년 국가용 디지털포렌식 도구 전문가 양성 과정,9,diff_inst,다른 기관과의 교육 차별성은 어떠하십니까?,보통이다,3,9.0,31
2025년 국가용 디지털포렌식 도구 전문가 양성 과정,9,diff_inst,다른 기관과의 교육 차별성은 어떠하십니까?,차별성없다,0,0.0,31
2025년 국가용 디지털포렌식 도구 전문가 양성 과정,11,duration,교육 시간은 적절하다고 생각하십니까?,부족하다,19,61.0,31
2025년 국가용 디지털포렌식 도구 전문가 양성 과정,11,duration,교육 시간은 적절하다고 생각하십니까?,적절하다,9,29.0,31
2025년 국가용 디지털포렌식 도구 전문가 양성 과정,11,duration,교육 시간은 적절하다고 생각하십니까?,길다,3,9.0,31
2025년 군암호기술(1차),1,other,귀하께서는 어떤 목적으로 이번 사이버안보훈련센터의 교육과정을 수강하셨습니까?,보안 인식 제고,1,2.0,34
2025년 군암호기술(1차),1,other,귀하께서는 어떤 목적으로 이번 사이버안보훈련센터의 교육과정을 수강하셨습니까?,보안기술 능력 향상,9,26.0,34
2025년 군암호기술(1차),1,other,귀하께서는 어떤 목적으로 이번 사이버안보훈련센터의 교육과정을 수강하셨습니까?,업무에의 활용,19,55.0,34
2025년 군암호기술(1차),1,other,귀하께서는 어떤 목적으로 이번 사이버안보훈련센터의 교육과정을 수강하셨습니까?,교육 의무 시간 이수,1,2.0,34
2025년 군암호기술(1차),1,other,귀하께서는 어떤 목적으로 이번 사이버안보훈련센터의 교육과정을 수강하셨습니까?,상급자 / 동료의 추천,4,11.0,34
2025년 군암호기술(1차),1,other,귀하께서는 어떤 목적으로 이번 사이버안보훈련센터의 교육과정을 수강하셨습니까?,기타,0,0.0,34
2025년 군암호기술(1차),4,difficulty,이번 교육의 난이도는 어떠하였습니까?,쉽다,2,5.0,34
2025년 군암호기술(1차),4,difficulty,이번 교육의 난이도는 어떠하였습니까?,적당하다,25,73.0,34
2025년 군암호기술(1차),4,difficulty,이번 교육의 난이도는 어떠하였습니까?,어렵다,7,20.0,34
2025년 군암호기술(1차),6,satisfaction,이번 교육의 만족도는 어떠하였습니까?,높음,20,58.0,34
2025년 군암호기술(1차),6,satisfaction,이번 교육의 만족도는 어떠하였습니까?,보통,14,41.0,34
2025년 군암호기술(1차),6,satisfaction,이번 교육의 만족도는 어떠하였습니까?,낮음,0,0.0,34
2025년 군암호기술(1차),8,utility,이번 교육의 업무 활용도는 어떠하십니까?,높음,15,44.0,34
2025년 군암호기술(1차),8,utility,이번 교육의 업무 활용도는 어떠하십니까?,보통,19,55.0,34
2025년 군암호기술(1차),8,utility,이번 교육의 업무 활용도는 어떠하십니까?,낮음,0,0.0,34
2025년 군암호기술(1차),10,diff_inst,다른 기관과의 교육 차별성은 어떠하십니까?,차별성 있다,14,41.0,34
2025년 군암호기술(1차),10,diff_inst,다른 기관과의 교육 차별성은 어떠하십니까?,보통이다,19,55.0,34
2025년 군암호기술(1차),10,diff_inst,다른 기관과의 교육 차별성은 어떠하십니까?,차별성없다,1,2.0,34
2025년 군암호기술(1차),12,duration,교육 시간은 적절하다고 생각하십니까?,부족하다,8,23.0,34
2025년 군암호기술(1차),12,duration,교육 시간은 적절하다고 생각하십니까?,적절하다,26,76.0,34
2025년 군암호기술(1차),12,duration,교육 시간은 적절하다고 생각하십니까?,길다,0,0.0,34
2025년 군암호기술(2차),1,other,귀하께서는 어떤 목적으로 이번 사이버안보훈련센터의 교육과정을 수강하셨습니까?,보안 인식 제고,0,0.0,20
2025년 군암호기술(2차),1,other,귀하께서는 어떤 목적으로 이번 사이버안보훈련센터의 교육과정을 수강하셨습니까?,보안기술 능력 향상,7,35.0,20
2025년 군암호기술(2차),1,other,귀하께서는 어떤 목적으로 이번 사이버안보훈련센터의 교육과정을 수강하셨습니까?,업무에의 활용,9,45.0,20
2025년 군암호기술(2차),1,other,귀하께서는 어떤 목적으로 이번 사이버안보훈련센터의 교육과정을 수강하셨습니까?,교육 의무 시간 이수,1,5.0,20
2025년 군암호기술(2차),1,other,귀하께서는 어떤 목적으로 이번 사이버안보훈련센터의 교육과정을 수강하셨습니까?,상급자 / 동료의 추천,3,15.0,20
2025년 군암호기술(2차),1,other,귀하께서는 어떤 목적으로 이번 사이버안보훈련센터의 교육과정을 수강하셨습니까?,기타,0,0.0,20
2025년 군암호기술(2차),4,difficulty,이번 교육의 난이도는 어떠하였습니까?,쉽다,0,0.0,20
2025년 군암호기술(2차),4,difficulty,이번 교육의 난이도는 어떠하였습니까?,적당하다,13,65.0,20
2025년 군암호기술(2차),4,difficulty,이번 교육의 난이도는 어떠하였습니까?,어렵다,7,35.0,20
2025년 군암호기술(2차),6,satisfaction,이번 교육의 만족도는 어떠하였습니까?,높음,8,40.0,20
2025년 군암호기술(2차),6,satisfaction,이번 교육의 만족도는 어떠하였습니까?,보통,10,50.0,20
2025년 군암호기술(2차),6,satisfaction,이번 교육의 만족도는 어떠하였습니까?,낮음,2,10.0,20
2025년 군암호기술(2차),8,utility,이번 교육의 업무 활용도는 어떠하십니까?,높음,7,35.0,20
2025년 군암호기술(2차),8,utility,이번 교육의 업무 활용도는 어떠하십니까?,보통,8,40.0,20
2025년 군암호기술(2차),8,utility,이번 교육의 업무 활용도는 어떠하십니까?,낮음,5,25.0,20
2025년 군암호기술(2차),10,diff_inst,다른 기관과의 교육 차별성은 어떠하십니까?,차별성 있다,9,45.0,20
2025년 군암호기술(2차),10,diff_inst,다른 기관과의 교육 차별성은 어떠하십니까?,보통이다,11,55.0,20
2025년 군암호기술(2차),10,diff_inst,다른 기관과의 교육 차별성은 어떠하십니까?,차별성없다,0,0.0,20
2025년 군암호기술(2차),12,duration,교육 시간은 적절하다고 생각하십니까?,부족하다,5,25.0,20
2025년 군암호기술(2차),12,duration,교육 시간은 적절하다고 생각하십니까?,적절하다,13,65.0,20
2025년 군암호기술(2차),12,duration,교육 시간은 적절하다고 생각하십니까?,길다,2,10.0,20
2025년 기반시설보안정책(1차),1,other,귀하께서는 어떤 목적으로 이번 사이버안보훈련센터의 교육과정을 수강하셨습니까?,보안 인식 제고,9,26.0,34
2025년 기반시설보안정책(1차),1,other,귀하께서는 어떤 목적으로 이번 사이버안보훈련센터의 교육과정을 수강하셨습니까?,보안기술 능력 향상,6,17.0,34
2025년 기반시설보안정책(1차),1,other,귀하께서는 어떤 목적으로 이번 사이버안보훈련센터의 교육과정을 수강하셨습니까?,업무에의 활용,9,26.0,34
2025년 기반시설보안정책(1차),1,other,귀하께서는 어떤 목적으로 이번 사이버안보훈련센터의 교육과정을 수강하셨습니까?,교육 의무 시간 이수,9,26.0,34
2025년 기반시설보안정책(1차),1,other,귀하께서는 어떤 목적으로 이번 사이버안보훈련센터의 교육과정을 수강하셨습니까?,상급자 / 동료의 추천,1,2.0,34
2025년 기반시설보안정책(1차),1,other,귀하께서는 어떤 목적으로 이번 사이버안보훈련센터의 교육과정을 수강하셨습니까?,기타,0,0.0,34
2025년 기반시설보안정책(1차),2,difficulty,이번 교육의 난이도는 어떠하였습니까?,쉽다,1,2.0,34
2025년 기반시설보안정책(1차),2,difficulty,이번 교육의 난이도는 어떠하였습니까?,적당하다,33,97.0,34
2025년 기반시설보안정책(1차),2,difficulty,이번 교육의 난이도는 어떠하였습니까?,어렵다,0,0.0,34
2025년 기반시설보안정책(1차),4,satisfaction,이번 교육의 만족도는 어떠하였습니까?,높음,27,79.0,34
2025년 기반시설보안정책(1차),4,satisfaction,이번 교육의 만족도는 어떠하였습니까?,보통이다,5,14.0,34
2025년 기반시설보안정책(1차),4,satisfaction,이번 교육의 만족도는 어떠하였습니까?,낮음,2,5.0,34
2025년 기반시설보안정책(1차),6,utility,이번 교육의 업무 활용도는 어떠하십니까?,높음,20,58.0,34
2025년 기반시설보안정책(1차),6,utility,이번 교육의 업무 활용도는 어떠하십니까?,보통이다,12,35.0,34
2025년 기반시설보안정책(1차),6,utility,이번 교육의 업무 활용도는 어떠하십니까?,낮음,2,5.0,34
2025년 기반시설보안정책(1차),8,diff_inst,다른 기관과의 교육 차별성은 어떠하십니까?,차별성 있다,26,76.0,34
2025년 기반시설보안정책(1차),8,diff_inst,다른 기관과의 교육 차별성은 어떠하십니까?,보통이다,7,20.0,34
2025년 기반시설보안정책(1차),8,diff_inst,다른 기관과의 교육 차별성은 어떠하십니까?,차별성없다,1,2.0,34
2025년 기반시설보안정책(1차),10,duration,교육 시간은 적절하다고 생각하십니까?,적절하다,29,85.0,34
2025년 기반시설보안정책(1차),10,duration,교육 시간은 적절하다고 생각하십니까?,보통이다,3,8.0,34
2025년 기반시설보안정책(1차),10,duration,교육 시간은 적절하다고 생각하십니까?,적절하지 않다.,2,5.0,34
2025년 기반시설보안정책(1차),12,other,본 교육의 가장 적당한 교육기간은 며칠이라고 생각하십니까?,2일,3,8.0,34
2025년 기반시설보안정책(1차),12,other,본 교육의 가장 적당한 교육기간은 며칠이라고 생각하십니까?,3일,28,82.0,34
2025년 기반시설보안정책(1차),12,other,본 교육의 가장 적당한 교육기간은 며칠이라고 생각하십니까?,4일 초과,3,8.0,34
2025년 기반시설보안정책(1차),13,needs,"국가공공 기관 및 정보통신기반시설의 정보화, 정보보호 담당자에게 꼭 필요한 사이버안보 교육에는 어떤 것이 있을까요?",포렌식 분야 교육/훈련,3,8.0,34
2025년 기반시설보안정책(1차),13,needs,"국가공공 기관 및 정보통신기반시설의 정보화, 정보보호 담당자에게 꼭 필요한 사이버안보 교육에는 어떤 것이 있을까요?",악성코드 분석 교육/훈련,0,0.0,34
2025년 기반시설보안정책(1차),13,needs,"국가공공 기관 및 정보통신기반시설의 정보화, 정보보호 담당자에게 꼭 필요한 사이버안보 교육에는 어떤 것이 있을까요?",모바일 분야 교육/훈련,1,2.0,34
2025년 기반시설보안정책(1차),13,needs,"국가공공 기관 및 정보통신기반시설의 정보화, 정보보호 담당자에게 꼭 필요한 사이버안보 교육에는 어떤 것이 있을까요?",무선랜 해킹 관련 교육/훈련,1,2.0,34
2025년 기반시설보안정책(1차),13,needs,"국가공공 기관 및 정보통신기반시설의 정보화, 정보보호 담당자에게 꼭 필요한 사이버안보 교육에는 어떤 것이 있을까요?",서버 취약점 공격 대응 교육/훈련,4,11.0,34
2025년 기반시설보안정책(1차),13,needs,"국가공공 기관 및 정보통신기반시설의 정보화, 정보보호 담당자에게 꼭 필요한 사이버안보 교육에는 어떤 것이 있을까요?",시스템 보안강화(System Hardening) 교육/훈련,5,14.0,34
2025년 기반시설보안정책(1차),13,needs,"국가공공 기관 및 정보통신기반시설의 정보화, 정보보호 담당자에게 꼭 필요한 사이버안보 교육에는 어떤 것이 있을까요?",정보유출 사건에 대한 교육/훈련,17,50.0,34
2025년 기반시설보안정책(1차),13,needs,"국가공공 기관 및 정보통신기반시설의 정보화, 정보보호 담당자에게 꼭 필요한 사이버안보 교육에는 어떤 것이 있을까요?",정보보호 시스템 관리 교육/훈련,3,8.0,34
2025년 기반시설보안정책(1차),17,instructor,해양 사이버보안의 현황과 대응 전략(강사: 이민우 교수) 과목의 강의 만족도(강의 준비 및 스킬 등)는?,매우 만족,28,82.0,34
2025년 기반시설보안정책(1차),17,instructor,해양 사이버보안의 현황과 대응 전략(강사: 이민우 교수) 과목의 강의 만족도(강의 준비 및 스킬 등)는?,만족,6,17.0,34
2025년 기반시설보안정책(1차),17,instructor,해양 사이버보안의 현황과 대응 전략(강사: 이민우 교수) 과목의 강의 만족도(강의 준비 및 스킬 등)는?,보통,0,0.0,34
2025년 기반시설보안정책(1차),17,instructor,해양 사이버보안의 현황과 대응 전략(강사: 이민우 교수) 과목의 강의 만족도(강의 준비 및 스킬 등)는?,불만족,0,0.0,34
2025년 기반시설보안정책(1차),17,instructor,해양 사이버보안의 현황과 대응 전략(강사: 이민우 교수) 과목의 강의 만족도(강의 준비 및 스킬 등)는?,매우 불만족,0,0.0,34
2025년 기반시설보안정책(1차),18,instructor,해양 사이버보안의 현황과 대응 전략(강사: 이민우 교수) 과목의 강의 내용 만족도(강의 컨텐츠 구성 등)는?,매우 만족,28,82.0,34
2025년 기반시설보안정책(1차),18,instructor,해양 사이버보안의 현황과 대응 전략(강사: 이민우 교수) 과목의 강의 내용 만족도(강의 컨텐츠 구성 등)는?,만족,6,17.0,34
2025년 기반시설보안정책(1차),18,instructor,해양 사이버보안의 현황과 대응 전략(강사: 이민우 교수) 과목의 강의 내용 만족도(강의 컨텐츠 구성 등)는?,보통,0,0.0,34
2025년 기반시설보안정책(1차),18,instructor,해양 사이버보안의 현황과 대응 전략(강사: 이민우 교수) 과목의 강의 내용 만족도(강의 컨텐츠 구성 등)는?,불만족,0,0.0,34
2025년 기반시설보안정책(1차),18,instructor,해양 사이버보안의 현황과 대응 전략(강사: 이민우 교수) 과목의 강의 내용 만족도(강의 컨텐츠 구성 등)는?,매우 불만족,0,0.0,34
2025년 기반시설보안정책(1차),19,instructor,제어시스템 사이버공격 대응(강사: 장문수 실장) 과목의 강의 만족도(강의 준비 및 스킬 등)는?,매우 만족,24,70.0,34
2025년 기반시설보안정책(1차),19,instructor,제어시스템 사이버공격 대응(강사: 장문수 실장) 과목의 강의 만족도(강의 준비 및 스킬 등)는?,만족,9,26.0,34
2025년 기반시설보안정책(1차),19,instructor,제어시스템 사이버공격 대응(강사: 장문수 실장) 과목의 강의 만족도(강의 준비 및 스킬 등)는?,보통,1,2.0,34
2025년 기반시설보안정책(1차),19,instructor,제어시스템 사이버공격 대응(강사: 장문수 실장) 과목의 강의 만족도(강의 준비 및 스킬 등)는?,불만족,0,0.0,34
2025년 기반시설보안정책(1차),19,instructor,제어시스템 사이버공격 대응(강사: 장문수 실장) 과목의 강의 만족도(강의 준비 및 스킬 등)는?,매우 불만족,0,0.0,34
2025년 기반시설보안정책(1차),20,instructor,제어시스템 사이버공격 대응(강사: 장문수 실장) 과목의 강의 내용 만족도(강의 컨텐츠 구성 등)는?,매우 만족,23,67.0,34
2025년 기반시설보안정책(1차),20,instructor,제어시스템 사이버공격 대응(강사: 장문수 실장) 과목의 강의 내용 만족도(강의 컨텐츠 구성 등)는?,만족,9,26.0,34
2025년 기반시설보안정책(1차),20,instructor,제어시스템 사이버공격 대응(강사: 장문수 실장) 과목의 강의 내용 만족도(강의 컨텐츠 구성 등)는?,보통,2,5.0,34
2025년 기반시설보안정책(1차),20,instructor,제어시스템 사이버공격 대응(강사: 장문수 실장) 과목의 강의 내용 만족도(강의 컨텐츠 구성 등)는?,불만족,0,0.0,34
2025년 기반시설보안정책(1차),20,instructor,제어시스템 사이버공격 대응(강사: 장문수 실장) 과목의 강의 내용 만족도(강의 컨텐츠 구성 등)는?,매우 불만족,0,0.0,34
2025년 기반시설보안정책(1차),21,instructor,우주항공 보안 위협 및 사이버안보 이슈(강사: 엄정식 교수) 과목의 강의 만족도(강의 준비 및 스킬 등)는?,매우 만족,24,70.0,34
2025년 기반시설보안정책(1차),21,instructor,우주항공 보안 위협 및 사이버안보 이슈(강사: 엄정식 교수) 과목의 강의 만족도(강의 준비 및 스킬 등)는?,만족,9,26.0,34
2025년 기반시설보안정책(1차),21,instructor,우주항공 보안 위협 및 사이버안보 이슈(강사: 엄정식 교수) 과목의 강의 만족도(강의 준비 및 스킬 등)는?,보통,1,2.0,34
2025년 기반시설보안정책(1차),21,instructor,우주항공 보안 위협 및 사이버안보 이슈(강사: 엄정식 교수) 과목의 강의 만족도(강의 준비 및 스킬 등)는?,불만족,0,0.0,34
2025년 기반시설보안정책(1차),21,instructor,우주항공 보안 위협 및 사이버안보 이슈(강사: 엄정식 교수) 과목의 강의 만족도(강의 준비 및 스킬 등)는?,매우 불만족,0,0.0,34
2025년 기반시설보안정책(1차),22,instructor,우주항공 보안 위협 및 사이버안보 이슈(강사: 엄정식 교수) 과목의 강의 내용 만족도(강의 컨텐츠 구성 등)는?,매우 만족,25,73.0,34
2025년 기반시설보안정책(1차),22,instructor,우주항공 보안 위협 및 사이버안보 이슈(강사: 엄정식 교수) 과목의 강의 내용 만족도(강의 컨텐츠 구성 등)는?,만족,9,26.0,34
2025년 기반시설보안정책(1차),22,instructor,우주항공 보안 위협 및 사이버안보 이슈(강사: 엄정식 교수) 과목의 강의 내용 만족도(강의 컨텐츠 구성 등)는?,보통,0,0.0,34
2025년 기반시설보안정책(1차),22,instructor,우주항공 보안 위협 및 사이버안보 이슈(강사: 엄정식 교수) 과목의 강의 내용 만족도(강의 컨텐츠 구성 등)는?,불만족,0,0.0,34
2025년 기반시설보안정책(1차),22,instructor,우주항공 보안 위협 및 사이버안보 이슈(강사: 엄정식 교수) 과목의 강의 내용 만족도(강의 컨텐츠 구성 등)는?,매우 불만족,0,0.0,34
2025년 기반시설보안정책(1차),23,instructor,북한의 안보 위협과 우리의 대응(강사: 주승현 교수) 과목의 강의 만족도(강의 준비 및 스킬 등)는?,매우 만족,25,73.0,34
2025년 기반시설보안정책(1차),23,instructor,북한의 안보 위협과 우리의 대응(강사: 주승현 교수) 과목의 강의 만족도(강의 준비 및 스킬 등)는?, 만족,7,20.0,34
2025년 기반시설보안정책(1차),23,instructor,북한의 안보 위협과 우리의 대응(강사: 주승현 교수) 과목의 강의 만족도(강의 준비 및 스킬 등)는?,보통,1,2.0,34
2025년 기반시설보안정책(1차),23,instructor,북한의 안보 위협과 우리의 대응(강사: 주승현 교수) 과목의 강의 만족도(강의 준비 및 스킬 등)는?,불만족,1,2.0,34
2025년 기반시설보안정책(1차),23,instructor,북한의 안보 위협과 우리의 대응(강사: 주승현 교수) 과목의 강의 만족도(강의 준비 및 스킬 등)는?,매우 불만족,0,0.0,34
2025년 기반시설보안정책(1차),24,instructor,북한의 안보 위협과 우리의 대응(강사: 주승현 교수) 과목의 강의 내용 만족도(강의 컨텐츠 구성 등)는?,매우 만족,24,70.0,34
2025년 기반시설보안정책(1차),24,instructor,북한의 안보 위협과 우리의 대응(강사: 주승현 교수) 과목의 강의 내용 만족도(강의 컨텐츠 구성 등)는?,만족,6,17.0,34
2025년 기반시설보안정책(1차),24,instructor,북한의 안보 위협과 우리의 대응(강사: 주승현 교수) 과목의 강의 내용 만족도(강의 컨텐츠 구성 등)는?,보통,2,5.0,34
2025년 기반시설보안정책(1차),24,instructor,북한의 안보 위협과 우리의 대응(강사: 주승현 교수) 과목의 강의 내용 만족도(강의 컨텐츠 구성 등)는?,불만족,1,2.0,34
2025년 기반시설보안정책(1차),24,instructor,북한의 안보 위협과 우리의 대응(강사: 주승현 교수) 과목의 강의 내용 만족도(강의 컨텐츠 구성 등)는?,매우 불만족,1,2.0,34
2025년 기반시설보안정책(1차),25,instructor," 스마트 물류 시대, 선박 사이버보안 위협 사례와 동향(강사: 안영중 교수) 과목의 강의 만족도(강의 준비 및 스킬 등)는?",매우 만족,25,73.0,34
2025년 기반시설보안정책(1차),25,instructor," 스마트 물류 시대, 선박 사이버보안 위협 사례와 동향(강사: 안영중 교수) 과목의 강의 만족도(강의 준비 및 스킬 등)는?",만족,8,23.0,34
2025년 기반시설보안정책(1차),25,instructor," 스마트 물류 시대, 선박 사이버보안 위협 사례와 동향(강사: 안영중 교수) 과목의 강의 만족도(강의 준비 및 스킬 등)는?",보통,1,2.0,34
2025년 기반시설보안정책(1차),25,instructor," 스마트 물류 시대, 선박 사이버보안 위협 사례와 동향(강사: 안영중 교수) 과목의 강의 만족도(강의 준비 및 스킬 등)는?",불만족,0,0.0,34
2025년 기반시설보안정책(1차),25,instructor," 스마트 물류 시대, 선박 사이버보안 위협 사례와 동향(강사: 안영중 교수) 과목의 강의 만족도(강의 준비 및 스킬 등)는?",매우 불만족,0,0.0,34
2025년 기반시설보안정책(1차),26,instructor,"스마트 물류 시대, 선박 사이버보안 위협 사례와 동향(강사: 안영중 교수) 과목의 강의 내용 만족도(강의 컨텐츠 구성 등)는?",매우 만족,25,73.0,34
2025년 기반시설보안정책(1차),26,instructor,"스마트 물류 시대, 선박 사이버보안 위협 사례와 동향(강사: 안영중 교수) 과목의 강의 내용 만족도(강의 컨텐츠 구성 등)는?",만족,7,20.0,34
2025년 기반시설보안정책(1차),26,instructor,"스마트 물류 시대, 선박 사이버보안 위협 사례와 동향(강사: 안영중 교수) 과목의 강의 내용 만족도(강의 컨텐츠 구성 등)는?",보통,2,5.0,34
2025년 기반시설보안정책(1차),26,instructor,"스마트 물류 시대, 선박 사이버보안 위협 사례와 동향(강사: 안영중 교수) 과목의 강의 내용 만족도(강의 컨텐츠 구성 등)는?",불만족,0,0.0,34
2025년 기반시설보안정책(1차),26,instructor,"스마트 물류 시대, 선박 사이버보안 위협 사례와 동향(강사: 안영중 교수) 과목의 강의 내용 만족도(강의 컨텐츠 구성 등)는?",매우 불만족,0,0.0,34
2025년 기반시설보안정책(1차),27,instructor,항만 기반 시설의 보안 이슈 및 기술 동향(강사: 김호원 교수) 과목의 강의 만족도(강의 준비 및 스킬 등)는?,매우 만족,26,76.0,34
2025년 기반시설보안정책(1차),27,instructor,항만 기반 시설의 보안 이슈 및 기술 동향(강사: 김호원 교수) 과목의 강의 만족도(강의 준비 및 스킬 등)는?,만족,7,20.0,34
2025년 기반시설보안정책(1차),27,instructor,항만 기반 시설의 보안 이슈 및 기술 동향(강사: 김호원 교수) 과목의 강의 만족도(강의 준비 및 스킬 등)는?,보통,1,2.0,34
2025년 기반시설보안정책(1차),27,instructor,항만 기반 시설의 보안 이슈 및 기술 동향(강사: 김호원 교수) 과목의 강의 만족도(강의 준비 및 스킬 등)는?,불만족,0,0.0,34
2025년 기반시설보안정책(1차),27,instructor,항만 기반 시설의 보안 이슈 및 기술 동향(강사: 김호원 교수) 과목의 강의 만족도(강의 준비 및 스킬 등)는?,매우 불만족,0,0.0,34
2025년 기반시설보안정책(1차),28,instructor,항만 기반 시설의 보안 이슈 및 기술 동향(강사: 김호원 교수) 과목의 강의 내용 만족도(강의 컨텐츠 구성 등)는?,매우 만족,26,76.0,34
2025년 기반시설보안정책(1차),28,instructor,항만 기반 시설의 보안 이슈 및 기술 동향(강사: 김호원 교수) 과목의 강의 내용 만족도(강의 컨텐츠 구성 등)는?,만족,6,17.0,34
2025년 기반시설보안정책(1차),28,instructor,항만 기반 시설의 보안 이슈 및 기술 동향(강사: 김호원 교수) 과목의 강의 내용 만족도(강의 컨텐츠 구성 등)는?,보통,2,5.0,34
2025년 기반시설보안정책(1차),28,instructor,항만 기반 시설의 보안 이슈 및 기술 동향(강사: 김호원 교수) 과목의 강의 내용 만족도(강의 컨텐츠 구성 등)는?,불만족,0,0.0,34
2025년 기반시설보안정책(1차),28,instructor,항만 기반 시설의 보안 이슈 및 기술 동향(강사: 김호원 교수) 과목의 강의 내용 만족도(강의 컨텐츠 구성 등)는?,매우 불만족,0,0.0,34
2025년 기반시설보안정책(1차),29,instructor,디지털전환 시대 에너지 안보 및 대응(강사: 정천현 팀장) 과목의 강의 만족도(강의 준비 및 스킬 등)는?,매우 만족,22,64.0,34
2025년 기반시설보안정책(1차),29,instructor,디지털전환 시대 에너지 안보 및 대응(강사: 정천현 팀장) 과목의 강의 만족도(강의 준비 및 스킬 등)는?,만족,11,32.0,34
2025년 기반시설보안정책(1차),29,instructor,디지털전환 시대 에너지 안보 및 대응(강사: 정천현 팀장) 과목의 강의 만족도(강의 준비 및 스킬 등)는?,보통,1,2.0,34
2025년 기반시설보안정책(1차),29,instructor,디지털전환 시대 에너지 안보 및 대응(강사: 정천현 팀장) 과목의 강의 만족도(강의 준비 및 스킬 등)는?,불만족,0,0.0,34
2025년 기반시설보안정책(1차),29,instructor,디지털전환 시대 에너지 안보 및 대응(강사: 정천현 팀장) 과목의 강의 만족도(강의 준비 및 스킬 등)는?,매우 불만족,0,0.0,34
2025년 기반시설보안정책(1차),30,instructor,디지털전환 시대 에너지 안보 및 대응(강사: 정천현 팀장) 과목의 강의 내용 만족도(강의 컨텐츠 구성 등)는?,매우 만족,23,67.0,34
2025년 기반시설보안정책(1차),30,instructor,디지털전환 시대 에너지 안보 및 대응(강사: 정천현 팀장) 과목의 강의 내용 만족도(강의 컨텐츠 구성 등)는?,만족,9,26.0,34
2025년 기반시설보안정책(1차),30,instructor,디지털전환 시대 에너지 안보 및 대응(강사: 정천현 팀장) 과목의 강의 내용 만족도(강의 컨텐츠 구성 등)는?,보통,2,5.0,34
2025년 기반시설보안정책(1차),30,instructor,디지털전환 시대 에너지 안보 및 대응(강사: 정천현 팀장) 과목의 강의 내용 만족도(강의 컨텐츠 구성 등)는?,불만족,0,0.0,34
2025년 기반시설보안정책(1차),30,instructor,디지털전환 시대 에너지 안보 및 대응(강사: 정천현 팀장) 과목의 강의 내용 만족도(강의 컨텐츠 구성 등)는?,매우 불만족,0,0.0,34
2025년 기반시설보안정책(1차),31,instructor,제로트러스트 기반 보안 운영시스템 위협 및 대응 사례(강사: 홍우식 팀장) 과목의 강의 만족도(강의 준비 및 스킬 등)는?,매우 만족,22,64.0,34
2025년 기반시설보안정책(1차),31,instructor,제로트러스트 기반 보안 운영시스템 위협 및 대응 사례(강사: 홍우식 팀장) 과목의 강의 만족도(강의 준비 및 스킬 등)는?,만족,7,20.0,34
2025년 기반시설보안정책(1차),31,instructor,제로트러스트 기반 보안 운영시스템 위협 및 대응 사례(강사: 홍우식 팀장) 과목의 강의 만족도(강의 준비 및 스킬 등)는?,보통,3,8.0,34
2025년 기반시설보안정책(1차),31,instructor,제로트러스트 기반 보안 운영시스템 위협 및 대응 사례(강사: 홍우식 팀장) 과목의 강의 만족도(강의 준비 및 스킬 등)는?,불만족,2,5.0,34
2025년 기반시설보안정책(1차),31,instructor,제로트러스트 기반 보안 운영시스템 위협 및 대응 사례(강사: 홍우식 팀장) 과목의 강의 만족도(강의 준비 및 스킬 등)는?,매우 불만족,0,0.0,34
2025년 기반시설보안정책(1차),32,instructor,제로트러스트 기반 보안 운영시스템 위협 및 대응 사례(강사: 홍우식 팀장) 과목의 강의 내용 만족도(강의 컨텐츠 구성 등)는?,매우 만족,21,61.0,34
2025년 기반시설보안정책(1차),32,instructor,제로트러스트 기반 보안 운영시스템 위협 및 대응 사례(강사: 홍우식 팀장) 과목의 강의 내용 만족도(강의 컨텐츠 구성 등)는?,만족,8,23.0,34
2025년 기반시설보안정책(1차),32,instructor,제로트러스트 기반 보안 운영시스템 위협 및 대응 사례(강사: 홍우식 팀장) 과목의 강의 내용 만족도(강의 컨텐츠 구성 등)는?,보통,3,8.0,34
2025년 기반시설보안정책(1차),32,instructor,제로트러스트 기반 보안 운영시스템 위협 및 대응 사례(강사: 홍우식 팀장) 과목의 강의 내용 만족도(강의 컨텐츠 구성 등)는?,불만족,2,5.0,34
2025년 기반시설보안정책(1차),32,instructor,제로트러스트 기반 보안 운영시스템 위협 및 대응 사례(강사: 홍우식 팀장) 과목의 강의 내용 만족도(강의 컨텐츠 구성 등)는?,매우 불만족,0,0.0,34
2025년 기반시설보안정책(2차),1,other,귀하께서는 어떤 목적으로 이번 사이버안보훈련센터의 교육과정을 수강하셨습니까?,보안 인식 제고,7,25.0,27
2025년 기반시설보안정책(2차),1,other,귀하께서는 어떤 목적으로 이번 사이버안보훈련센터의 교육과정을 수강하셨습니까?,보안기술 능력 향상,8,29.0,27
2025년 기반시설보안정책(2차),1,other,귀하께서는 어떤 목적으로 이번 사이버안보훈련센터의 교육과정을 수강하셨습니까?,업무에의 활용,8,29.0,27
2025년 기반시설보안정책(2차),1,other,귀하께서는 어떤 목적으로 이번 사이버안보훈련센터의 교육과정을 수강하셨습니까?,교육 의무 시간 이수,2,7.0,27
2025년 기반시설보안정책(2차),1,other,귀하께서는 어떤 목적으로 이번 사이버안보훈련센터의 교육과정을 수강하셨습니까?,상급자 / 동료의 추천,2,7.0,27
2025년 기반시설보안정책(2차),1,other,귀하께서는 어떤 목적으로 이번 사이버안보훈련센터의 교육과정을 수강하셨습니까?,기타,0,0.0,27
2025년 기반시설보안정책(2차),2,difficulty,이번 교육의 난이도는 어떠하였습니까?,쉽다,2,7.0,27
2025년 기반시설보안정책(2차),2,difficulty,이번 교육의 난이도는 어떠하였습니까?,적당하다,24,88.0,27
2025년 기반시설보안정책(2차),2,difficulty,이번 교육의 난이도는 어떠하였습니까?,어렵다,1,3.0,27
2025년 기반시설보안정책(2차),4,satisfaction,이번 교육의 만족도는 어떠하였습니까?,높음,23,85.0,27
2025년 기반시설보안정책(2차),4,satisfaction,이번 교육의 만족도는 어떠하였습니까?,보통이다,4,14.0,27
2025년 기반시설보안정책(2차),4,satisfaction,이번 교육의 만족도는 어떠하였습니까?,낮음,0,0.0,27
2025년 기반시설보안정책(2차),6,utility,이번 교육의 업무 활용도는 어떠하십니까?,높음,17,62.0,27
2025년 기반시설보안정책(2차),6,utility,이번 교육의 업무 활용도는 어떠하십니까?,보통이다,10,37.0,27
2025년 기반시설보안정책(2차),6,utility,이번 교육의 업무 활용도는 어떠하십니까?,낮음,0,0.0,27
2025년 기반시설보안정책(2차),8,diff_inst,다른 기관과의 교육 차별성은 어떠하십니까?,차별성 있다,24,88.0,27
2025년 기반시설보안정책(2차),8,diff_inst,다른 기관과의 교육 차별성은 어떠하십니까?,보통이다,3,11.0,27
2025년 기반시설보안정책(2차),8,diff_inst,다른 기관과의 교육 차별성은 어떠하십니까?,차별성없다,0,0.0,27
2025년 기반시설보안정책(2차),10,duration,교육 시간은 적절하다고 생각하십니까?,적절하다,20,74.0,27
2025년 기반시설보안정책(2차),10,duration,교육 시간은 적절하다고 생각하십니까?,보통이다,6,22.0,27
2025년 기반시설보안정책(2차),10,duration,교육 시간은 적절하다고 생각하십니까?,적절하지 않다.,1,3.0,27
2025년 기반시설보안정책(2차),12,other,본 교육의 가장 적당한 교육기간은 며칠이라고 생각하십니까?,2일,2,7.0,27
2025년 기반시설보안정책(2차),12,other,본 교육의 가장 적당한 교육기간은 며칠이라고 생각하십니까?,3일,23,85.0,27
2025년 기반시설보안정책(2차),12,other,본 교육의 가장 적당한 교육기간은 며칠이라고 생각하십니까?,3일 초과,2,7.0,27
2025년 기반시설보안정책(2차),13,needs,"국가공공 기관 및 정보통신기반시설의 정보화, 정보보호 담당자에게 꼭 필요한 사이버안보 교육에는 어떤 것이 있을까요?",포렌식 분야 교육/훈련,2,7.0,27
2025년 기반시설보안정책(2차),13,needs,"국가공공 기관 및 정보통신기반시설의 정보화, 정보보호 담당자에게 꼭 필요한 사이버안보 교육에는 어떤 것이 있을까요?",악성코드 분석 교육/훈련,1,3.0,27
2025년 기반시설보안정책(2차),13,needs,"국가공공 기관 및 정보통신기반시설의 정보화, 정보보호 담당자에게 꼭 필요한 사이버안보 교육에는 어떤 것이 있을까요?",모바일 분야 교육/훈련,2,7.0,27
2025년 기반시설보안정책(2차),13,needs,"국가공공 기관 및 정보통신기반시설의 정보화, 정보보호 담당자에게 꼭 필요한 사이버안보 교육에는 어떤 것이 있을까요?",무선랜 해킹 관련 교육/훈련,6,22.0,27
2025년 기반시설보안정책(2차),13,needs,"국가공공 기관 및 정보통신기반시설의 정보화, 정보보호 담당자에게 꼭 필요한 사이버안보 교육에는 어떤 것이 있을까요?",서버 취약점 공격 대응 교육/훈련,6,22.0,27
2025년 기반시설보안정책(2차),13,needs,"국가공공 기관 및 정보통신기반시설의 정보화, 정보보호 담당자에게 꼭 필요한 사이버안보 교육에는 어떤 것이 있을까요?",시스템 보안강화(System Hardening) 교육/훈련,4,14.0,27
2025년 기반시설보안정책(2차),13,needs,"국가공공 기관 및 정보통신기반시설의 정보화, 정보보호 담당자에게 꼭 필요한 사이버안보 교육에는 어떤 것이 있을까요?",정보유출 사건에 대한 교육/훈련,4,14.0,27
2025년 기반시설보안정책(2차),13,needs,"국가공공 기관 및 정보통신기반시설의 정보화, 정보보호 담당자에게 꼭 필요한 사이버안보 교육에는 어떤 것이 있을까요?",정보보호 시스템 관리 교육/훈련,2,7.0,27
2025년 기반시설보안정책(2차),16,instructor,우주 사이버보안 이슈(강사: 엄정식 교수) 과목의 강의 만족도(강의 준비 및 스킬 등)는?,매우 만족,23,85.0,27
2025년 기반시설보안정책(2차),16,instructor,우주 사이버보안 이슈(강사: 엄정식 교수) 과목의 강의 만족도(강의 준비 및 스킬 등)는?,만족,4,14.0,27
2025년 기반시설보안정책(2차),16,instructor,우주 사이버보안 이슈(강사: 엄정식 교수) 과목의 강의 만족도(강의 준비 및 스킬 등)는?,보통,0,0.0,27
2025년 기반시설보안정책(2차),16,instructor,우주 사이버보안 이슈(강사: 엄정식 교수) 과목의 강의 만족도(강의 준비 및 스킬 등)는?,불만족,0,0.0,27
2025년 기반시설보안정책(2차),16,instructor,우주 사이버보안 이슈(강사: 엄정식 교수) 과목의 강의 만족도(강의 준비 및 스킬 등)는?,매우 불만족,0,0.0,27
2025년 기반시설보안정책(2차),17,instructor,우주 사이버보안 이슈(강사: 엄정식 교수) 과목의 강의 내용 만족도(강의 컨텐츠 구성 등)는?,매우 만족,23,85.0,27
2025년 기반시설보안정책(2차),17,instructor,우주 사이버보안 이슈(강사: 엄정식 교수) 과목의 강의 내용 만족도(강의 컨텐츠 구성 등)는?,만족,4,14.0,27
2025년 기반시설보안정책(2차),17,instructor,우주 사이버보안 이슈(강사: 엄정식 교수) 과목의 강의 내용 만족도(강의 컨텐츠 구성 등)는?,보통,0,0.0,27
2025년 기반시설보안정책(2차),17,instructor,우주 사이버보안 이슈(강사: 엄정식 교수) 과목의 강의 내용 만족도(강의 컨텐츠 구성 등)는?,불만족,0,0.0,27
2025년 기반시설보안정책(2차),17,instructor,우주 사이버보안 이슈(강사: 엄정식 교수) 과목의 강의 내용 만족도(강의 컨텐츠 구성 등)는?,매우 불만족,0,0.0,27
2025년 기반시설보안정책(2차),18,instructor,드론 보안 위협 및 대응(강사: 조진성 교수) 과목의 강의 만족도(강의 준비 및 스킬 등)는?,매우 만족,24,88.0,27
2025년 기반시설보안정책(2차),18,instructor,드론 보안 위협 및 대응(강사: 조진성 교수) 과목의 강의 만족도(강의 준비 및 스킬 등)는?,만족,3,11.0,27
2025년 기반시설보안정책(2차),18,instructor,드론 보안 위협 및 대응(강사: 조진성 교수) 과목의 강의 만족도(강의 준비 및 스킬 등)는?,보통,0,0.0,27
2025년 기반시설보안정책(2차),18,instructor,드론 보안 위협 및 대응(강사: 조진성 교수) 과목의 강의 만족도(강의 준비 및 스킬 등)는?,불만족,0,0.0,27
2025년 기반시설보안정책(2차),18,instructor,드론 보안 위협 및 대응(강사: 조진성 교수) 과목의 강의 만족도(강의 준비 및 스킬 등)는?,매우 불만족,0,0.0,27
2025년 기반시설보안정책(2차),19,instructor,드론 보안 위협 및 대응(강사: 조진성 교수) 과목의 강의 내용 만족도(강의 컨텐츠 구성 등)는?,매우 만족,24,88.0,27
2025년 기반시설보안정책(2차),19,instructor,드론 보안 위협 및 대응(강사: 조진성 교수) 과목의 강의 내용 만족도(강의 컨텐츠 구성 등)는?,만족,3,11.0,27
2025년 기반시설보안정책(2차),19,instructor,드론 보안 위협 및 대응(강사: 조진성 교수) 과목의 강의 내용 만족도(강의 컨텐츠 구성 등)는?,보통,0,0.0,27
2025년 기반시설보안정책(2차),19,instructor,드론 보안 위협 및 대응(강사: 조진성 교수) 과목의 강의 내용 만족도(강의 컨텐츠 구성 등)는?,불만족,0,0.0,27
2025년 기반시설보안정책(2차),19,instructor,드론 보안 위협 및 대응(강사: 조진성 교수) 과목의 강의 내용 만족도(강의 컨텐츠 구성 등)는?,매우 불만족,0,0.0,27
2025년 기반시설보안정책(2차),20,instructor,제어시스템 사이버공격 대응(강사: 장문수 실장) 과목의 강의 만족도(강의 준비 및 스킬 등)는?,매우 만족,21,77.0,27
2025년 기반시설보안정책(2차),20,instructor,제어시스템 사이버공격 대응(강사: 장문수 실장) 과목의 강의 만족도(강의 준비 및 스킬 등)는?,만족,6,22.0,27
2025년 기반시설보안정책(2차),20,instructor,제어시스템 사이버공격 대응(강사: 장문수 실장) 과목의 강의 만족도(강의 준비 및 스킬 등)는?,보통,0,0.0,27
2025년 기반시설보안정책(2차),20,instructor,제어시스템 사이버공격 대응(강사: 장문수 실장) 과목의 강의 만족도(강의 준비 및 스킬 등)는?,불만족,0,0.0,27
2025년 기반시설보안정책(2차),20,instructor,제어시스템 사이버공격 대응(강사: 장문수 실장) 과목의 강의 만족도(강의 준비 및 스킬 등)는?,매우 불만족,0,0.0,27
2025년 기반시설보안정책(2차),21,instructor,제어시스템 사이버공격 대응(강사: 장문수 실장) 과목의 강의 내용 만족도(강의 컨텐츠 구성 등)는?,매우 만족,21,77.0,27
2025년 기반시설보안정책(2차),21,instructor,제어시스템 사이버공격 대응(강사: 장문수 실장) 과목의 강의 내용 만족도(강의 컨텐츠 구성 등)는?,만족,6,22.0,27
2025년 기반시설보안정책(2차),21,instructor,제어시스템 사이버공격 대응(강사: 장문수 실장) 과목의 강의 내용 만족도(강의 컨텐츠 구성 등)는?,보통,0,0.0,27
2025년 기반시설보안정책(2차),21,instructor,제어시스템 사이버공격 대응(강사: 장문수 실장) 과목의 강의 내용 만족도(강의 컨텐츠 구성 등)는?,불만족,0,0.0,27
2025년 기반시설보안정책(2차),21,instructor,제어시스템 사이버공격 대응(강사: 장문수 실장) 과목의 강의 내용 만족도(강의 컨텐츠 구성 등)는?,매우 불만족,0,0.0,27
2025년 기반시설보안정책(2차),22,instructor,선박 사이버보안의 현황과 대응 전략(강사: 이민우 교수) 과목의 강의 만족도(강의 준비 및 스킬 등)는?,매우 만족,24,88.0,27
2025년 기반시설보안정책(2차),22,instructor,선박 사이버보안의 현황과 대응 전략(강사: 이민우 교수) 과목의 강의 만족도(강의 준비 및 스킬 등)는?, 만족,3,11.0,27
2025년 기반시설보안정책(2차),22,instructor,선박 사이버보안의 현황과 대응 전략(강사: 이민우 교수) 과목의 강의 만족도(강의 준비 및 스킬 등)는?,보통,0,0.0,27
2025년 기반시설보안정책(2차),22,instructor,선박 사이버보안의 현황과 대응 전략(강사: 이민우 교수) 과목의 강의 만족도(강의 준비 및 스킬 등)는?,불만족,0,0.0,27
2025년 기반시설보안정책(2차),22,instructor,선박 사이버보안의 현황과 대응 전략(강사: 이민우 교수) 과목의 강의 만족도(강의 준비 및 스킬 등)는?,매우 불만족,0,0.0,27
2025년 기반시설보안정책(2차),23,instructor,선박 사이버보안의 현황과 대응 전략(강사: 이민우 교수)  과목의 강의 내용 만족도(강의 컨텐츠 구성 등)는?,매우 만족,24,88.0,27
2025년 기반시설보안정책(2차),23,instructor,선박 사이버보안의 현황과 대응 전략(강사: 이민우 교수)  과목의 강의 내용 만족도(강의 컨텐츠 구성 등)는?,만족,3,11.0,27
2025년 기반시설보안정책(2차),23,instructor,선박 사이버보안의 현황과 대응 전략(강사: 이민우 교수)  과목의 강의 내용 만족도(강의 컨텐츠 구성 등)는?,보통,0,0.0,27
2025년 기반시설보안정책(2차),23,instructor,선박 사이버보안의 현황과 대응 전략(강사: 이민우 교수)  과목의 강의 내용 만족도(강의 컨텐츠 구성 등)는?,불만족,0,0.0,27
2025년 기반시설보안정책(2차),23,instructor,선박 사이버보안의 현황과 대응 전략(강사: 이민우 교수)  과목의 강의 내용 만족도(강의 컨텐츠 구성 등)는?,매우 불만족,0,0.0,27
2025년 기반시설보안정책(2차),24,instructor,자율운항선박 사이버보안 개요(강사: 차영균 교수) 과목의 강의 만족도(강의 준비 및 스킬 등)는?,매우 만족,21,77.0,27
2025년 기반시설보안정책(2차),24,instructor,자율운항선박 사이버보안 개요(강사: 차영균 교수) 과목의 강의 만족도(강의 준비 및 스킬 등)는?,만족,6,22.0,27
2025년 기반시설보안정책(2차),24,instructor,자율운항선박 사이버보안 개요(강사: 차영균 교수) 과목의 강의 만족도(강의 준비 및 스킬 등)는?,보통,0,0.0,27
2025년 기반시설보안정책(2차),24,instructor,자율운항선박 사이버보안 개요(강사: 차영균 교수) 과목의 강의 만족도(강의 준비 및 스킬 등)는?,불만족,0,0.0,27
2025년 기반시설보안정책(2차),24,instructor,자율운항선박 사이버보안 개요(강사: 차영균 교수) 과목의 강의 만족도(강의 준비 및 스킬 등)는?,매우 불만족,0,0.0,27
2025년 기반시설보안정책(2차),25,instructor,자율운항선박 사이버보안 개요(강사: 차영균 교수)  과목의 강의 내용 만족도(강의 컨텐츠 구성 등)는?,매우 만족,20,74.0,27
2025년 기반시설보안정책(2차),25,instructor,자율운항선박 사이버보안 개요(강사: 차영균 교수)  과목의 강의 내용 만족도(강의 컨텐츠 구성 등)는?,만족,7,25.0,27
2025년 기반시설보안정책(2차),25,instructor,자율운항선박 사이버보안 개요(강사: 차영균 교수)  과목의 강의 내용 만족도(강의 컨텐츠 구성 등)는?,보통,0,0.0,27
2025년 기반시설보안정책(2차),25,instructor,자율운항선박 사이버보안 개요(강사: 차영균 교수)  과목의 강의 내용 만족도(강의 컨텐츠 구성 등)는?,불만족,0,0.0,27
2025년 기반시설보안정책(2차),25,instructor,자율운항선박 사이버보안 개요(강사: 차영균 교수)  과목의 강의 내용 만족도(강의 컨텐츠 구성 등)는?,매우 불만족,0,0.0,27
2025년 기반시설보안정책(2차),26,instructor,항공기와 항공 보안 위협 및 대응(강사: 황경철 교수) 과목의 강의 만족도(강의 준비 및 스킬 등)는?,매우 만족,24,88.0,27
2025년 기반시설보안정책(2차),26,instructor,항공기와 항공 보안 위협 및 대응(강사: 황경철 교수) 과목의 강의 만족도(강의 준비 및 스킬 등)는?,만족,3,11.0,27
2025년 기반시설보안정책(2차),26,instructor,항공기와 항공 보안 위협 및 대응(강사: 황경철 교수) 과목의 강의 만족도(강의 준비 및 스킬 등)는?,보통,0,0.0,27
2025년 기반시설보안정책(2차),26,instructor,항공기와 항공 보안 위협 및 대응(강사: 황경철 교수) 과목의 강의 만족도(강의 준비 및 스킬 등)는?,불만족,0,0.0,27
2025년 기반시설보안정책(2차),26,instructor,항공기와 항공 보안 위협 및 대응(강사: 황경철 교수) 과목의 강의 만족도(강의 준비 및 스킬 등)는?,매우 불만족,0,0.0,27
2025년 기반시설보안정책(2차),27,instructor,항공기와 항공 보안 위협 및 대응(강사: 황경철 교수) 과목의 강의 내용 만족도(강의 컨텐츠 구성 등)는?,매우 만족,22,81.0,27
2025년 기반시설보안정책(2차),27,instructor,항공기와 항공 보안 위협 및 대응(강사: 황경철 교수) 과목의 강의 내용 만족도(강의 컨텐츠 구성 등)는?,만족,5,18.0,27
2025년 기반시설보안정책(2차),27,instructor,항공기와 항공 보안 위협 및 대응(강사: 황경철 교수) 과목의 강의 내용 만족도(강의 컨텐츠 구성 등)는?,보통,0,0.0,27
2025년 기반시설보안정책(2차),27,instructor,항공기와 항공 보안 위협 및 대응(강사: 황경철 교수) 과목의 강의 내용 만족도(강의 컨텐츠 구성 등)는?,불만족,0,0.0,27
2025년 기반시설보안정책(2차),27,instructor,항공기와 항공 보안 위협 및 대응(강사: 황경철 교수) 과목의 강의 내용 만족도(강의 컨텐츠 구성 등)는?,매우 불만족,0,0.0,27
2025년 기반시설보안정책(2차),28,instructor,제로트러스트 기반 보안 운영시스템 위협 및 대응 사례(강사: 홍우식 팀장) 과목의 강의 만족도(강의 준비 및 스킬 등)는?,매우 만족,19,70.0,27
2025년 기반시설보안정책(2차),28,instructor,제로트러스트 기반 보안 운영시스템 위협 및 대응 사례(강사: 홍우식 팀장) 과목의 강의 만족도(강의 준비 및 스킬 등)는?, 만족,6,22.0,27
2025년 기반시설보안정책(2차),28,instructor,제로트러스트 기반 보안 운영시스템 위협 및 대응 사례(강사: 홍우식 팀장) 과목의 강의 만족도(강의 준비 및 스킬 등)는?,보통,2,7.0,27
2025년 기반시설보안정책(2차),28,instructor,제로트러스트 기반 보안 운영시스템 위협 및 대응 사례(강사: 홍우식 팀장) 과목의 강의 만족도(강의 준비 및 스킬 등)는?,불만족,0,0.0,27
2025년 기반시설보안정책(2차),28,instructor,제로트러스트 기반 보안 운영시스템 위협 및 대응 사례(강사: 홍우식 팀장) 과목의 강의 만족도(강의 준비 및 스킬 등)는?,매우 불만족,0,0.0,27
2025년 기반시설보안정책(2차),29,instructor,제로트러스트 기반 보안 운영시스템 위협 및 대응 사례(강사: 홍우식 팀장) 과목의 강의 내용 만족도(강의 컨텐츠 구성 등)는?,매우 만족,20,74.0,27
2025년 기반시설보안정책(2차),29,instructor,제로트러스트 기반 보안 운영시스템 위협 및 대응 사례(강사: 홍우식 팀장) 과목의 강의 내용 만족도(강의 컨텐츠 구성 등)는?,만족,5,18.0,27
2025년 기반시설보안정책(2차),29,instructor,제로트러스트 기반 보안 운영시스템 위협 및 대응 사례(강사: 홍우식 팀장) 과목의 강의 내용 만족도(강의 컨텐츠 구성 등)는?,보통,2,7.0,27
2025년 기반시설보안정책(2차),29,instructor,제로트러스트 기반 보안 운영시스템 위협 및 대응 사례(강사: 홍우식 팀장) 과목의 강의 내용 만족도(강의 컨텐츠 구성 등)는?,불만족,0,0.0,27
2025년 기반시설보안정책(2차),29,instructor,제로트러스트 기반 보안 운영시스템 위협 및 대응 사례(강사: 홍우식 팀장) 과목의 강의 내용 만족도(강의 컨텐츠 구성 등)는?,매우 불만족,0,0.0,27
2025년 랜섬웨어 원리 및 대응(1차),1,other,귀하께서는 어떤 목적으로 이번 사이버안보훈련센터의 교육과정을 수강하셨습니까?,보안 인식 제고,2,11.0,17
2025년 랜섬웨어 원리 및 대응(1차),1,other,귀하께서는 어떤 목적으로 이번 사이버안보훈련센터의 교육과정을 수강하셨습니까?,보안기술 능력 향상,7,41.0,17
2025년 랜섬웨어 원리 및 대응(1차),1,other,귀하께서는 어떤 목적으로 이번 사이버안보훈련센터의 교육과정을 수강하셨습니까?,업무에의 활용,4,23.0,17
2025년 랜섬웨어 원리 및 대응(1차),1,other,귀하께서는 어떤 목적으로 이번 사이버안보훈련센터의 교육과정을 수강하셨습니까?,교육 의무 시간 이수,4,23.0,17
2025년 랜섬웨어 원리 및 대응(1차),1,other,귀하께서는 어떤 목적으로 이번 사이버안보훈련센터의 교육과정을 수강하셨습니까?,상급자 / 동료의 추천,0,0.0,17
2025년 랜섬웨어 원리 및 대응(1차),1,other,귀하께서는 어떤 목적으로 이번 사이버안보훈련센터의 교육과정을 수강하셨습니까?,기타,0,0.0,17
2025년 랜섬웨어 원리 및 대응(1차),4,difficulty,이번 교육의 난이도는 어떠하였습니까?,쉽다,0,0.0,17
2025년 랜섬웨어 원리 및 대응(1차),4,difficulty,이번 교육의 난이도는 어떠하였습니까?,적당하다,12,70.0,17
2025년 랜섬웨어 원리 및 대응(1차),4,difficulty,이번 교육의 난이도는 어떠하였습니까?,어렵다,5,29.0,17
2025년 랜섬웨어 원리 및 대응(1차),6,satisfaction,이번 교육의 만족도는 어떠하였습니까?,높음,9,52.0,17
2025년 랜섬웨어 원리 및 대응(1차),6,satisfaction,이번 교육의 만족도는 어떠하였습니까?,보통,8,47.0,17
2025년 랜섬웨어 원리 및 대응(1차),6,satisfaction,이번 교육의 만족도는 어떠하였습니까?,낮음,0,0.0,17
2025년 랜섬웨어 원리 및 대응(1차),8,utility,이번 교육의 업무 활용도는 어떠하십니까?,높음,6,35.0,17
2025년 랜섬웨어 원리 및 대응(1차),8,utility,이번 교육의 업무 활용도는 어떠하십니까?,보통,11,64.0,17
2025년 랜섬웨어 원리 및 대응(1차),8,utility,이번 교육의 업무 활용도는 어떠하십니까?,낮음,0,0.0,17
2025년 랜섬웨어 원리 및 대응(1차),10,diff_inst,다른 기관과의 교육 차별성은 어떠하십니까?,차별성 있다,7,41.0,17
2025년 랜섬웨어 원리 및 대응(1차),10,diff_inst,다른 기관과의 교육 차별성은 어떠하십니까?,보통이다,10,58.0,17
2025년 랜섬웨어 원리 및 대응(1차),10,diff_inst,다른 기관과의 교육 차별성은 어떠하십니까?,차별성없다,0,0.0,17
2025년 랜섬웨어 원리 및 대응(1차),12,duration,교육 시간은 적절하다고 생각하십니까?,부족하다,6,35.0,17
2025년 랜섬웨어 원리 및 대응(1차),12,duration,교육 시간은 적절하다고 생각하십니까?,적절하다,11,64.0,17
2025년 랜섬웨어 원리 및 대응(1차),12,duration,교육 시간은 적절하다고 생각하십니까?,길다,0,0.0,17
2025년 랜섬웨어 원리 및 대응(1차),16,instructor,[랜섬웨어 개론](박영웅 선임연구원) 과목의 강의(강의 준비 및 강의 스킬) 만족도는?,매우 불만족,1,5.0,17
2025년 랜섬웨어 원리 및 대응(1차),16,instructor,[랜섬웨어 개론](박영웅 선임연구원) 과목의 강의(강의 준비 및 강의 스킬) 만족도는?,불만족,0,0.0,17
2025년 랜섬웨어 원리 및 대응(1차),16,instructor,[랜섬웨어 개론](박영웅 선임연구원) 과목의 강의(강의 준비 및 강의 스킬) 만족도는?,보통,3,17.0,17
2025년 랜섬웨어 원리 및 대응(1차),16,instructor,[랜섬웨어 개론](박영웅 선임연구원) 과목의 강의(강의 준비 및 강의 스킬) 만족도는?,만족,7,41.0,17
2025년 랜섬웨어 원리 및 대응(1차),16,instructor,[랜섬웨어 개론](박영웅 선임연구원) 과목의 강의(강의 준비 및 강의 스킬) 만족도는?,매우 만족,6,35.0,17
2025년 랜섬웨어 원리 및 대응(1차),17,instructor,[랜섬웨어 개론](박영웅 선임연구원) 과목의 강의 내용(강의 콘텐츠 구성 등) 만족도는?,매우 불만족,1,5.0,17
2025년 랜섬웨어 원리 및 대응(1차),17,instructor,[랜섬웨어 개론](박영웅 선임연구원) 과목의 강의 내용(강의 콘텐츠 구성 등) 만족도는?,불만족,0,0.0,17
2025년 랜섬웨어 원리 및 대응(1차),17,instructor,[랜섬웨어 개론](박영웅 선임연구원) 과목의 강의 내용(강의 콘텐츠 구성 등) 만족도는?,보통,4,23.0,17
2025년 랜섬웨어 원리 및 대응(1차),17,instructor,[랜섬웨어 개론](박영웅 선임연구원) 과목의 강의 내용(강의 콘텐츠 구성 등) 만족도는?,만족,6,35.0,17
2025년 랜섬웨어 원리 및 대응(1차),17,instructor,[랜섬웨어 개론](박영웅 선임연구원) 과목의 강의 내용(강의 콘텐츠 구성 등) 만족도는?,매우 만족,6,35.0,17
2025년 랜섬웨어 원리 및 대응(1차),18,instructor,[랜섬웨어 실습](김종길 교수) 과목의 강의(강의 준비 및 강의 스킬) 만족도는?,매우 불만족,1,5.0,17
2025년 랜섬웨어 원리 및 대응(1차),18,instructor,[랜섬웨어 실습](김종길 교수) 과목의 강의(강의 준비 및 강의 스킬) 만족도는?,불만족,1,5.0,17
2025년 랜섬웨어 원리 및 대응(1차),18,instructor,[랜섬웨어 실습](김종길 교수) 과목의 강의(강의 준비 및 강의 스킬) 만족도는?,보통,2,11.0,17
2025년 랜섬웨어 원리 및 대응(1차),18,instructor,[랜섬웨어 실습](김종길 교수) 과목의 강의(강의 준비 및 강의 스킬) 만족도는?,만족,5,29.0,17
2025년 랜섬웨어 원리 및 대응(1차),18,instructor,[랜섬웨어 실습](김종길 교수) 과목의 강의(강의 준비 및 강의 스킬) 만족도는?,매우 만족,8,47.0,17
2025년 랜섬웨어 원리 및 대응(1차),19,instructor,[랜섬웨어 실습](김종길 교수) 과목의 강의 내용(강의 콘텐츠 구성 등) 만족도는?,매우 불만족,1,5.0,17
2025년 랜섬웨어 원리 및 대응(1차),19,instructor,[랜섬웨어 실습](김종길 교수) 과목의 강의 내용(강의 콘텐츠 구성 등) 만족도는?,불만족,1,5.0,17
2025년 랜섬웨어 원리 및 대응(1차),19,instructor,[랜섬웨어 실습](김종길 교수) 과목의 강의 내용(강의 콘텐츠 구성 등) 만족도는?,보통,2,11.0,17
2025년 랜섬웨어 원리 및 대응(1차),19,instructor,[랜섬웨어 실습](김종길 교수) 과목의 강의 내용(강의 콘텐츠 구성 등) 만족도는?,만족,5,29.0,17
2025년 랜섬웨어 원리 및 대응(1차),19,instructor,[랜섬웨어 실습](김종길 교수) 과목의 강의 내용(강의 콘텐츠 구성 등) 만족도는?,매우 만족,8,47.0,17
2025년 랜섬웨어 원리 및 대응(2차),1,other,귀하께서는 어떤 목적으로 이번 사이버안보훈련센터의 교육과정을 수강하셨습니까?,보안 인식 제고,4,25.0,16
2025년 랜섬웨어 원리 및 대응(2차),1,other,귀하께서는 어떤 목적으로 이번 사이버안보훈련센터의 교육과정을 수강하셨습니까?,보안기술 능력 향상,5,31.0,16
2025년 랜섬웨어 원리 및 대응(2차),1,other,귀하께서는 어떤 목적으로 이번 사이버안보훈련센터의 교육과정을 수강하셨습니까?,업무에의 활용,3,18.0,16
2025년 랜섬웨어 원리 및 대응(2차),1,other,귀하께서는 어떤 목적으로 이번 사이버안보훈련센터의 교육과정을 수강하셨습니까?,교육 의무 시간 이수,3,18.0,16
2025년 랜섬웨어 원리 및 대응(2차),1,other,귀하께서는 어떤 목적으로 이번 사이버안보훈련센터의 교육과정을 수강하셨습니까?,상급자 / 동료의 추천,1,6.0,16
2025년 랜섬웨어 원리 및 대응(2차),1,other,귀하께서는 어떤 목적으로 이번 사이버안보훈련센터의 교육과정을 수강하셨습니까?,기타,0,0.0,16
2025년 랜섬웨어 원리 및 대응(2차),4,difficulty,이번 교육의 난이도는 어떠하였습니까?,쉽다,2,12.0,16
2025년 랜섬웨어 원리 및 대응(2차),4,difficulty,이번 교육의 난이도는 어떠하였습니까?,적당하다,12,75.0,16
2025년 랜섬웨어 원리 및 대응(2차),4,difficulty,이번 교육의 난이도는 어떠하였습니까?,어렵다,2,12.0,16
2025년 랜섬웨어 원리 및 대응(2차),6,satisfaction,이번 교육의 만족도는 어떠하였습니까?,높음,9,56.0,16
2025년 랜섬웨어 원리 및 대응(2차),6,satisfaction,이번 교육의 만족도는 어떠하였습니까?,보통,7,43.0,16
2025년 랜섬웨어 원리 및 대응(2차),6,satisfaction,이번 교육의 만족도는 어떠하였습니까?,낮음,0,0.0,16
2025년 랜섬웨어 원리 및 대응(2차),8,utility,이번 교육의 업무 활용도는 어떠하십니까?,높음,9,56.0,16
2025년 랜섬웨어 원리 및 대응(2차),8,utility,이번 교육의 업무 활용도는 어떠하십니까?,보통,4,25.0,16
2025년 랜섬웨어 원리 및 대응(2차),8,utility,이번 교육의 업무 활용도는 어떠하십니까?,낮음,3,18.0,16
2025년 랜섬웨어 원리 및 대응(2차),10,diff_inst,다른 기관과의 교육 차별성은 어떠하십니까?,차별성 있다,8,50.0,16
2025년 랜섬웨어 원리 및 대응(2차),10,diff_inst,다른 기관과의 교육 차별성은 어떠하십니까?,보통이다,8,50.0,16
2025년 랜섬웨어 원리 및 대응(2차),10,diff_inst,다른 기관과의 교육 차별성은 어떠하십니까?,차별성없다,0,0.0,16
2025년 랜섬웨어 원리 및 대응(2차),12,duration,교육 시간은 적절하다고 생각하십니까?,부족하다,4,25.0,16
2025년 랜섬웨어 원리 및 대응(2차),12,duration,교육 시간은 적절하다고 생각하십니까?,적절하다,11,68.0,16
2025년 랜섬웨어 원리 및 대응(2차),12,duration,교육 시간은 적절하다고 생각하십니까?,길다,1,6.0,16
2025년 랜섬웨어 원리 및 대응(2차),16,instructor,[랜섬웨어 개론] (박영웅 선임연구원) 과목의 강의(강의 준비 및 강의 스킬) 만족도는?,매우 불만족,0,0.0,16
2025년 랜섬웨어 원리 및 대응(2차),16,instructor,[랜섬웨어 개론] (박영웅 선임연구원) 과목의 강의(강의 준비 및 강의 스킬) 만족도는?,불만족,0,0.0,16
2025년 랜섬웨어 원리 및 대응(2차),16,instructor,[랜섬웨어 개론] (박영웅 선임연구원) 과목의 강의(강의 준비 및 강의 스킬) 만족도는?,보통,3,18.0,16
2025년 랜섬웨어 원리 및 대응(2차),16,instructor,[랜섬웨어 개론] (박영웅 선임연구원) 과목의 강의(강의 준비 및 강의 스킬) 만족도는?,만족,4,25.0,16
2025년 랜섬웨어 원리 및 대응(2차),16,instructor,[랜섬웨어 개론] (박영웅 선임연구원) 과목의 강의(강의 준비 및 강의 스킬) 만족도는?,매우 만족,9,56.0,16
2025년 랜섬웨어 원리 및 대응(2차),17,instructor,[랜섬웨어 개론] (박영웅 선임연구원) 과목의 강의 내용(강의 콘텐츠 구성 등) 만족도는?,매우 불만족,0,0.0,16
2025년 랜섬웨어 원리 및 대응(2차),17,instructor,[랜섬웨어 개론] (박영웅 선임연구원) 과목의 강의 내용(강의 콘텐츠 구성 등) 만족도는?,불만족,0,0.0,16
2025년 랜섬웨어 원리 및 대응(2차),17,instructor,[랜섬웨어 개론] (박영웅 선임연구원) 과목의 강의 내용(강의 콘텐츠 구성 등) 만족도는?,보통,3,18.0,16
2025년 랜섬웨어 원리 및 대응(2차),17,instructor,[랜섬웨어 개론] (박영웅 선임연구원) 과목의 강의 내용(강의 콘텐츠 구성 등) 만족도는?,만족,4,25.0,16
2025년 랜섬웨어 원리 및 대응(2차),17,instructor,[랜섬웨어 개론] (박영웅 선임연구원) 과목의 강의 내용(강의 콘텐츠 구성 등) 만족도는?,매우 만족,9,56.0,16
2025년 랜섬웨어 원리 및 대응(2차),18,instructor,[랜섬웨어 실습] (이화여대 김종길 교수) 과목의 강의(강의 준비 및 강의 스킬) 만족도는?,매우 불만족,0,0.0,16
2025년 랜섬웨어 원리 및 대응(2차),18,instructor,[랜섬웨어 실습] (이화여대 김종길 교수) 과목의 강의(강의 준비 및 강의 스킬) 만족도는?,불만족,0,0.0,16
2025년 랜섬웨어 원리 및 대응(2차),18,instructor,[랜섬웨어 실습] (이화여대 김종길 교수) 과목의 강의(강의 준비 및 강의 스킬) 만족도는?,보통,2,12.0,16
2025년 랜섬웨어 원리 및 대응(2차),18,instructor,[랜섬웨어 실습] (이화여대 김종길 교수) 과목의 강의(강의 준비 및 강의 스킬) 만족도는?,만족,5,31.0,16
2025년 랜섬웨어 원리 및 대응(2차),18,instructor,[랜섬웨어 실습] (이화여대 김종길 교수) 과목의 강의(강의 준비 및 강의 스킬) 만족도는?,매우 만족,9,56.0,16
2025년 랜섬웨어 원리 및 대응(2차),19,instructor,[랜섬웨어 실습] (이화여대 김종길 교수) 과목의 강의 내용(강의 콘텐츠 구성 등) 만족도는?,매우 불만족,0,0.0,16
2025년 랜섬웨어 원리 및 대응(2차),19,instructor,[랜섬웨어 실습] (이화여대 김종길 교수) 과목의 강의 내용(강의 콘텐츠 구성 등) 만족도는?,불만족,0,0.0,16
2025년 랜섬웨어 원리 및 대응(2차),19,instructor,[랜섬웨어 실습] (이화여대 김종길 교수) 과목의 강의 내용(강의 콘텐츠 구성 등) 만족도는?,보통,2,12.0,16
2025년 랜섬웨어 원리 및 대응(2차),19,instructor,[랜섬웨어 실습] (이화여대 김종길 교수) 과목의 강의 내용(강의 콘텐츠 구성 등) 만족도는?,만족,5,31.0,16
2025년 랜섬웨어 원리 및 대응(2차),19,instructor,[랜섬웨어 실습] (이화여대 김종길 교수) 과목의 강의 내용(강의 콘텐츠 구성 등) 만족도는?,매우 만족,9,56.0,16
2025년 모바일 포렌식(1차),1,other,귀하께서는 어떤 목적으로 이번 사이버안보훈련센터의 교육과정을 수강하셨습니까?,보안 인식 제고,3,16.0,17
2025년 모바일 포렌식(1차),1,other,귀하께서는 어떤 목적으로 이번 사이버안보훈련센터의 교육과정을 수강하셨습니까?,보안기술 능력 향상,10,55.0,17
2025년 모바일 포렌식(1차),1,other,귀하께서는 어떤 목적으로 이번 사이버안보훈련센터의 교육과정을 수강하셨습니까?,업무에의 활용,1,5.0,17
2025년 모바일 포렌식(1차),1,other,귀하께서는 어떤 목적으로 이번 사이버안보훈련센터의 교육과정을 수강하셨습니까?,교육 의무 시간 이수,4,22.0,17
2025년 모바일 포렌식(1차),1,other,귀하께서는 어떤 목적으로 이번 사이버안보훈련센터의 교육과정을 수강하셨습니까?,상급자 / 동료의 추천,0,0.0,17
2025년 모바일 포렌식(1차),1,other,귀하께서는 어떤 목적으로 이번 사이버안보훈련센터의 교육과정을 수강하셨습니까?,기타,0,0.0,17
2025년 모바일 포렌식(1차),2,goal,귀하는 이번 교육을 통해 스스로 생각하는 교육 목표를 어느 정도 달성했다고 생각하시나요? (100점 만점),91점~100점,8,44.0,17
2025년 모바일 포렌식(1차),2,goal,귀하는 이번 교육을 통해 스스로 생각하는 교육 목표를 어느 정도 달성했다고 생각하시나요? (100점 만점),81점~90점,6,33.0,17
2025년 모바일 포렌식(1차),2,goal,귀하는 이번 교육을 통해 스스로 생각하는 교육 목표를 어느 정도 달성했다고 생각하시나요? (100점 만점),71점~80점,4,22.0,17
2025년 모바일 포렌식(1차),2,goal,귀하는 이번 교육을 통해 스스로 생각하는 교육 목표를 어느 정도 달성했다고 생각하시나요? (100점 만점),61점~70점,0,0.0,17
2025년 모바일 포렌식(1차),2,goal,귀하는 이번 교육을 통해 스스로 생각하는 교육 목표를 어느 정도 달성했다고 생각하시나요? (100점 만점),60점 미만,0,0.0,17
2025년 모바일 포렌식(1차),6,satisfaction,이번 교육의 만족도는 어떠하였습니까?,높음,16,88.0,17
2025년 모바일 포렌식(1차),6,satisfaction,이번 교육의 만족도는 어떠하였습니까?,보통,2,11.0,17
2025년 모바일 포렌식(1차),6,satisfaction,이번 교육의 만족도는 어떠하였습니까?,낮음,0,0.0,17
2025년 모바일 포렌식(1차),8,utility,이번 교육의 업무 활용도는 어떠하십니까?,높음,5,27.0,17
2025년 모바일 포렌식(1차),8,utility,이번 교육의 업무 활용도는 어떠하십니까?,보통,12,66.0,17
2025년 모바일 포렌식(1차),8,utility,이번 교육의 업무 활용도는 어떠하십니까?,낮음,1,5.0,17
2025년 모바일 포렌식(1차),10,diff_inst,다른 기관과의 교육 차별성은 어떠하십니까?,차별성 있다,12,66.0,17
2025년 모바일 포렌식(1차),10,diff_inst,다른 기관과의 교육 차별성은 어떠하십니까?,보통이다,6,33.0,17
2025년 모바일 포렌식(1차),10,diff_inst,다른 기관과의 교육 차별성은 어떠하십니까?,차별성없다,0,0.0,17
2025년 모바일 포렌식(1차),16,instructor,[모바일포렌식 이론] (박용진 책임연구원) 과목의 강의(강의 준비 및 강의 스킬) 만족도는?,매우 불만족,0,0.0,17
2025년 모바일 포렌식(1차),16,instructor,[모바일포렌식 이론] (박용진 책임연구원) 과목의 강의(강의 준비 및 강의 스킬) 만족도는?,불만족,0,0.0,17
2025년 모바일 포렌식(1차),16,instructor,[모바일포렌식 이론] (박용진 책임연구원) 과목의 강의(강의 준비 및 강의 스킬) 만족도는?,보통,1,5.0,17
2025년 모바일 포렌식(1차),16,instructor,[모바일포렌식 이론] (박용진 책임연구원) 과목의 강의(강의 준비 및 강의 스킬) 만족도는?,만족,4,22.0,17
2025년 모바일 포렌식(1차),16,instructor,[모바일포렌식 이론] (박용진 책임연구원) 과목의 강의(강의 준비 및 강의 스킬) 만족도는?,매우 만족,13,72.0,17
2025년 모바일 포렌식(1차),17,instructor,[모바일포렌식 이론] (박용진 책임연구원) 과목의 강의 내용(강의 콘텐츠 구성 등) 만족도는?,매우 불만족,0,0.0,17
2025년 모바일 포렌식(1차),17,instructor,[모바일포렌식 이론] (박용진 책임연구원) 과목의 강의 내용(강의 콘텐츠 구성 등) 만족도는?,불만족,0,0.0,17
2025년 모바일 포렌식(1차),17,instructor,[모바일포렌식 이론] (박용진 책임연구원) 과목의 강의 내용(강의 콘텐츠 구성 등) 만족도는?,보통,1,5.0,17
2025년 모바일 포렌식(1차),17,instructor,[모바일포렌식 이론] (박용진 책임연구원) 과목의 강의 내용(강의 콘텐츠 구성 등) 만족도는?,만족,7,38.0,17
2025년 모바일 포렌식(1차),17,instructor,[모바일포렌식 이론] (박용진 책임연구원) 과목의 강의 내용(강의 콘텐츠 구성 등) 만족도는?,매우 만족,10,55.0,17
2025년 모바일 포렌식(1차),18,instructor,[모바일포렌식 실습] (장은정 책임) 과목의 강의(강의 준비 및 강의 스킬) 만족도는?,매우 불만족,0,0.0,17
2025년 모바일 포렌식(1차),18,instructor,[모바일포렌식 실습] (장은정 책임) 과목의 강의(강의 준비 및 강의 스킬) 만족도는?,불만족,0,0.0,17
2025년 모바일 포렌식(1차),18,instructor,[모바일포렌식 실습] (장은정 책임) 과목의 강의(강의 준비 및 강의 스킬) 만족도는?,보통,1,5.0,17
2025년 모바일 포렌식(1차),18,instructor,[모바일포렌식 실습] (장은정 책임) 과목의 강의(강의 준비 및 강의 스킬) 만족도는?,만족,2,11.0,17
2025년 모바일 포렌식(1차),18,instructor,[모바일포렌식 실습] (장은정 책임) 과목의 강의(강의 준비 및 강의 스킬) 만족도는?,매우 만족,15,83.0,17
2025년 모바일 포렌식(1차),19,instructor,[모바일포렌식 실습] (장은정 책임) 과목의 강의 내용(강의 콘텐츠 구성 등) 만족도는?,매우 불만족,0,0.0,17
2025년 모바일 포렌식(1차),19,instructor,[모바일포렌식 실습] (장은정 책임) 과목의 강의 내용(강의 콘텐츠 구성 등) 만족도는?,불만족,0,0.0,17
2025년 모바일 포렌식(1차),19,instructor,[모바일포렌식 실습] (장은정 책임) 과목의 강의 내용(강의 콘텐츠 구성 등) 만족도는?,보통,1,5.0,17
2025년 모바일 포렌식(1차),19,instructor,[모바일포렌식 실습] (장은정 책임) 과목의 강의 내용(강의 콘텐츠 구성 등) 만족도는?,만족,2,11.0,17
2025년 모바일 포렌식(1차),19,instructor,[모바일포렌식 실습] (장은정 책임) 과목의 강의 내용(강의 콘텐츠 구성 등) 만족도는?,매우 만족,15,83.0,17
2025년 모바일 포렌식(2차),1,other,귀하께서는 어떤 목적으로 이번 사이버안보훈련센터의 교육과정을 수강하셨습니까?,보안 인식 제고,1,10.0,10
2025년 모바일 포렌식(2차),1,other,귀하께서는 어떤 목적으로 이번 사이버안보훈련센터의 교육과정을 수강하셨습니까?,보안기술 능력 향상,5,50.0,10
2025년 모바일 포렌식(2차),1,other,귀하께서는 어떤 목적으로 이번 사이버안보훈련센터의 교육과정을 수강하셨습니까?,업무에의 활용,2,20.0,10
2025년 모바일 포렌식(2차),1,other,귀하께서는 어떤 목적으로 이번 사이버안보훈련센터의 교육과정을 수강하셨습니까?,교육 의무 시간 이수,2,20.0,10
2025년 모바일 포렌식(2차),1,other,귀하께서는 어떤 목적으로 이번 사이버안보훈련센터의 교육과정을 수강하셨습니까?,상급자 / 동료의 추천,0,0.0,10
2025년 모바일 포렌식(2차),1,other,귀하께서는 어떤 목적으로 이번 사이버안보훈련센터의 교육과정을 수강하셨습니까?,기타,0,0.0,10
2025년 모바일 포렌식(2차),2,difficulty,이번 교육의 난이도는 어떠하였습니까?,쉽다,0,0.0,10
2025년 모바일 포렌식(2차),2,difficulty,이번 교육의 난이도는 어떠하였습니까?,적당하다,10,100.0,10
2025년 모바일 포렌식(2차),2,difficulty,이번 교육의 난이도는 어떠하였습니까?,어렵다,0,0.0,10
2025년 모바일 포렌식(2차),4,satisfaction,이번 교육의 만족도는 어떠하였습니까?,높음,8,80.0,10
2025년 모바일 포렌식(2차),4,satisfaction,이번 교육의 만족도는 어떠하였습니까?,보통,2,20.0,10
2025년 모바일 포렌식(2차),4,satisfaction,이번 교육의 만족도는 어떠하였습니까?,낮음,0,0.0,10
2025년 모바일 포렌식(2차),6,utility,이번 교육의 업무 활용도는 어떠하십니까?,높음,2,20.0,10
2025년 모바일 포렌식(2차),6,utility,이번 교육의 업무 활용도는 어떠하십니까?,보통,7,70.0,10
2025년 모바일 포렌식(2차),6,utility,이번 교육의 업무 활용도는 어떠하십니까?,낮음,1,10.0,10
2025년 모바일 포렌식(2차),8,diff_inst,다른 기관과의 교육 차별성은 어떠하십니까?,차별성 있다,10,100.0,10
2025년 모바일 포렌식(2차),8,diff_inst,다른 기관과의 교육 차별성은 어떠하십니까?,보통이다,0,0.0,10
2025년 모바일 포렌식(2차),8,diff_inst,다른 기관과의 교육 차별성은 어떠하십니까?,차별성없다,0,0.0,10
2025년 모바일 포렌식(2차),10,duration,교육 시간은 적절하다고 생각하십니까?,부족하다,2,20.0,10
2025년 모바일 포렌식(2차),10,duration,교육 시간은 적절하다고 생각하십니까?,적절하다,8,80.0,10
2025년 모바일 포렌식(2차),10,duration,교육 시간은 적절하다고 생각하십니까?,길다,0,0.0,10
2025년 모바일 포렌식(2차),14,instructor,[모바일포렌식 개요 및 이론] 과목의 강의 내용(강의콘텐츠 구성 등) 만족도는?,매우 불만족,0,0.0,10
2025년 모바일 포렌식(2차),14,instructor,[모바일포렌식 개요 및 이론] 과목의 강의 내용(강의콘텐츠 구성 등) 만족도는?,불만족,0,0.0,10
2025년 모바일 포렌식(2차),14,instructor,[모바일포렌식 개요 및 이론] 과목의 강의 내용(강의콘텐츠 구성 등) 만족도는?,보통,1,10.0,10
2025년 모바일 포렌식(2차),14,instructor,[모바일포렌식 개요 및 이론] 과목의 강의 내용(강의콘텐츠 구성 등) 만족도는?,만족,0,0.0,10
2025년 모바일 포렌식(2차),14,instructor,[모바일포렌식 개요 및 이론] 과목의 강의 내용(강의콘텐츠 구성 등) 만족도는?,매우 만족,9,90.0,10
2025년 모바일 포렌식(2차),15,other,[모바일포렌식 개요 및 이론] (국보연 전재한 책임연구원)의 강의(강의 준비 및 강의 스킬) 만족도는?,매우 불만족,0,0.0,10
2025년 모바일 포렌식(2차),15,other,[모바일포렌식 개요 및 이론] (국보연 전재한 책임연구원)의 강의(강의 준비 및 강의 스킬) 만족도는?,불만족,0,0.0,10
2025년 모바일 포렌식(2차),15,other,[모바일포렌식 개요 및 이론] (국보연 전재한 책임연구원)의 강의(강의 준비 및 강의 스킬) 만족도는?,보통,1,10.0,10
2025년 모바일 포렌식(2차),15,other,[모바일포렌식 개요 및 이론] (국보연 전재한 책임연구원)의 강의(강의 준비 및 강의 스킬) 만족도는?,만족,0,0.0,10
2025년 모바일 포렌식(2차),15,other,[모바일포렌식 개요 및 이론] (국보연 전재한 책임연구원)의 강의(강의 준비 및 강의 스킬) 만족도는?,매우 만족,9,90.0,10
2025년 모바일 포렌식(2차),16,instructor,[모바일포렌식 실습] 과목의 강의 내용(강의콘텐츠 구성 등) 만족도는?,매우 불만족,0,0.0,10
2025년 모바일 포렌식(2차),16,instructor,[모바일포렌식 실습] 과목의 강의 내용(강의콘텐츠 구성 등) 만족도는?,불만족,0,0.0,10
2025년 모바일 포렌식(2차),16,instructor,[모바일포렌식 실습] 과목의 강의 내용(강의콘텐츠 구성 등) 만족도는?,보통,0,0.0,10
2025년 모바일 포렌식(2차),16,instructor,[모바일포렌식 실습] 과목의 강의 내용(강의콘텐츠 구성 등) 만족도는?,만족,1,10.0,10
2025년 모바일 포렌식(2차),16,instructor,[모바일포렌식 실습] 과목의 강의 내용(강의콘텐츠 구성 등) 만족도는?,매우 만족,9,90.0,10
2025년 모바일 포렌식(2차),17,instructor,[모바일포렌식 실습] (지엠디소프트 장은정 책임) 과목의 강의(강의 준비 및 강의 스킬) 만족도는?,매우 불만족,0,0.0,10
2025년 모바일 포렌식(2차),17,instructor,[모바일포렌식 실습] (지엠디소프트 장은정 책임) 과목의 강의(강의 준비 및 강의 스킬) 만족도는?,불만족,0,0.0,10
2025년 모바일 포렌식(2차),17,instructor,[모바일포렌식 실습] (지엠디소프트 장은정 책임) 과목의 강의(강의 준비 및 강의 스킬) 만족도는?,보통,0,0.0,10
2025년 모바일 포렌식(2차),17,instructor,[모바일포렌식 실습] (지엠디소프트 장은정 책임) 과목의 강의(강의 준비 및 강의 스킬) 만족도는?,만족,0,0.0,10
2025년 모바일 포렌식(2차),17,instructor,[모바일포렌식 실습] (지엠디소프트 장은정 책임) 과목의 강의(강의 준비 및 강의 스킬) 만족도는?,매우 만족,10,100.0,10
2025년 보안데이터 분석 및 관제(1차),1,other,귀하께서는 어떤 목적으로 이번 사이버안보훈련센터의 교육과정을 수강하셨습니까?,보안 인식 제고,4,20.0,20
2025년 보안데이터 분석 및 관제(1차),1,other,귀하께서는 어떤 목적으로 이번 사이버안보훈련센터의 교육과정을 수강하셨습니까?,보안기술 능력 향상,8,40.0,20
2025년 보안데이터 분석 및 관제(1차),1,other,귀하께서는 어떤 목적으로 이번 사이버안보훈련센터의 교육과정을 수강하셨습니까?,업무에의 활용,6,30.0,20
2025년 보안데이터 분석 및 관제(1차),1,other,귀하께서는 어떤 목적으로 이번 사이버안보훈련센터의 교육과정을 수강하셨습니까?,교육 의무 시간 이수,2,10.0,20
2025년 보안데이터 분석 및 관제(1차),1,other,귀하께서는 어떤 목적으로 이번 사이버안보훈련센터의 교육과정을 수강하셨습니까?,상급자 / 동료의 추천,0,0.0,20
2025년 보안데이터 분석 및 관제(1차),1,other,귀하께서는 어떤 목적으로 이번 사이버안보훈련센터의 교육과정을 수강하셨습니까?,기타,0,0.0,20
2025년 보안데이터 분석 및 관제(1차),4,difficulty,이번 교육의 난이도는 어떠하였습니까?,쉽다,2,10.0,20
2025년 보안데이터 분석 및 관제(1차),4,difficulty,이번 교육의 난이도는 어떠하였습니까?,적당하다,14,70.0,20
2025년 보안데이터 분석 및 관제(1차),4,difficulty,이번 교육의 난이도는 어떠하였습니까?,어렵다,4,20.0,20
2025년 보안데이터 분석 및 관제(1차),6,satisfaction,이번 교육의 만족도는 어떠하였습니까?,높음,8,40.0,20
2025년 보안데이터 분석 및 관제(1차),6,satisfaction,이번 교육의 만족도는 어떠하였습니까?,보통,10,50.0,20
2025년 보안데이터 분석 및 관제(1차),6,satisfaction,이번 교육의 만족도는 어떠하였습니까?,낮음,2,10.0,20
2025년 보안데이터 분석 및 관제(1차),8,utility,이번 교육의 업무 활용도는 어떠하십니까?,높음,6,30.0,20
2025년 보안데이터 분석 및 관제(1차),8,utility,이번 교육의 업무 활용도는 어떠하십니까?,보통,13,65.0,20
2025년 보안데이터 분석 및 관제(1차),8,utility,이번 교육의 업무 활용도는 어떠하십니까?,낮음,1,5.0,20
2025년 보안데이터 분석 및 관제(1차),10,diff_inst,다른 기관과의 교육 차별성은 어떠하십니까?,차별성 있다,10,50.0,20
2025년 보안데이터 분석 및 관제(1차),10,diff_inst,다른 기관과의 교육 차별성은 어떠하십니까?,보통이다,8,40.0,20
2025년 보안데이터 분석 및 관제(1차),10,diff_inst,다른 기관과의 교육 차별성은 어떠하십니까?,차별성없다,2,10.0,20
2025년 보안데이터 분석 및 관제(1차),12,duration,교육 시간은 적절하다고 생각하십니까?,부족하다,6,30.0,20
2025년 보안데이터 분석 및 관제(1차),12,duration,교육 시간은 적절하다고 생각하십니까?,적절하다,12,60.0,20
2025년 보안데이터 분석 및 관제(1차),12,duration,교육 시간은 적절하다고 생각하십니까?,길다,2,10.0,20
2025년 보안데이터 분석 및 관제(1차),16,instructor,"[TMS]  과목의 강의(강의 준비 및 강의 스킬, 강의 콘텐츠 구성 등) 만족도는?",매우 불만족,1,5.0,20
2025년 보안데이터 분석 및 관제(1차),16,instructor,"[TMS]  과목의 강의(강의 준비 및 강의 스킬, 강의 콘텐츠 구성 등) 만족도는?",불만족,0,0.0,20
2025년 보안데이터 분석 및 관제(1차),16,instructor,"[TMS]  과목의 강의(강의 준비 및 강의 스킬, 강의 콘텐츠 구성 등) 만족도는?",보통,5,25.0,20
2025년 보안데이터 분석 및 관제(1차),16,instructor,"[TMS]  과목의 강의(강의 준비 및 강의 스킬, 강의 콘텐츠 구성 등) 만족도는?",만족,10,50.0,20
2025년 보안데이터 분석 및 관제(1차),16,instructor,"[TMS]  과목의 강의(강의 준비 및 강의 스킬, 강의 콘텐츠 구성 등) 만족도는?",매우 만족,4,20.0,20
2025년 보안데이터 분석 및 관제(1차),17,instructor,"[SIEM]  과목의 강의(강의 준비 및 강의 스킬, 강의 콘텐츠 구성 등) 만족도는?",매우 불만족,0,0.0,20
2025년 보안데이터 분석 및 관제(1차),17,instructor,"[SIEM]  과목의 강의(강의 준비 및 강의 스킬, 강의 콘텐츠 구성 등) 만족도는?",불만족,2,10.0,20
2025년 보안데이터 분석 및 관제(1차),17,instructor,"[SIEM]  과목의 강의(강의 준비 및 강의 스킬, 강의 콘텐츠 구성 등) 만족도는?",보통,5,25.0,20
2025년 보안데이터 분석 및 관제(1차),17,instructor,"[SIEM]  과목의 강의(강의 준비 및 강의 스킬, 강의 콘텐츠 구성 등) 만족도는?",만족,8,40.0,20
2025년 보안데이터 분석 및 관제(1차),17,instructor,"[SIEM]  과목의 강의(강의 준비 및 강의 스킬, 강의 콘텐츠 구성 등) 만족도는?",매우 만족,5,25.0,20
2025년 보안데이터 분석 및 관제(1차),18,instructor,"[SOAR]  과목의 강의(강의 준비 및 강의 스킬, 강의 콘텐츠 구성 등) 만족도는?",매우 불만족,1,5.0,20
2025년 보안데이터 분석 및 관제(1차),18,instructor,"[SOAR]  과목의 강의(강의 준비 및 강의 스킬, 강의 콘텐츠 구성 등) 만족도는?",불만족,0,0.0,20
2025년 보안데이터 분석 및 관제(1차),18,instructor,"[SOAR]  과목의 강의(강의 준비 및 강의 스킬, 강의 콘텐츠 구성 등) 만족도는?",보통,5,25.0,20
2025년 보안데이터 분석 및 관제(1차),18,instructor,"[SOAR]  과목의 강의(강의 준비 및 강의 스킬, 강의 콘텐츠 구성 등) 만족도는?",만족,9,45.0,20
2025년 보안데이터 분석 및 관제(1차),18,instructor,"[SOAR]  과목의 강의(강의 준비 및 강의 스킬, 강의 콘텐츠 구성 등) 만족도는?",매우 만족,5,25.0,20
2025년 보안데이터 분석 및 관제(2차),1,other,귀하께서는 어떤 목적으로 이번 사이버안보훈련센터의 교육과정을 수강하셨습니까?,보안 인식 제고,5,20.0,24
2025년 보안데이터 분석 및 관제(2차),1,other,귀하께서는 어떤 목적으로 이번 사이버안보훈련센터의 교육과정을 수강하셨습니까?,보안기술 능력 향상,7,29.0,24
2025년 보안데이터 분석 및 관제(2차),1,other,귀하께서는 어떤 목적으로 이번 사이버안보훈련센터의 교육과정을 수강하셨습니까?,업무에의 활용,8,33.0,24
2025년 보안데이터 분석 및 관제(2차),1,other,귀하께서는 어떤 목적으로 이번 사이버안보훈련센터의 교육과정을 수강하셨습니까?,교육 의무 시간 이수,4,16.0,24
2025년 보안데이터 분석 및 관제(2차),1,other,귀하께서는 어떤 목적으로 이번 사이버안보훈련센터의 교육과정을 수강하셨습니까?,상급자 / 동료의 추천,0,0.0,24
2025년 보안데이터 분석 및 관제(2차),1,other,귀하께서는 어떤 목적으로 이번 사이버안보훈련센터의 교육과정을 수강하셨습니까?,기타,0,0.0,24
2025년 보안데이터 분석 및 관제(2차),4,difficulty,이번 교육의 난이도는 어떠하였습니까?,쉽다,3,12.0,24
2025년 보안데이터 분석 및 관제(2차),4,difficulty,이번 교육의 난이도는 어떠하였습니까?,적당하다,21,87.0,24
2025년 보안데이터 분석 및 관제(2차),4,difficulty,이번 교육의 난이도는 어떠하였습니까?,어렵다,0,0.0,24
2025년 보안데이터 분석 및 관제(2차),6,satisfaction,이번 교육의 만족도는 어떠하였습니까?,높음,12,50.0,24
2025년 보안데이터 분석 및 관제(2차),6,satisfaction,이번 교육의 만족도는 어떠하였습니까?,보통,11,45.0,24
2025년 보안데이터 분석 및 관제(2차),6,satisfaction,이번 교육의 만족도는 어떠하였습니까?,낮음,1,4.0,24
2025년 보안데이터 분석 및 관제(2차),8,utility,이번 교육의 업무 활용도는 어떠하십니까?,높음,10,41.0,24
2025년 보안데이터 분석 및 관제(2차),8,utility,이번 교육의 업무 활용도는 어떠하십니까?,보통,13,54.0,24
2025년 보안데이터 분석 및 관제(2차),8,utility,이번 교육의 업무 활용도는 어떠하십니까?,낮음,1,4.0,24
2025년 보안데이터 분석 및 관제(2차),10,diff_inst,다른 기관과의 교육 차별성은 어떠하십니까?,차별성 있다,11,45.0,24
2025년 보안데이터 분석 및 관제(2차),10,diff_inst,다른 기관과의 교육 차별성은 어떠하십니까?,보통이다,13,54.0,24
2025년 보안데이터 분석 및 관제(2차),10,diff_inst,다른 기관과의 교육 차별성은 어떠하십니까?,차별성없다,0,0.0,24
2025년 보안데이터 분석 및 관제(2차),12,duration,교육 시간은 적절하다고 생각하십니까?,부족하다,4,16.0,24
2025년 보안데이터 분석 및 관제(2차),12,duration,교육 시간은 적절하다고 생각하십니까?,적절하다,19,79.0,24
2025년 보안데이터 분석 및 관제(2차),12,duration,교육 시간은 적절하다고 생각하십니까?,길다,1,4.0,24
2025년 보안데이터 분석 및 관제(2차),16,instructor,"[침해사고 사례] 과목의 강의 내용(강의 준비 및 강의 스킬, 강의 콘텐츠 구성 등) 만족도는?",매우 불만족,0,0.0,24
2025년 보안데이터 분석 및 관제(2차),16,instructor,"[침해사고 사례] 과목의 강의 내용(강의 준비 및 강의 스킬, 강의 콘텐츠 구성 등) 만족도는?",불만족,1,4.0,24
2025년 보안데이터 분석 및 관제(2차),16,instructor,"[침해사고 사례] 과목의 강의 내용(강의 준비 및 강의 스킬, 강의 콘텐츠 구성 등) 만족도는?",보통,1,4.0,24
2025년 보안데이터 분석 및 관제(2차),16,instructor,"[침해사고 사례] 과목의 강의 내용(강의 준비 및 강의 스킬, 강의 콘텐츠 구성 등) 만족도는?",만족,11,45.0,24
2025년 보안데이터 분석 및 관제(2차),16,instructor,"[침해사고 사례] 과목의 강의 내용(강의 준비 및 강의 스킬, 강의 콘텐츠 구성 등) 만족도는?",매우 만족,11,45.0,24
2025년 보안데이터 분석 및 관제(2차),17,instructor,"[AI 보안관제] 과목의 강의 내용(강의 준비 및 강의 스킬, 강의 콘텐츠 구성 등) 만족도는?",매우 불만족,0,0.0,24
2025년 보안데이터 분석 및 관제(2차),17,instructor,"[AI 보안관제] 과목의 강의 내용(강의 준비 및 강의 스킬, 강의 콘텐츠 구성 등) 만족도는?",불만족,0,0.0,24
2025년 보안데이터 분석 및 관제(2차),17,instructor,"[AI 보안관제] 과목의 강의 내용(강의 준비 및 강의 스킬, 강의 콘텐츠 구성 등) 만족도는?",보통,4,16.0,24
2025년 보안데이터 분석 및 관제(2차),17,instructor,"[AI 보안관제] 과목의 강의 내용(강의 준비 및 강의 스킬, 강의 콘텐츠 구성 등) 만족도는?",만족,10,41.0,24
2025년 보안데이터 분석 및 관제(2차),17,instructor,"[AI 보안관제] 과목의 강의 내용(강의 준비 및 강의 스킬, 강의 콘텐츠 구성 등) 만족도는?",매우 만족,10,41.0,24
2025년 보안데이터 분석 및 관제(2차),18,instructor,"[SOAR] 과목의 강의 내용(강의 준비 및 강의 스킬, 강의 콘텐츠 구성 등) 만족도는?",매우 불만족,0,0.0,24
2025년 보안데이터 분석 및 관제(2차),18,instructor,"[SOAR] 과목의 강의 내용(강의 준비 및 강의 스킬, 강의 콘텐츠 구성 등) 만족도는?",불만족,1,4.0,24
2025년 보안데이터 분석 및 관제(2차),18,instructor,"[SOAR] 과목의 강의 내용(강의 준비 및 강의 스킬, 강의 콘텐츠 구성 등) 만족도는?",보통,2,8.0,24
2025년 보안데이터 분석 및 관제(2차),18,instructor,"[SOAR] 과목의 강의 내용(강의 준비 및 강의 스킬, 강의 콘텐츠 구성 등) 만족도는?",만족,11,45.0,24
2025년 보안데이터 분석 및 관제(2차),18,instructor,"[SOAR] 과목의 강의 내용(강의 준비 및 강의 스킬, 강의 콘텐츠 구성 등) 만족도는?",매우 만족,10,41.0,24
2025년 보안데이터 분석 및 관제(3차),1,other,귀하께서는 어떤 목적으로 이번 사이버안보훈련센터의 교육과정을 수강하셨습니까?,보안 인식 제고,2,9.0,21
2025년 보안데이터 분석 및 관제(3차),1,other,귀하께서는 어떤 목적으로 이번 사이버안보훈련센터의 교육과정을 수강하셨습니까?,보안기술 능력 향상,11,52.0,21
2025년 보안데이터 분석 및 관제(3차),1,other,귀하께서는 어떤 목적으로 이번 사이버안보훈련센터의 교육과정을 수강하셨습니까?,업무에의 활용,7,33.0,21
2025년 보안데이터 분석 및 관제(3차),1,other,귀하께서는 어떤 목적으로 이번 사이버안보훈련센터의 교육과정을 수강하셨습니까?,교육 의무 시간 이수,1,4.0,21
2025년 보안데이터 분석 및 관제(3차),1,other,귀하께서는 어떤 목적으로 이번 사이버안보훈련센터의 교육과정을 수강하셨습니까?,상급자 / 동료의 추천,0,0.0,21
2025년 보안데이터 분석 및 관제(3차),1,other,귀하께서는 어떤 목적으로 이번 사이버안보훈련센터의 교육과정을 수강하셨습니까?,기타,0,0.0,21
2025년 보안데이터 분석 및 관제(3차),4,difficulty,이번 교육의 난이도는 어떠하였습니까?,쉽다,0,0.0,21
2025년 보안데이터 분석 및 관제(3차),4,difficulty,이번 교육의 난이도는 어떠하였습니까?,적당하다,20,95.0,21
2025년 보안데이터 분석 및 관제(3차),4,difficulty,이번 교육의 난이도는 어떠하였습니까?,어렵다,1,4.0,21
2025년 보안데이터 분석 및 관제(3차),6,satisfaction,이번 교육의 만족도는 어떠하였습니까?,높음,14,66.0,21
2025년 보안데이터 분석 및 관제(3차),6,satisfaction,이번 교육의 만족도는 어떠하였습니까?,보통,7,33.0,21
2025년 보안데이터 분석 및 관제(3차),6,satisfaction,이번 교육의 만족도는 어떠하였습니까?,낮음,0,0.0,21
2025년 보안데이터 분석 및 관제(3차),8,utility,이번 교육의 업무 활용도는 어떠하십니까?,높음,12,57.0,21
2025년 보안데이터 분석 및 관제(3차),8,utility,이번 교육의 업무 활용도는 어떠하십니까?,보통,9,42.0,21
2025년 보안데이터 분석 및 관제(3차),8,utility,이번 교육의 업무 활용도는 어떠하십니까?,낮음,0,0.0,21
2025년 보안데이터 분석 및 관제(3차),10,diff_inst,다른 기관과의 교육 차별성은 어떠하십니까?,차별성 있다,10,47.0,21
2025년 보안데이터 분석 및 관제(3차),10,diff_inst,다른 기관과의 교육 차별성은 어떠하십니까?,보통이다,11,52.0,21
2025년 보안데이터 분석 및 관제(3차),10,diff_inst,다른 기관과의 교육 차별성은 어떠하십니까?,차별성없다,0,0.0,21
2025년 보안데이터 분석 및 관제(3차),12,duration,교육 시간은 적절하다고 생각하십니까?,부족하다,6,28.0,21
2025년 보안데이터 분석 및 관제(3차),12,duration,교육 시간은 적절하다고 생각하십니까?,적절하다,15,71.0,21
2025년 보안데이터 분석 및 관제(3차),12,duration,교육 시간은 적절하다고 생각하십니까?,길다,0,0.0,21
2025년 보안데이터 분석 및 관제(3차),16,instructor,"[침해사고 사례] 과목의 강의 내용(강의 준비 및 강의 스킬, 강의 콘텐츠 구성 등) 만족도는?",매우 불만족,0,0.0,21
2025년 보안데이터 분석 및 관제(3차),16,instructor,"[침해사고 사례] 과목의 강의 내용(강의 준비 및 강의 스킬, 강의 콘텐츠 구성 등) 만족도는?",불만족,0,0.0,21
2025년 보안데이터 분석 및 관제(3차),16,instructor,"[침해사고 사례] 과목의 강의 내용(강의 준비 및 강의 스킬, 강의 콘텐츠 구성 등) 만족도는?",보통,3,14.0,21
2025년 보안데이터 분석 및 관제(3차),16,instructor,"[침해사고 사례] 과목의 강의 내용(강의 준비 및 강의 스킬, 강의 콘텐츠 구성 등) 만족도는?",만족,7,33.0,21
2025년 보안데이터 분석 및 관제(3차),16,instructor,"[침해사고 사례] 과목의 강의 내용(강의 준비 및 강의 스킬, 강의 콘텐츠 구성 등) 만족도는?",매우 만족,11,52.0,21
2025년 보안데이터 분석 및 관제(3차),17,instructor,"[AI 보안관제] 과목의 강의 내용(강의 준비 및 강의 스킬, 강의 콘텐츠 구성 등) 만족도는?",매우 불만족,0,0.0,21
2025년 보안데이터 분석 및 관제(3차),17,instructor,"[AI 보안관제] 과목의 강의 내용(강의 준비 및 강의 스킬, 강의 콘텐츠 구성 등) 만족도는?",불만족,0,0.0,21
2025년 보안데이터 분석 및 관제(3차),17,instructor,"[AI 보안관제] 과목의 강의 내용(강의 준비 및 강의 스킬, 강의 콘텐츠 구성 등) 만족도는?",보통,3,14.0,21
2025년 보안데이터 분석 및 관제(3차),17,instructor,"[AI 보안관제] 과목의 강의 내용(강의 준비 및 강의 스킬, 강의 콘텐츠 구성 등) 만족도는?",만족,8,38.0,21
2025년 보안데이터 분석 및 관제(3차),17,instructor,"[AI 보안관제] 과목의 강의 내용(강의 준비 및 강의 스킬, 강의 콘텐츠 구성 등) 만족도는?",매우 만족,10,47.0,21
2025년 보안데이터 분석 및 관제(3차),18,instructor,"[SOAR] 과목의 강의 내용(강의 준비 및 강의 스킬, 강의 콘텐츠 구성 등) 만족도는?",매우 불만족,0,0.0,21
2025년 보안데이터 분석 및 관제(3차),18,instructor,"[SOAR] 과목의 강의 내용(강의 준비 및 강의 스킬, 강의 콘텐츠 구성 등) 만족도는?",불만족,1,4.0,21
2025년 보안데이터 분석 및 관제(3차),18,instructor,"[SOAR] 과목의 강의 내용(강의 준비 및 강의 스킬, 강의 콘텐츠 구성 등) 만족도는?",보통,6,28.0,21
2025년 보안데이터 분석 및 관제(3차),18,instructor,"[SOAR] 과목의 강의 내용(강의 준비 및 강의 스킬, 강의 콘텐츠 구성 등) 만족도는?",만족,6,28.0,21
2025년 보안데이터 분석 및 관제(3차),18,instructor,"[SOAR] 과목의 강의 내용(강의 준비 및 강의 스킬, 강의 콘텐츠 구성 등) 만족도는?",매우 만족,8,38.0,21
2025년 사고 조사 기술 기초 실습(1차),1,other,귀하께서는 어떤 목적으로 이번 사이버안보훈련센터의 교육과정을 수강하셨습니까?,보안 인식 제고,2,15.0,13
2025년 사고 조사 기술 기초 실습(1차),1,other,귀하께서는 어떤 목적으로 이번 사이버안보훈련센터의 교육과정을 수강하셨습니까?,보안기술 능력 향상,7,53.0,13
2025년 사고 조사 기술 기초 실습(1차),1,other,귀하께서는 어떤 목적으로 이번 사이버안보훈련센터의 교육과정을 수강하셨습니까?,업무에의 활용,1,7.0,13
2025년 사고 조사 기술 기초 실습(1차),1,other,귀하께서는 어떤 목적으로 이번 사이버안보훈련센터의 교육과정을 수강하셨습니까?,교육 의무 시간 이수,3,23.0,13
2025년 사고 조사 기술 기초 실습(1차),1,other,귀하께서는 어떤 목적으로 이번 사이버안보훈련센터의 교육과정을 수강하셨습니까?,상급자 / 동료의 추천,0,0.0,13
2025년 사고 조사 기술 기초 실습(1차),1,other,귀하께서는 어떤 목적으로 이번 사이버안보훈련센터의 교육과정을 수강하셨습니까?,기타,0,0.0,13
2025년 사고 조사 기술 기초 실습(1차),2,difficulty,이번 교육의 난이도는 어떠하였습니까?,쉽다,1,7.0,13
2025년 사고 조사 기술 기초 실습(1차),2,difficulty,이번 교육의 난이도는 어떠하였습니까?,적당하다,9,69.0,13
2025년 사고 조사 기술 기초 실습(1차),2,difficulty,이번 교육의 난이도는 어떠하였습니까?,어렵다,3,23.0,13
2025년 사고 조사 기술 기초 실습(1차),4,satisfaction,이번 교육의 만족도는 어떠하였습니까?,높음,10,76.0,13
2025년 사고 조사 기술 기초 실습(1차),4,satisfaction,이번 교육의 만족도는 어떠하였습니까?,보통,3,23.0,13
2025년 사고 조사 기술 기초 실습(1차),4,satisfaction,이번 교육의 만족도는 어떠하였습니까?,낮음,0,0.0,13
2025년 사고 조사 기술 기초 실습(1차),6,utility,이번 교육의 업무 활용도는 어떠하십니까?,높음,8,61.0,13
2025년 사고 조사 기술 기초 실습(1차),6,utility,이번 교육의 업무 활용도는 어떠하십니까?,보통,5,38.0,13
2025년 사고 조사 기술 기초 실습(1차),6,utility,이번 교육의 업무 활용도는 어떠하십니까?,낮음,0,0.0,13
2025년 사고 조사 기술 기초 실습(1차),8,diff_inst,다른 기관과의 교육 차별성은 어떠하십니까?,차별성 있다,11,84.0,13
2025년 사고 조사 기술 기초 실습(1차),8,diff_inst,다른 기관과의 교육 차별성은 어떠하십니까?,보통이다,2,15.0,13
2025년 사고 조사 기술 기초 실습(1차),8,diff_inst,다른 기관과의 교육 차별성은 어떠하십니까?,차별성없다,0,0.0,13
2025년 사고 조사 기술 기초 실습(1차),10,duration,교육 시간은 적절하다고 생각하십니까?,부족하다,4,30.0,13
2025년 사고 조사 기술 기초 실습(1차),10,duration,교육 시간은 적절하다고 생각하십니까?,적절하다,9,69.0,13
2025년 사고 조사 기술 기초 실습(1차),10,duration,교육 시간은 적절하다고 생각하십니까?,길다,0,0.0,13
2025년 사고 조사 기술 기초 실습(1차),14,satisfaction,강사의 만족도는?,만족,13,100.0,13
2025년 사고 조사 기술 기초 실습(1차),14,satisfaction,강사의 만족도는?,보통,0,0.0,13
2025년 사고 조사 기술 기초 실습(1차),14,satisfaction,강사의 만족도는?,불만족,0,0.0,13
2025년 사고 조사 기술 기초 실습(2차),1,other,귀하께서는 어떤 목적으로 이번 사이버안보훈련센터의 교육과정을 수강하셨습니까?,보안 인식 제고,1,5.0,17
2025년 사고 조사 기술 기초 실습(2차),1,other,귀하께서는 어떤 목적으로 이번 사이버안보훈련센터의 교육과정을 수강하셨습니까?,보안기술 능력 향상,10,58.0,17
2025년 사고 조사 기술 기초 실습(2차),1,other,귀하께서는 어떤 목적으로 이번 사이버안보훈련센터의 교육과정을 수강하셨습니까?,업무에의 활용,4,23.0,17
2025년 사고 조사 기술 기초 실습(2차),1,other,귀하께서는 어떤 목적으로 이번 사이버안보훈련센터의 교육과정을 수강하셨습니까?,교육 의무 시간 이수,2,11.0,17
2025년 사고 조사 기술 기초 실습(2차),1,other,귀하께서는 어떤 목적으로 이번 사이버안보훈련센터의 교육과정을 수강하셨습니까?,상급자 / 동료의 추천,0,0.0,17
2025년 사고 조사 기술 기초 실습(2차),1,other,귀하께서는 어떤 목적으로 이번 사이버안보훈련센터의 교육과정을 수강하셨습니까?,기타,0,0.0,17
2025년 사고 조사 기술 기초 실습(2차),2,difficulty,이번 교육의 난이도는 어떠하였습니까?,쉽다,1,5.0,17
2025년 사고 조사 기술 기초 실습(2차),2,difficulty,이번 교육의 난이도는 어떠하였습니까?,적당하다,15,88.0,17
2025년 사고 조사 기술 기초 실습(2차),2,difficulty,이번 교육의 난이도는 어떠하였습니까?,어렵다,1,5.0,17
2025년 사고 조사 기술 기초 실습(2차),4,satisfaction,이번 교육의 만족도는 어떠하였습니까?,높음,14,82.0,17
2025년 사고 조사 기술 기초 실습(2차),4,satisfaction,이번 교육의 만족도는 어떠하였습니까?,보통,3,17.0,17
2025년 사고 조사 기술 기초 실습(2차),4,satisfaction,이번 교육의 만족도는 어떠하였습니까?,낮음,0,0.0,17
2025년 사고 조사 기술 기초 실습(2차),6,utility,이번 교육의 업무 활용도는 어떠하십니까?,높음,9,52.0,17
2025년 사고 조사 기술 기초 실습(2차),6,utility,이번 교육의 업무 활용도는 어떠하십니까?,보통,8,47.0,17
2025년 사고 조사 기술 기초 실습(2차),6,utility,이번 교육의 업무 활용도는 어떠하십니까?,낮음,0,0.0,17
2025년 사고 조사 기술 기초 실습(2차),8,diff_inst,다른 기관과의 교육 차별성은 어떠하십니까?,차별성 있다,9,52.0,17
2025년 사고 조사 기술 기초 실습(2차),8,diff_inst,다른 기관과의 교육 차별성은 어떠하십니까?,보통이다,7,41.0,17
2025년 사고 조사 기술 기초 실습(2차),8,diff_inst,다른 기관과의 교육 차별성은 어떠하십니까?,차별성없다,1,5.0,17
2025년 사고 조사 기술 기초 실습(2차),10,duration,교육 시간은 적절하다고 생각하십니까?,부족하다,5,29.0,17
2025년 사고 조사 기술 기초 실습(2차),10,duration,교육 시간은 적절하다고 생각하십니까?,적절하다,12,70.0,17
2025년 사고 조사 기술 기초 실습(2차),10,duration,교육 시간은 적절하다고 생각하십니까?,길다,0,0.0,17
2025년 사고 조사 기술 기초 실습(2차),14,satisfaction,강사의 만족도는?,만족,14,82.0,17
2025년 사고 조사 기술 기초 실습(2차),14,satisfaction,강사의 만족도는?,보통,3,17.0,17
2025년 사고 조사 기술 기초 실습(2차),14,satisfaction,강사의 만족도는?,불만족,0,0.0,17
2025년 사고 조사 기술 기초 실습(3차),1,other,귀하께서는 어떤 목적으로 이번 사이버안보훈련센터의 교육과정을 수강하셨습니까?,보안 인식 제고,2,11.0,18
2025년 사고 조사 기술 기초 실습(3차),1,other,귀하께서는 어떤 목적으로 이번 사이버안보훈련센터의 교육과정을 수강하셨습니까?,보안기술 능력 향상,11,61.0,18
2025년 사고 조사 기술 기초 실습(3차),1,other,귀하께서는 어떤 목적으로 이번 사이버안보훈련센터의 교육과정을 수강하셨습니까?,업무에의 활용,1,5.0,18
2025년 사고 조사 기술 기초 실습(3차),1,other,귀하께서는 어떤 목적으로 이번 사이버안보훈련센터의 교육과정을 수강하셨습니까?,교육 의무 시간 이수,4,22.0,18
2025년 사고 조사 기술 기초 실습(3차),1,other,귀하께서는 어떤 목적으로 이번 사이버안보훈련센터의 교육과정을 수강하셨습니까?,상급자 / 동료의 추천,0,0.0,18
2025년 사고 조사 기술 기초 실습(3차),1,other,귀하께서는 어떤 목적으로 이번 사이버안보훈련센터의 교육과정을 수강하셨습니까?,기타,0,0.0,18
2025년 사고 조사 기술 기초 실습(3차),2,difficulty,이번 교육의 난이도는 어떠하였습니까?,쉽다,2,11.0,18
2025년 사고 조사 기술 기초 실습(3차),2,difficulty,이번 교육의 난이도는 어떠하였습니까?,적당하다,16,88.0,18
2025년 사고 조사 기술 기초 실습(3차),2,difficulty,이번 교육의 난이도는 어떠하였습니까?,어렵다,0,0.0,18
2025년 사고 조사 기술 기초 실습(3차),4,satisfaction,이번 교육의 만족도는 어떠하였습니까?,높음,15,83.0,18
2025년 사고 조사 기술 기초 실습(3차),4,satisfaction,이번 교육의 만족도는 어떠하였습니까?,보통,2,11.0,18
2025년 사고 조사 기술 기초 실습(3차),4,satisfaction,이번 교육의 만족도는 어떠하였습니까?,낮음,1,5.0,18
2025년 사고 조사 기술 기초 실습(3차),6,utility,이번 교육의 업무 활용도는 어떠하십니까?,높음,11,61.0,18
2025년 사고 조사 기술 기초 실습(3차),6,utility,이번 교육의 업무 활용도는 어떠하십니까?,보통,6,33.0,18
2025년 사고 조사 기술 기초 실습(3차),6,utility,이번 교육의 업무 활용도는 어떠하십니까?,낮음,1,5.0,18
2025년 사고 조사 기술 기초 실습(3차),8,diff_inst,다른 기관과의 교육 차별성은 어떠하십니까?,차별성 있다,13,72.0,18
2025년 사고 조사 기술 기초 실습(3차),8,diff_inst,다른 기관과의 교육 차별성은 어떠하십니까?,보통이다,5,27.0,18
2025년 사고 조사 기술 기초 실습(3차),8,diff_inst,다른 기관과의 교육 차별성은 어떠하십니까?,차별성없다,0,0.0,18
2025년 사고 조사 기술 기초 실습(3차),10,duration,교육 시간은 적절하다고 생각하십니까?,부족하다,7,38.0,18
2025년 사고 조사 기술 기초 실습(3차),10,duration,교육 시간은 적절하다고 생각하십니까?,적절하다,11,61.0,18
2025년 사고 조사 기술 기초 실습(3차),10,duration,교육 시간은 적절하다고 생각하십니까?,길다,0,0.0,18
2025년 사고 조사 기술 기초 실습(3차),14,satisfaction,강사의 만족도는?,만족,16,88.0,18
2025년 사고 조사 기술 기초 실습(3차),14,satisfaction,강사의 만족도는?,보통,1,5.0,18
2025년 사고 조사 기술 기초 실습(3차),14,satisfaction,강사의 만족도는?,불만족,1,5.0,18
2025년 사이버 파트너스 역량강화 교육(1차),1,other,귀하께서는 어떤 목적으로 이번 사이버안보훈련센터의 교육과정을 수강하셨습니까?,보안 인식 제고,2,9.0,22
2025년 사이버 파트너스 역량강화 교육(1차),1,other,귀하께서는 어떤 목적으로 이번 사이버안보훈련센터의 교육과정을 수강하셨습니까?,보안기술 능력 향상,12,54.0,22
2025년 사이버 파트너스 역량강화 교육(1차),1,other,귀하께서는 어떤 목적으로 이번 사이버안보훈련센터의 교육과정을 수강하셨습니까?,업무에의 활용,3,13.0,22
2025년 사이버 파트너스 역량강화 교육(1차),1,other,귀하께서는 어떤 목적으로 이번 사이버안보훈련센터의 교육과정을 수강하셨습니까?,교육 의무 시간 이수,0,0.0,22
2025년 사이버 파트너스 역량강화 교육(1차),1,other,귀하께서는 어떤 목적으로 이번 사이버안보훈련센터의 교육과정을 수강하셨습니까?,상급자 / 동료의 추천,1,4.0,22
2025년 사이버 파트너스 역량강화 교육(1차),1,other,귀하께서는 어떤 목적으로 이번 사이버안보훈련센터의 교육과정을 수강하셨습니까?,유사 업무 수행자와 네트워킹,4,18.0,22
2025년 사이버 파트너스 역량강화 교육(1차),7,difficulty,이번 교육의 난이도(실습 콘텐츠의 수준)는 어떠하였습니까?,매우쉽다,3,13.0,22
2025년 사이버 파트너스 역량강화 교육(1차),7,difficulty,이번 교육의 난이도(실습 콘텐츠의 수준)는 어떠하였습니까?,쉽다,7,31.0,22
2025년 사이버 파트너스 역량강화 교육(1차),7,difficulty,이번 교육의 난이도(실습 콘텐츠의 수준)는 어떠하였습니까?,적절하다,12,54.0,22
2025년 사이버 파트너스 역량강화 교육(1차),7,difficulty,이번 교육의 난이도(실습 콘텐츠의 수준)는 어떠하였습니까?,약간 어렵다,0,0.0,22
2025년 사이버 파트너스 역량강화 교육(1차),7,difficulty,이번 교육의 난이도(실습 콘텐츠의 수준)는 어떠하였습니까?,매우 어렵다,0,0.0,22
2025년 사이버 파트너스 역량강화 교육(1차),9,satisfaction,이번 교육의 만족도는 어떠하였습니까?,높음,15,68.0,22
2025년 사이버 파트너스 역량강화 교육(1차),9,satisfaction,이번 교육의 만족도는 어떠하였습니까?,보통,7,31.0,22
2025년 사이버 파트너스 역량강화 교육(1차),9,satisfaction,이번 교육의 만족도는 어떠하였습니까?,낮음,0,0.0,22
2025년 사이버 파트너스 역량강화 교육(1차),11,utility,이번 교육의 업무 활용도는 어떠하십니까?,높음,8,36.0,22
2025년 사이버 파트너스 역량강화 교육(1차),11,utility,이번 교육의 업무 활용도는 어떠하십니까?,보통,12,54.0,22
2025년 사이버 파트너스 역량강화 교육(1차),11,utility,이번 교육의 업무 활용도는 어떠하십니까?,낮음,2,9.0,22
2025년 사이버 파트너스 역량강화 교육(1차),13,duration,교육 시간은 적절하다고 생각하십니까?,길다.,1,4.0,22
2025년 사이버 파트너스 역량강화 교육(1차),13,duration,교육 시간은 적절하다고 생각하십니까?,적절하다,11,50.0,22
2025년 사이버 파트너스 역량강화 교육(1차),13,duration,교육 시간은 적절하다고 생각하십니까?,부족하다,10,45.0,22
2025년 사이버 파트너스 역량강화 교육(2차),1,other,귀하께서는 어떤 목적으로 이번 사이버안보훈련센터의 교육과정을 수강하셨습니까?,보안 인식 제고,2,9.0,22
2025년 사이버 파트너스 역량강화 교육(2차),1,other,귀하께서는 어떤 목적으로 이번 사이버안보훈련센터의 교육과정을 수강하셨습니까?,보안기술 능력 향상,12,54.0,22
2025년 사이버 파트너스 역량강화 교육(2차),1,other,귀하께서는 어떤 목적으로 이번 사이버안보훈련센터의 교육과정을 수강하셨습니까?,업무에의 활용,3,13.0,22
2025년 사이버 파트너스 역량강화 교육(2차),1,other,귀하께서는 어떤 목적으로 이번 사이버안보훈련센터의 교육과정을 수강하셨습니까?,교육 의무 시간 이수,0,0.0,22
2025년 사이버 파트너스 역량강화 교육(2차),1,other,귀하께서는 어떤 목적으로 이번 사이버안보훈련센터의 교육과정을 수강하셨습니까?,상급자 / 동료의 추천,3,13.0,22
2025년 사이버 파트너스 역량강화 교육(2차),1,other,귀하께서는 어떤 목적으로 이번 사이버안보훈련센터의 교육과정을 수강하셨습니까?,유사 업무 수행자와 네트워킹,2,9.0,22
2025년 사이버 파트너스 역량강화 교육(2차),7,difficulty,이번 교육의 난이도(실습 콘텐츠의 수준)는 어떠하였습니까?,매우쉽다,1,4.0,22
2025년 사이버 파트너스 역량강화 교육(2차),7,difficulty,이번 교육의 난이도(실습 콘텐츠의 수준)는 어떠하였습니까?,쉽다,6,27.0,22
2025년 사이버 파트너스 역량강화 교육(2차),7,difficulty,이번 교육의 난이도(실습 콘텐츠의 수준)는 어떠하였습니까?,적절하다,14,63.0,22
2025년 사이버 파트너스 역량강화 교육(2차),7,difficulty,이번 교육의 난이도(실습 콘텐츠의 수준)는 어떠하였습니까?,약간 어렵다,1,4.0,22
2025년 사이버 파트너스 역량강화 교육(2차),7,difficulty,이번 교육의 난이도(실습 콘텐츠의 수준)는 어떠하였습니까?,매우 어렵다,0,0.0,22
2025년 사이버 파트너스 역량강화 교육(2차),9,satisfaction,이번 교육의 만족도는 어떠하였습니까?,높음,11,50.0,22
2025년 사이버 파트너스 역량강화 교육(2차),9,satisfaction,이번 교육의 만족도는 어떠하였습니까?,보통,10,45.0,22
2025년 사이버 파트너스 역량강화 교육(2차),9,satisfaction,이번 교육의 만족도는 어떠하였습니까?,낮음,1,4.0,22
2025년 사이버 파트너스 역량강화 교육(2차),11,utility,이번 교육의 업무 활용도는 어떠하십니까?,높음,6,27.0,22
2025년 사이버 파트너스 역량강화 교육(2차),11,utility,이번 교육의 업무 활용도는 어떠하십니까?,보통,14,63.0,22
2025년 사이버 파트너스 역량강화 교육(2차),11,utility,이번 교육의 업무 활용도는 어떠하십니까?,낮음,2,9.0,22
2025년 사이버 파트너스 역량강화 교육(2차),13,diff_inst,다른 기관과의 교육 차별성은 어떠하십니까?,차별성 있다,10,45.0,22
2025년 사이버 파트너스 역량강화 교육(2차),13,diff_inst,다른 기관과의 교육 차별성은 어떠하십니까?,보통이다,12,54.0,22
2025년 사이버 파트너스 역량강화 교육(2차),13,diff_inst,다른 기관과의 교육 차별성은 어떠하십니까?,차별성없다,0,0.0,22
2025년 사이버 파트너스 역량강화 교육(2차),15,duration,교육 시간은 적절하다고 생각하십니까?,길다,0,0.0,22
2025년 사이버 파트너스 역량강화 교육(2차),15,duration,교육 시간은 적절하다고 생각하십니까?,적절하다,11,50.0,22
2025년 사이버 파트너스 역량강화 교육(2차),15,duration,교육 시간은 적절하다고 생각하십니까?,부족하다,11,50.0,22
2025년 사이버 파트너스 역량강화 교육(2차),19,other,사이버 침해대응 실습의 강의(강의 준비 및 강의 스킬) 만족도는?,매우 불만족,1,4.0,22
2025년 사이버 파트너스 역량강화 교육(2차),19,other,사이버 침해대응 실습의 강의(강의 준비 및 강의 스킬) 만족도는?,불만족,0,0.0,22
2025년 사이버 파트너스 역량강화 교육(2차),19,other,사이버 침해대응 실습의 강의(강의 준비 및 강의 스킬) 만족도는?,보통,9,40.0,22
2025년 사이버 파트너스 역량강화 교육(2차),19,other,사이버 침해대응 실습의 강의(강의 준비 및 강의 스킬) 만족도는?,만족,11,50.0,22
2025년 사이버 파트너스 역량강화 교육(2차),19,other,사이버 침해대응 실습의 강의(강의 준비 및 강의 스킬) 만족도는?,매우 만족,1,4.0,22
2025년 사이버 파트너스 역량강화 교육(2차),20,other,사이버 침해대응 실습의 강의 내용(강의 콘텐츠 구성 등) 만족도는?,매우 불만족,0,0.0,22
2025년 사이버 파트너스 역량강화 교육(2차),20,other,사이버 침해대응 실습의 강의 내용(강의 콘텐츠 구성 등) 만족도는?,불만족,0,0.0,22
2025년 사이버 파트너스 역량강화 교육(2차),20,other,사이버 침해대응 실습의 강의 내용(강의 콘텐츠 구성 등) 만족도는?,보통,10,45.0,22
2025년 사이버 파트너스 역량강화 교육(2차),20,other,사이버 침해대응 실습의 강의 내용(강의 콘텐츠 구성 등) 만족도는?,만족,10,45.0,22
2025년 사이버 파트너스 역량강화 교육(2차),20,other,사이버 침해대응 실습의 강의 내용(강의 콘텐츠 구성 등) 만족도는?,매우 만족,2,9.0,22
2025년 사이버 파트너스 역량강화 교육(3차),1,other,귀하께서는 어떤 목적으로 이번 사이버안보훈련센터의 교육과정을 수강하셨습니까?,보안 인식 제고,0,0.0,15
2025년 사이버 파트너스 역량강화 교육(3차),1,other,귀하께서는 어떤 목적으로 이번 사이버안보훈련센터의 교육과정을 수강하셨습니까?,보안기술 능력 향상,8,50.0,15
2025년 사이버 파트너스 역량강화 교육(3차),1,other,귀하께서는 어떤 목적으로 이번 사이버안보훈련센터의 교육과정을 수강하셨습니까?,업무에의 활용,2,12.0,15
2025년 사이버 파트너스 역량강화 교육(3차),1,other,귀하께서는 어떤 목적으로 이번 사이버안보훈련센터의 교육과정을 수강하셨습니까?,교육 의무 시간 이수,1,6.0,15
2025년 사이버 파트너스 역량강화 교육(3차),1,other,귀하께서는 어떤 목적으로 이번 사이버안보훈련센터의 교육과정을 수강하셨습니까?,상급자 / 동료의 추천,5,31.0,15
2025년 사이버 파트너스 역량강화 교육(3차),1,other,귀하께서는 어떤 목적으로 이번 사이버안보훈련센터의 교육과정을 수강하셨습니까?,유사 업무 수행자와 네트워킹,0,0.0,15
2025년 사이버 파트너스 역량강화 교육(3차),7,difficulty,이번 교육의 난이도(실습 콘텐츠의 수준)는 어떠하였습니까?,매우쉽다,3,18.0,15
2025년 사이버 파트너스 역량강화 교육(3차),7,difficulty,이번 교육의 난이도(실습 콘텐츠의 수준)는 어떠하였습니까?,쉽다,6,37.0,15
2025년 사이버 파트너스 역량강화 교육(3차),7,difficulty,이번 교육의 난이도(실습 콘텐츠의 수준)는 어떠하였습니까?,적절하다,7,43.0,15
2025년 사이버 파트너스 역량강화 교육(3차),7,difficulty,이번 교육의 난이도(실습 콘텐츠의 수준)는 어떠하였습니까?,약간 어렵다,0,0.0,15
2025년 사이버 파트너스 역량강화 교육(3차),7,difficulty,이번 교육의 난이도(실습 콘텐츠의 수준)는 어떠하였습니까?,매우 어렵다,0,0.0,15
2025년 사이버 파트너스 역량강화 교육(3차),9,satisfaction,이번 교육의 만족도는 어떠하였습니까?,높음,12,75.0,15
2025년 사이버 파트너스 역량강화 교육(3차),9,satisfaction,이번 교육의 만족도는 어떠하였습니까?,보통,3,18.0,15
2025년 사이버 파트너스 역량강화 교육(3차),9,satisfaction,이번 교육의 만족도는 어떠하였습니까?,낮음,1,6.0,15
2025년 사이버 파트너스 역량강화 교육(3차),11,utility,이번 교육의 업무 활용도는 어떠하십니까?,높음,6,37.0,15
2025년 사이버 파트너스 역량강화 교육(3차),11,utility,이번 교육의 업무 활용도는 어떠하십니까?,보통,6,37.0,15
2025년 사이버 파트너스 역량강화 교육(3차),11,utility,이번 교육의 업무 활용도는 어떠하십니까?,낮음,4,25.0,15
2025년 사이버 파트너스 역량강화 교육(3차),13,diff_inst,다른 기관과의 교육 차별성은 어떠하십니까?,차별성 있다,8,50.0,15
2025년 사이버 파트너스 역량강화 교육(3차),13,diff_inst,다른 기관과의 교육 차별성은 어떠하십니까?,보통이다,7,43.0,15
2025년 사이버 파트너스 역량강화 교육(3차),13,diff_inst,다른 기관과의 교육 차별성은 어떠하십니까?,차별성없다,1,6.0,15
2025년 사이버 파트너스 역량강화 교육(3차),15,duration,교육 시간은 적절하다고 생각하십니까?,길다,0,0.0,15
2025년 사이버 파트너스 역량강화 교육(3차),15,duration,교육 시간은 적절하다고 생각하십니까?,적절하다,8,50.0,15
2025년 사이버 파트너스 역량강화 교육(3차),15,duration,교육 시간은 적절하다고 생각하십니까?,부족하다,8,50.0,15
2025년 사이버 파트너스 역량강화 교육(3차),19,other,사이버 침해대응 실습의 강의(강의 준비 및 강의 스킬) 만족도는?,매우 불만족,1,6.0,15
2025년 사이버 파트너스 역량강화 교육(3차),19,other,사이버 침해대응 실습의 강의(강의 준비 및 강의 스킬) 만족도는?,불만족,0,0.0,15
2025년 사이버 파트너스 역량강화 교육(3차),19,other,사이버 침해대응 실습의 강의(강의 준비 및 강의 스킬) 만족도는?,보통,3,18.0,15
2025년 사이버 파트너스 역량강화 교육(3차),19,other,사이버 침해대응 실습의 강의(강의 준비 및 강의 스킬) 만족도는?,만족,5,31.0,15
2025년 사이버 파트너스 역량강화 교육(3차),19,other,사이버 침해대응 실습의 강의(강의 준비 및 강의 스킬) 만족도는?,매우 만족,7,43.0,15
2025년 사이버 파트너스 역량강화 교육(3차),20,other,사이버 침해대응 실습의 강의 내용(강의 콘텐츠 구성 등) 만족도는?,매우 불만족,1,6.0,15
2025년 사이버 파트너스 역량강화 교육(3차),20,other,사이버 침해대응 실습의 강의 내용(강의 콘텐츠 구성 등) 만족도는?,불만족,0,0.0,15
2025년 사이버 파트너스 역량강화 교육(3차),20,other,사이버 침해대응 실습의 강의 내용(강의 콘텐츠 구성 등) 만족도는?,보통,4,25.0,15
2025년 사이버 파트너스 역량강화 교육(3차),20,other,사이버 침해대응 실습의 강의 내용(강의 콘텐츠 구성 등) 만족도는?,만족,5,31.0,15
2025년 사이버 파트너스 역량강화 교육(3차),20,other,사이버 침해대응 실습의 강의 내용(강의 콘텐츠 구성 등) 만족도는?,매우 만족,6,37.0,15
2025년 사이버 파트너스 역량강화 교육(4차),1,other,귀하께서는 어떤 목적으로 이번 사이버안보훈련센터의 교육과정을 수강하셨습니까?,보안 인식 제고,0,0.0,24
2025년 사이버 파트너스 역량강화 교육(4차),1,other,귀하께서는 어떤 목적으로 이번 사이버안보훈련센터의 교육과정을 수강하셨습니까?,보안기술 능력 향상,15,62.0,24
2025년 사이버 파트너스 역량강화 교육(4차),1,other,귀하께서는 어떤 목적으로 이번 사이버안보훈련센터의 교육과정을 수강하셨습니까?,업무에의 활용,3,12.0,24
2025년 사이버 파트너스 역량강화 교육(4차),1,other,귀하께서는 어떤 목적으로 이번 사이버안보훈련센터의 교육과정을 수강하셨습니까?,교육 의무 시간 이수,0,0.0,24
2025년 사이버 파트너스 역량강화 교육(4차),1,other,귀하께서는 어떤 목적으로 이번 사이버안보훈련센터의 교육과정을 수강하셨습니까?,상급자 / 동료의 추천,4,16.0,24
2025년 사이버 파트너스 역량강화 교육(4차),1,other,귀하께서는 어떤 목적으로 이번 사이버안보훈련센터의 교육과정을 수강하셨습니까?,유사 업무 수행자와 네트워킹,2,8.0,24
2025년 사이버 파트너스 역량강화 교육(4차),7,difficulty,이번 교육의 난이도(실습 콘텐츠의 수준)는 어떠하였습니까?,매우쉽다,3,12.0,24
2025년 사이버 파트너스 역량강화 교육(4차),7,difficulty,이번 교육의 난이도(실습 콘텐츠의 수준)는 어떠하였습니까?,쉽다,5,20.0,24
2025년 사이버 파트너스 역량강화 교육(4차),7,difficulty,이번 교육의 난이도(실습 콘텐츠의 수준)는 어떠하였습니까?,적절하다,16,66.0,24
2025년 사이버 파트너스 역량강화 교육(4차),7,difficulty,이번 교육의 난이도(실습 콘텐츠의 수준)는 어떠하였습니까?,약간 어렵다,0,0.0,24
2025년 사이버 파트너스 역량강화 교육(4차),7,difficulty,이번 교육의 난이도(실습 콘텐츠의 수준)는 어떠하였습니까?,매우 어렵다,0,0.0,24
2025년 사이버 파트너스 역량강화 교육(4차),9,satisfaction,이번 교육의 만족도는 어떠하였습니까?,높음,15,62.0,24
2025년 사이버 파트너스 역량강화 교육(4차),9,satisfaction,이번 교육의 만족도는 어떠하였습니까?,보통,9,37.0,24
2025년 사이버 파트너스 역량강화 교육(4차),9,satisfaction,이번 교육의 만족도는 어떠하였습니까?,낮음,0,0.0,24
2025년 사이버 파트너스 역량강화 교육(4차),11,utility,이번 교육의 업무 활용도는 어떠하십니까?,높음,9,37.0,24
2025년 사이버 파트너스 역량강화 교육(4차),11,utility,이번 교육의 업무 활용도는 어떠하십니까?,보통,14,58.0,24
2025년 사이버 파트너스 역량강화 교육(4차),11,utility,이번 교육의 업무 활용도는 어떠하십니까?,낮음,1,4.0,24
2025년 사이버 파트너스 역량강화 교육(4차),13,diff_inst,다른 기관과의 교육 차별성은 어떠하십니까?,차별성 있다,14,58.0,24
2025년 사이버 파트너스 역량강화 교육(4차),13,diff_inst,다른 기관과의 교육 차별성은 어떠하십니까?,보통이다,10,41.0,24
2025년 사이버 파트너스 역량강화 교육(4차),13,diff_inst,다른 기관과의 교육 차별성은 어떠하십니까?,차별성없다,0,0.0,24
2025년 사이버 파트너스 역량강화 교육(4차),15,duration,교육 시간은 적절하다고 생각하십니까?,길다,1,4.0,24
2025년 사이버 파트너스 역량강화 교육(4차),15,duration,교육 시간은 적절하다고 생각하십니까?,적절하다,18,75.0,24
2025년 사이버 파트너스 역량강화 교육(4차),15,duration,교육 시간은 적절하다고 생각하십니까?,부족하다,5,20.0,24
2025년 사이버 파트너스 역량강화 교육(4차),19,other,사이버 침해대응 실습의 강의(강의 준비 및 강의 스킬) 만족도는?,매우 불만족,0,0.0,24
2025년 사이버 파트너스 역량강화 교육(4차),19,other,사이버 침해대응 실습의 강의(강의 준비 및 강의 스킬) 만족도는?,불만족,1,4.0,24
2025년 사이버 파트너스 역량강화 교육(4차),19,other,사이버 침해대응 실습의 강의(강의 준비 및 강의 스킬) 만족도는?,보통,0,0.0,24
2025년 사이버 파트너스 역량강화 교육(4차),19,other,사이버 침해대응 실습의 강의(강의 준비 및 강의 스킬) 만족도는?,만족,14,58.0,24
2025년 사이버 파트너스 역량강화 교육(4차),19,other,사이버 침해대응 실습의 강의(강의 준비 및 강의 스킬) 만족도는?,매우 만족,9,37.0,24
2025년 사이버 파트너스 역량강화 교육(4차),20,other,사이버 침해대응 실습의 강의 내용(강의 콘텐츠 구성 등) 만족도는?,매우 불만족,0,0.0,24
2025년 사이버 파트너스 역량강화 교육(4차),20,other,사이버 침해대응 실습의 강의 내용(강의 콘텐츠 구성 등) 만족도는?,불만족,1,4.0,24
2025년 사이버 파트너스 역량강화 교육(4차),20,other,사이버 침해대응 실습의 강의 내용(강의 콘텐츠 구성 등) 만족도는?,보통,2,8.0,24
2025년 사이버 파트너스 역량강화 교육(4차),20,other,사이버 침해대응 실습의 강의 내용(강의 콘텐츠 구성 등) 만족도는?,만족,12,50.0,24
2025년 사이버 파트너스 역량강화 교육(4차),20,other,사이버 침해대응 실습의 강의 내용(강의 콘텐츠 구성 등) 만족도는?,매우 만족,9,37.0,24
2025년 사이버 파트너스 역량강화 교육(5차),1,other,귀하께서는 어떤 목적으로 이번 사이버안보훈련센터의 교육과정을 수강하셨습니까?,보안 인식 제고,2,8.0,25
2025년 사이버 파트너스 역량강화 교육(5차),1,other,귀하께서는 어떤 목적으로 이번 사이버안보훈련센터의 교육과정을 수강하셨습니까?,보안기술 능력 향상,15,60.0,25
2025년 사이버 파트너스 역량강화 교육(5차),1,other,귀하께서는 어떤 목적으로 이번 사이버안보훈련센터의 교육과정을 수강하셨습니까?,업무에의 활용,5,20.0,25
2025년 사이버 파트너스 역량강화 교육(5차),1,other,귀하께서는 어떤 목적으로 이번 사이버안보훈련센터의 교육과정을 수강하셨습니까?,교육 의무 시간 이수,0,0.0,25
2025년 사이버 파트너스 역량강화 교육(5차),1,other,귀하께서는 어떤 목적으로 이번 사이버안보훈련센터의 교육과정을 수강하셨습니까?,상급자 / 동료의 추천,2,8.0,25
2025년 사이버 파트너스 역량강화 교육(5차),1,other,귀하께서는 어떤 목적으로 이번 사이버안보훈련센터의 교육과정을 수강하셨습니까?,유사 업무 수행자와 네트워킹,1,4.0,25
2025년 사이버 파트너스 역량강화 교육(5차),7,difficulty,이번 교육의 난이도(실습 콘텐츠의 수준)는 어떠하였습니까?,매우쉽다,3,12.0,25
2025년 사이버 파트너스 역량강화 교육(5차),7,difficulty,이번 교육의 난이도(실습 콘텐츠의 수준)는 어떠하였습니까?,쉽다,4,16.0,25
2025년 사이버 파트너스 역량강화 교육(5차),7,difficulty,이번 교육의 난이도(실습 콘텐츠의 수준)는 어떠하였습니까?,적절하다,16,64.0,25
2025년 사이버 파트너스 역량강화 교육(5차),7,difficulty,이번 교육의 난이도(실습 콘텐츠의 수준)는 어떠하였습니까?,약간 어렵다,1,4.0,25
2025년 사이버 파트너스 역량강화 교육(5차),7,difficulty,이번 교육의 난이도(실습 콘텐츠의 수준)는 어떠하였습니까?,매우 어렵다,1,4.0,25
2025년 사이버 파트너스 역량강화 교육(5차),9,satisfaction,이번 교육의 만족도는 어떠하였습니까?,높음,21,84.0,25
2025년 사이버 파트너스 역량강화 교육(5차),9,satisfaction,이번 교육의 만족도는 어떠하였습니까?,보통,3,12.0,25
2025년 사이버 파트너스 역량강화 교육(5차),9,satisfaction,이번 교육의 만족도는 어떠하였습니까?,낮음,1,4.0,25
2025년 사이버 파트너스 역량강화 교육(5차),11,utility,이번 교육의 업무 활용도는 어떠하십니까?,높음,11,44.0,25
2025년 사이버 파트너스 역량강화 교육(5차),11,utility,이번 교육의 업무 활용도는 어떠하십니까?,보통,11,44.0,25
2025년 사이버 파트너스 역량강화 교육(5차),11,utility,이번 교육의 업무 활용도는 어떠하십니까?,낮음,3,12.0,25
2025년 사이버 파트너스 역량강화 교육(5차),13,diff_inst,다른 기관과의 교육 차별성은 어떠하십니까?,차별성 있다,20,80.0,25
2025년 사이버 파트너스 역량강화 교육(5차),13,diff_inst,다른 기관과의 교육 차별성은 어떠하십니까?,보통이다,4,16.0,25
2025년 사이버 파트너스 역량강화 교육(5차),13,diff_inst,다른 기관과의 교육 차별성은 어떠하십니까?,차별성없다,1,4.0,25
2025년 사이버 파트너스 역량강화 교육(5차),15,duration,교육 시간은 적절하다고 생각하십니까?,길다,1,4.0,25
2025년 사이버 파트너스 역량강화 교육(5차),15,duration,교육 시간은 적절하다고 생각하십니까?,적절하다,20,80.0,25
2025년 사이버 파트너스 역량강화 교육(5차),15,duration,교육 시간은 적절하다고 생각하십니까?,부족하다,4,16.0,25
2025년 사이버 파트너스 역량강화 교육(5차),19,other,사이버 침해대응 실습의 강의(강의 준비 및 강의 스킬) 만족도는?,매우 불만족,0,0.0,25
2025년 사이버 파트너스 역량강화 교육(5차),19,other,사이버 침해대응 실습의 강의(강의 준비 및 강의 스킬) 만족도는?,불만족,0,0.0,25
2025년 사이버 파트너스 역량강화 교육(5차),19,other,사이버 침해대응 실습의 강의(강의 준비 및 강의 스킬) 만족도는?,보통,5,20.0,25
2025년 사이버 파트너스 역량강화 교육(5차),19,other,사이버 침해대응 실습의 강의(강의 준비 및 강의 스킬) 만족도는?,만족,9,36.0,25
2025년 사이버 파트너스 역량강화 교육(5차),19,other,사이버 침해대응 실습의 강의(강의 준비 및 강의 스킬) 만족도는?,매우 만족,11,44.0,25
2025년 사이버 파트너스 역량강화 교육(5차),20,other,사이버 침해대응 실습의 강의 내용(강의 콘텐츠 구성 등) 만족도는?,매우 불만족,0,0.0,25
2025년 사이버 파트너스 역량강화 교육(5차),20,other,사이버 침해대응 실습의 강의 내용(강의 콘텐츠 구성 등) 만족도는?,불만족,0,0.0,25
2025년 사이버 파트너스 역량강화 교육(5차),20,other,사이버 침해대응 실습의 강의 내용(강의 콘텐츠 구성 등) 만족도는?,보통,4,16.0,25
2025년 사이버 파트너스 역량강화 교육(5차),20,other,사이버 침해대응 실습의 강의 내용(강의 콘텐츠 구성 등) 만족도는?,만족,12,48.0,25
2025년 사이버 파트너스 역량강화 교육(5차),20,other,사이버 침해대응 실습의 강의 내용(강의 콘텐츠 구성 등) 만족도는?,매우 만족,9,36.0,25
2025년 사이버보안 기술 기초 실습(1차),1,other,귀하께서는 어떤 목적으로 이번 사이버안보훈련센터의 교육과정을 수강하셨습니까?,보안 인식 제고,4,20.0,20
2025년 사이버보안 기술 기초 실습(1차),1,other,귀하께서는 어떤 목적으로 이번 사이버안보훈련센터의 교육과정을 수강하셨습니까?,보안기술 능력 향상,12,60.0,20
2025년 사이버보안 기술 기초 실습(1차),1,other,귀하께서는 어떤 목적으로 이번 사이버안보훈련센터의 교육과정을 수강하셨습니까?,업무에의 활용,1,5.0,20
2025년 사이버보안 기술 기초 실습(1차),1,other,귀하께서는 어떤 목적으로 이번 사이버안보훈련센터의 교육과정을 수강하셨습니까?,교육 의무 시간 이수,3,15.0,20
2025년 사이버보안 기술 기초 실습(1차),1,other,귀하께서는 어떤 목적으로 이번 사이버안보훈련센터의 교육과정을 수강하셨습니까?,상급자 / 동료의 추천,0,0.0,20
2025년 사이버보안 기술 기초 실습(1차),1,other,귀하께서는 어떤 목적으로 이번 사이버안보훈련센터의 교육과정을 수강하셨습니까?,기타,0,0.0,20
2025년 사이버보안 기술 기초 실습(1차),2,difficulty,이번 교육의 난이도는 어떠하였습니까?,쉽다,1,5.0,20
2025년 사이버보안 기술 기초 실습(1차),2,difficulty,이번 교육의 난이도는 어떠하였습니까?,적당하다,15,75.0,20
2025년 사이버보안 기술 기초 실습(1차),2,difficulty,이번 교육의 난이도는 어떠하였습니까?,어렵다,4,20.0,20
2025년 사이버보안 기술 기초 실습(1차),4,satisfaction,이번 교육의 만족도는 어떠하였습니까?,높음,15,75.0,20
2025년 사이버보안 기술 기초 실습(1차),4,satisfaction,이번 교육의 만족도는 어떠하였습니까?,보통,5,25.0,20
2025년 사이버보안 기술 기초 실습(1차),4,satisfaction,이번 교육의 만족도는 어떠하였습니까?,낮음,0,0.0,20
2025년 사이버보안 기술 기초 실습(1차),6,utility,이번 교육의 업무 활용도는 어떠하십니까?,높음,8,40.0,20
2025년 사이버보안 기술 기초 실습(1차),6,utility,이번 교육의 업무 활용도는 어떠하십니까?,보통,11,55.0,20
2025년 사이버보안 기술 기초 실습(1차),6,utility,이번 교육의 업무 활용도는 어떠하십니까?,낮음,1,5.0,20
2025년 사이버보안 기술 기초 실습(1차),8,diff_inst,다른 기관과의 교육 차별성은 어떠하십니까?,차별성 있다,15,75.0,20
2025년 사이버보안 기술 기초 실습(1차),8,diff_inst,다른 기관과의 교육 차별성은 어떠하십니까?,보통이다,5,25.0,20
2025년 사이버보안 기술 기초 실습(1차),8,diff_inst,다른 기관과의 교육 차별성은 어떠하십니까?,차별성 없다,0,0.0,20
2025년 사이버보안 기술 기초 실습(1차),10,duration,교육 시간은 적절하다고 생각하십니까?,부족하다,8,40.0,20
2025년 사이버보안 기술 기초 실습(1차),10,duration,교육 시간은 적절하다고 생각하십니까?,적절하다,11,55.0,20
2025년 사이버보안 기술 기초 실습(1차),10,duration,교육 시간은 적절하다고 생각하십니까?,길다,1,5.0,20
2025년 사이버보안 기술 기초 실습(1차),14,instructor,"[과목명] (강사명, 직책) 과목의 강의(강의 준비 및 강의 스킬) 만족도는?",매우 불만족,1,5.0,20
2025년 사이버보안 기술 기초 실습(1차),14,instructor,"[과목명] (강사명, 직책) 과목의 강의(강의 준비 및 강의 스킬) 만족도는?",불만족,0,0.0,20
2025년 사이버보안 기술 기초 실습(1차),14,instructor,"[과목명] (강사명, 직책) 과목의 강의(강의 준비 및 강의 스킬) 만족도는?",보통,1,5.0,20
2025년 사이버보안 기술 기초 실습(1차),14,instructor,"[과목명] (강사명, 직책) 과목의 강의(강의 준비 및 강의 스킬) 만족도는?",만족,2,10.0,20
2025년 사이버보안 기술 기초 실습(1차),14,instructor,"[과목명] (강사명, 직책) 과목의 강의(강의 준비 및 강의 스킬) 만족도는?",매우 만족,16,80.0,20
2025년 사이버보안 기술 기초 실습(1차),15,instructor,"[과목명] (강사명, 직책) 과목의 강의 내용(강의 콘텐츠 구성 등) 만족도는?",매우 불만족,0,0.0,20
2025년 사이버보안 기술 기초 실습(1차),15,instructor,"[과목명] (강사명, 직책) 과목의 강의 내용(강의 콘텐츠 구성 등) 만족도는?",불만족,0,0.0,20
2025년 사이버보안 기술 기초 실습(1차),15,instructor,"[과목명] (강사명, 직책) 과목의 강의 내용(강의 콘텐츠 구성 등) 만족도는?",보통,1,5.0,20
2025년 사이버보안 기술 기초 실습(1차),15,instructor,"[과목명] (강사명, 직책) 과목의 강의 내용(강의 콘텐츠 구성 등) 만족도는?",만족,4,20.0,20
2025년 사이버보안 기술 기초 실습(1차),15,instructor,"[과목명] (강사명, 직책) 과목의 강의 내용(강의 콘텐츠 구성 등) 만족도는?",매우 만족,15,75.0,20
2025년 사이버보안 기술 기초 실습(2차),1,other,귀하께서는 어떤 목적으로 이번 사이버안보훈련센터의 교육과정을 수강하셨습니까?,보안 인식 제고,0,0.0,20
2025년 사이버보안 기술 기초 실습(2차),1,other,귀하께서는 어떤 목적으로 이번 사이버안보훈련센터의 교육과정을 수강하셨습니까?,보안기술 능력 향상,11,55.0,20
2025년 사이버보안 기술 기초 실습(2차),1,other,귀하께서는 어떤 목적으로 이번 사이버안보훈련센터의 교육과정을 수강하셨습니까?,업무에의 활용,3,15.0,20
2025년 사이버보안 기술 기초 실습(2차),1,other,귀하께서는 어떤 목적으로 이번 사이버안보훈련센터의 교육과정을 수강하셨습니까?,교육 의무 시간 이수,4,20.0,20
2025년 사이버보안 기술 기초 실습(2차),1,other,귀하께서는 어떤 목적으로 이번 사이버안보훈련센터의 교육과정을 수강하셨습니까?,상급자 / 동료의 추천,2,10.0,20
2025년 사이버보안 기술 기초 실습(2차),1,other,귀하께서는 어떤 목적으로 이번 사이버안보훈련센터의 교육과정을 수강하셨습니까?,기타,0,0.0,20
2025년 사이버보안 기술 기초 실습(2차),2,satisfaction,이번 교육의 만족도는 어떠하였습니까?,높음,17,85.0,20
2025년 사이버보안 기술 기초 실습(2차),2,satisfaction,이번 교육의 만족도는 어떠하였습니까?,보통,3,15.0,20
2025년 사이버보안 기술 기초 실습(2차),2,satisfaction,이번 교육의 만족도는 어떠하였습니까?,낮음,0,0.0,20
2025년 사이버보안 기술 기초 실습(2차),4,difficulty,이번 교육의 난이도는 어떠하였습니까?,쉽다,2,10.0,20
2025년 사이버보안 기술 기초 실습(2차),4,difficulty,이번 교육의 난이도는 어떠하였습니까?,적당하다,18,90.0,20
2025년 사이버보안 기술 기초 실습(2차),4,difficulty,이번 교육의 난이도는 어떠하였습니까?,어렵다,0,0.0,20
2025년 사이버보안 기술 기초 실습(2차),6,utility,이번 교육의 업무 활용도는 어떠하십니까?,높음,11,55.0,20
2025년 사이버보안 기술 기초 실습(2차),6,utility,이번 교육의 업무 활용도는 어떠하십니까?,보통,8,40.0,20
2025년 사이버보안 기술 기초 실습(2차),6,utility,이번 교육의 업무 활용도는 어떠하십니까?,낮음,1,5.0,20
2025년 사이버보안 기술 기초 실습(2차),8,diff_inst,다른 기관과의 교육 차별성은 어떠하십니까?,차별성 있다,11,55.0,20
2025년 사이버보안 기술 기초 실습(2차),8,diff_inst,다른 기관과의 교육 차별성은 어떠하십니까?,보통이다,9,45.0,20
2025년 사이버보안 기술 기초 실습(2차),8,diff_inst,다른 기관과의 교육 차별성은 어떠하십니까?,차별성없다,0,0.0,20
2025년 사이버보안 기술 기초 실습(2차),10,duration,교육 시간은 적절하다고 생각하십니까?,길다,0,0.0,20
2025년 사이버보안 기술 기초 실습(2차),10,duration,교육 시간은 적절하다고 생각하십니까?,적절하다,13,65.0,20
2025년 사이버보안 기술 기초 실습(2차),10,duration,교육 시간은 적절하다고 생각하십니까?,부족하다,7,35.0,20
2025년 사이버보안 기술 기초 실습(2차),14,instructor,과목의 강의(강의 준비 및 강의 스킬) 만족도는?,매우 만족,10,50.0,20
2025년 사이버보안 기술 기초 실습(2차),14,instructor,과목의 강의(강의 준비 및 강의 스킬) 만족도는?,만족,10,50.0,20
2025년 사이버보안 기술 기초 실습(2차),14,instructor,과목의 강의(강의 준비 및 강의 스킬) 만족도는?,보통,0,0.0,20
2025년 사이버보안 기술 기초 실습(2차),14,instructor,과목의 강의(강의 준비 및 강의 스킬) 만족도는?,불만족,0,0.0,20
2025년 사이버보안 기술 기초 실습(2차),14,instructor,과목의 강의(강의 준비 및 강의 스킬) 만족도는?,매우 불만족,0,0.0,20
2025년 사이버보안 기술 기초 실습(3차),1,other,귀하께서는 어떤 목적으로 이번 사이버안보훈련센터의 교육과정을 수강하셨습니까?,보안 인식 제고,2,10.0,19
2025년 사이버보안 기술 기초 실습(3차),1,other,귀하께서는 어떤 목적으로 이번 사이버안보훈련센터의 교육과정을 수강하셨습니까?,보안기술 능력 향상,8,42.0,19
2025년 사이버보안 기술 기초 실습(3차),1,other,귀하께서는 어떤 목적으로 이번 사이버안보훈련센터의 교육과정을 수강하셨습니까?,업무에의 활용,4,21.0,19
2025년 사이버보안 기술 기초 실습(3차),1,other,귀하께서는 어떤 목적으로 이번 사이버안보훈련센터의 교육과정을 수강하셨습니까?,교육 의무 시간 이수,5,26.0,19
2025년 사이버보안 기술 기초 실습(3차),1,other,귀하께서는 어떤 목적으로 이번 사이버안보훈련센터의 교육과정을 수강하셨습니까?,상급자 / 동료의 추천,0,0.0,19
2025년 사이버보안 기술 기초 실습(3차),1,other,귀하께서는 어떤 목적으로 이번 사이버안보훈련센터의 교육과정을 수강하셨습니까?,기타,0,0.0,19
2025년 사이버보안 기술 기초 실습(3차),2,difficulty,이번 교육의 난이도는 어떠하였습니까?,쉽다,2,10.0,19
2025년 사이버보안 기술 기초 실습(3차),2,difficulty,이번 교육의 난이도는 어떠하였습니까?,적당하다,14,73.0,19
2025년 사이버보안 기술 기초 실습(3차),2,difficulty,이번 교육의 난이도는 어떠하였습니까?,어렵다,3,15.0,19
2025년 사이버보안 기술 기초 실습(3차),4,satisfaction,이번 교육의 만족도는 어떠하였습니까?,높음,16,84.0,19
2025년 사이버보안 기술 기초 실습(3차),4,satisfaction,이번 교육의 만족도는 어떠하였습니까?,보통,3,15.0,19
2025년 사이버보안 기술 기초 실습(3차),4,satisfaction,이번 교육의 만족도는 어떠하였습니까?,낮음,0,0.0,19
2025년 사이버보안 기술 기초 실습(3차),6,utility,이번 교육의 업무 활용도는 어떠하십니까?,높음,9,47.0,19
2025년 사이버보안 기술 기초 실습(3차),6,utility,이번 교육의 업무 활용도는 어떠하십니까?,보통,9,47.0,19
2025년 사이버보안 기술 기초 실습(3차),6,utility,이번 교육의 업무 활용도는 어떠하십니까?,낮음,1,5.0,19
2025년 사이버보안 기술 기초 실습(3차),8,diff_inst,다른 기관과의 교육 차별성은 어떠하십니까?,차별성 있다,18,94.0,19
2025년 사이버보안 기술 기초 실습(3차),8,diff_inst,다른 기관과의 교육 차별성은 어떠하십니까?,보통이다,1,5.0,19
2025년 사이버보안 기술 기초 실습(3차),8,diff_inst,다른 기관과의 교육 차별성은 어떠하십니까?,차별성없다,0,0.0,19
2025년 사이버보안 기술 기초 실습(3차),10,duration,교육 시간은 적절하다고 생각하십니까?,길다,0,0.0,19
2025년 사이버보안 기술 기초 실습(3차),10,duration,교육 시간은 적절하다고 생각하십니까?,적절하다,14,73.0,19
2025년 사이버보안 기술 기초 실습(3차),10,duration,교육 시간은 적절하다고 생각하십니까?,부족하다,5,26.0,19
2025년 사이버보안 기술 기초 실습(3차),14,instructor,과목의 강의(강의 준비 및 강의 스킬) 만족도는?,매우 만족,13,68.0,19
2025년 사이버보안 기술 기초 실습(3차),14,instructor,과목의 강의(강의 준비 및 강의 스킬) 만족도는?,만족,6,31.0,19
2025년 사이버보안 기술 기초 실습(3차),14,instructor,과목의 강의(강의 준비 및 강의 스킬) 만족도는?,보통,0,0.0,19
2025년 사이버보안 기술 기초 실습(3차),14,instructor,과목의 강의(강의 준비 및 강의 스킬) 만족도는?,불만족,0,0.0,19
2025년 사이버보안 기술 기초 실습(3차),14,instructor,과목의 강의(강의 준비 및 강의 스킬) 만족도는?,매우 불만족,0,0.0,19
2025년 사이버보안 실태 평가(1차),1,other,귀하께서는 어떤 목적으로 이번 사이버안보훈련센터의 교육과정을 수강하셨습니까?,보안 인식 제고,4,12.0,31
2025년 사이버보안 실태 평가(1차),1,other,귀하께서는 어떤 목적으로 이번 사이버안보훈련센터의 교육과정을 수강하셨습니까?,보안기술 능력 향상,3,9.0,31
2025년 사이버보안 실태 평가(1차),1,other,귀하께서는 어떤 목적으로 이번 사이버안보훈련센터의 교육과정을 수강하셨습니까?,업무에의 활용,16,51.0,31
2025년 사이버보안 실태 평가(1차),1,other,귀하께서는 어떤 목적으로 이번 사이버안보훈련센터의 교육과정을 수강하셨습니까?,교육 의무 시간 이수,8,25.0,31
2025년 사이버보안 실태 평가(1차),1,other,귀하께서는 어떤 목적으로 이번 사이버안보훈련센터의 교육과정을 수강하셨습니까?,상급자 / 동료의 추천,0,0.0,31
2025년 사이버보안 실태 평가(1차),1,other,귀하께서는 어떤 목적으로 이번 사이버안보훈련센터의 교육과정을 수강하셨습니까?,기타,0,0.0,31
2025년 사이버보안 실태 평가(1차),4,difficulty,이번 교육의 난이도는 어떠하였습니까?,쉽다,2,6.0,31
2025년 사이버보안 실태 평가(1차),4,difficulty,이번 교육의 난이도는 어떠하였습니까?,적당하다,28,90.0,31
2025년 사이버보안 실태 평가(1차),4,difficulty,이번 교육의 난이도는 어떠하였습니까?,어렵다,1,3.0,31
2025년 사이버보안 실태 평가(1차),6,satisfaction,이번 교육의 만족도는 어떠하였습니까?,높음,17,54.0,31
2025년 사이버보안 실태 평가(1차),6,satisfaction,이번 교육의 만족도는 어떠하였습니까?,보통,14,45.0,31
2025년 사이버보안 실태 평가(1차),6,satisfaction,이번 교육의 만족도는 어떠하였습니까?,낮음,0,0.0,31
2025년 사이버보안 실태 평가(1차),8,utility,이번 교육의 업무 활용도는 어떠하십니까?,높음,22,70.0,31
2025년 사이버보안 실태 평가(1차),8,utility,이번 교육의 업무 활용도는 어떠하십니까?,보통,9,29.0,31
2025년 사이버보안 실태 평가(1차),8,utility,이번 교육의 업무 활용도는 어떠하십니까?,낮음,0,0.0,31
2025년 사이버보안 실태 평가(1차),10,diff_inst,다른 기관과의 교육 차별성은 어떠하십니까?,차별성 있다,12,38.0,31
2025년 사이버보안 실태 평가(1차),10,diff_inst,다른 기관과의 교육 차별성은 어떠하십니까?,보통이다,19,61.0,31
2025년 사이버보안 실태 평가(1차),10,diff_inst,다른 기관과의 교육 차별성은 어떠하십니까?,차별성없다,0,0.0,31
2025년 사이버보안 실태 평가(1차),16,instructor,[소스코드 취약점]  과목의 강의(강의 준비 및 강의 스킬) 만족도는?,매우 불만족,2,6.0,31
2025년 사이버보안 실태 평가(1차),16,instructor,[소스코드 취약점]  과목의 강의(강의 준비 및 강의 스킬) 만족도는?,불만족,0,0.0,31
2025년 사이버보안 실태 평가(1차),16,instructor,[소스코드 취약점]  과목의 강의(강의 준비 및 강의 스킬) 만족도는?,보통,4,12.0,31
2025년 사이버보안 실태 평가(1차),16,instructor,[소스코드 취약점]  과목의 강의(강의 준비 및 강의 스킬) 만족도는?,만족,13,41.0,31
2025년 사이버보안 실태 평가(1차),16,instructor,[소스코드 취약점]  과목의 강의(강의 준비 및 강의 스킬) 만족도는?,매우 만족,12,38.0,31
2025년 사이버보안 실태 평가(1차),17,instructor,[사례 공유] 과목의 강의 내용(강의 콘텐츠 구성 등) 만족도는?,매우 불만족,1,3.0,31
2025년 사이버보안 실태 평가(1차),17,instructor,[사례 공유] 과목의 강의 내용(강의 콘텐츠 구성 등) 만족도는?,불만족,0,0.0,31
2025년 사이버보안 실태 평가(1차),17,instructor,[사례 공유] 과목의 강의 내용(강의 콘텐츠 구성 등) 만족도는?,보통,4,12.0,31
2025년 사이버보안 실태 평가(1차),17,instructor,[사례 공유] 과목의 강의 내용(강의 콘텐츠 구성 등) 만족도는?,만족,11,35.0,31
2025년 사이버보안 실태 평가(1차),17,instructor,[사례 공유] 과목의 강의 내용(강의 콘텐츠 구성 등) 만족도는?,매우 만족,15,48.0,31
2025년 사이버보안 실태 평가(1차),18,instructor,[Threat Hunting] 과목의 강의 내용(강의 콘텐츠 구성 등) 만족도는?,매우 불만족,2,6.0,31
2025년 사이버보안 실태 평가(1차),18,instructor,[Threat Hunting] 과목의 강의 내용(강의 콘텐츠 구성 등) 만족도는?,불만족,0,0.0,31
2025년 사이버보안 실태 평가(1차),18,instructor,[Threat Hunting] 과목의 강의 내용(강의 콘텐츠 구성 등) 만족도는?,보통,2,6.0,31
2025년 사이버보안 실태 평가(1차),18,instructor,[Threat Hunting] 과목의 강의 내용(강의 콘텐츠 구성 등) 만족도는?,만족,14,45.0,31
2025년 사이버보안 실태 평가(1차),18,instructor,[Threat Hunting] 과목의 강의 내용(강의 콘텐츠 구성 등) 만족도는?,매우 만족,13,41.0,31
2025년 사이버보안 실태 평가(1차),19,instructor,[기술적 보안분야 점검항목] 과목의 강의 내용(강의 콘텐츠 구성 등) 만족도는?,매우 불만족,1,3.0,31
2025년 사이버보안 실태 평가(1차),19,instructor,[기술적 보안분야 점검항목] 과목의 강의 내용(강의 콘텐츠 구성 등) 만족도는?,불만족,0,0.0,31
2025년 사이버보안 실태 평가(1차),19,instructor,[기술적 보안분야 점검항목] 과목의 강의 내용(강의 콘텐츠 구성 등) 만족도는?,보통,3,9.0,31
2025년 사이버보안 실태 평가(1차),19,instructor,[기술적 보안분야 점검항목] 과목의 강의 내용(강의 콘텐츠 구성 등) 만족도는?,만족,14,45.0,31
2025년 사이버보안 실태 평가(1차),19,instructor,[기술적 보안분야 점검항목] 과목의 강의 내용(강의 콘텐츠 구성 등) 만족도는?,매우 만족,13,41.0,31
2025년 사이버보안 실태 평가(1차),20,instructor,[웹 취약점] 과목의 강의 내용(강의 콘텐츠 구성 등) 만족도는?,매우 불만족,1,3.0,31
2025년 사이버보안 실태 평가(1차),20,instructor,[웹 취약점] 과목의 강의 내용(강의 콘텐츠 구성 등) 만족도는?,불만족,0,0.0,31
2025년 사이버보안 실태 평가(1차),20,instructor,[웹 취약점] 과목의 강의 내용(강의 콘텐츠 구성 등) 만족도는?,보통,2,6.0,31
2025년 사이버보안 실태 평가(1차),20,instructor,[웹 취약점] 과목의 강의 내용(강의 콘텐츠 구성 등) 만족도는?,만족,12,38.0,31
2025년 사이버보안 실태 평가(1차),20,instructor,[웹 취약점] 과목의 강의 내용(강의 콘텐츠 구성 등) 만족도는?,매우 만족,16,51.0,31
2025년 사이버보안 실태 평가(2차),1,other,귀하께서는 어떤 목적으로 이번 사이버안보훈련센터의 교육과정을 수강하셨습니까?,보안 인식 제고,4,13.0,29
2025년 사이버보안 실태 평가(2차),1,other,귀하께서는 어떤 목적으로 이번 사이버안보훈련센터의 교육과정을 수강하셨습니까?,보안기술 능력 향상,4,13.0,29
2025년 사이버보안 실태 평가(2차),1,other,귀하께서는 어떤 목적으로 이번 사이버안보훈련센터의 교육과정을 수강하셨습니까?,업무에의 활용,15,51.0,29
2025년 사이버보안 실태 평가(2차),1,other,귀하께서는 어떤 목적으로 이번 사이버안보훈련센터의 교육과정을 수강하셨습니까?,교육 의무 시간 이수,6,20.0,29
2025년 사이버보안 실태 평가(2차),1,other,귀하께서는 어떤 목적으로 이번 사이버안보훈련센터의 교육과정을 수강하셨습니까?,상급자 / 동료의 추천,0,0.0,29
2025년 사이버보안 실태 평가(2차),1,other,귀하께서는 어떤 목적으로 이번 사이버안보훈련센터의 교육과정을 수강하셨습니까?,기타,0,0.0,29
2025년 사이버보안 실태 평가(2차),4,difficulty,이번 교육의 난이도는 어떠하였습니까?,쉽다,0,0.0,29
2025년 사이버보안 실태 평가(2차),4,difficulty,이번 교육의 난이도는 어떠하였습니까?,적당하다,29,100.0,29
2025년 사이버보안 실태 평가(2차),4,difficulty,이번 교육의 난이도는 어떠하였습니까?,어렵다,0,0.0,29
2025년 사이버보안 실태 평가(2차),6,satisfaction,이번 교육의 만족도는 어떠하였습니까?,높음,23,79.0,29
2025년 사이버보안 실태 평가(2차),6,satisfaction,이번 교육의 만족도는 어떠하였습니까?,보통,6,20.0,29
2025년 사이버보안 실태 평가(2차),6,satisfaction,이번 교육의 만족도는 어떠하였습니까?,낮음,0,0.0,29
2025년 사이버보안 실태 평가(2차),8,utility,이번 교육의 업무 활용도는 어떠하십니까?,높음,23,79.0,29
2025년 사이버보안 실태 평가(2차),8,utility,이번 교육의 업무 활용도는 어떠하십니까?,보통,6,20.0,29
2025년 사이버보안 실태 평가(2차),8,utility,이번 교육의 업무 활용도는 어떠하십니까?,낮음,0,0.0,29
2025년 사이버보안 실태 평가(2차),10,diff_inst,다른 기관과의 교육 차별성은 어떠하십니까?,차별성 있다,21,72.0,29
2025년 사이버보안 실태 평가(2차),10,diff_inst,다른 기관과의 교육 차별성은 어떠하십니까?,보통이다,7,24.0,29
2025년 사이버보안 실태 평가(2차),10,diff_inst,다른 기관과의 교육 차별성은 어떠하십니까?,차별성없다,1,3.0,29
2025년 사이버보안 실태 평가(2차),12,duration,교육 시간은 적절하다고 생각하십니까?,부족하다,4,13.0,29
2025년 사이버보안 실태 평가(2차),12,duration,교육 시간은 적절하다고 생각하십니까?,적절하다,24,82.0,29
2025년 사이버보안 실태 평가(2차),12,duration,교육 시간은 적절하다고 생각하십니까?,길다,1,3.0,29
2025년 사이버보안 실태 평가(2차),16,instructor,[우수사례] 과목의 강의 만족도는?,매우 불만족,0,0.0,29
2025년 사이버보안 실태 평가(2차),16,instructor,[우수사례] 과목의 강의 만족도는?,불만족,0,0.0,29
2025년 사이버보안 실태 평가(2차),16,instructor,[우수사례] 과목의 강의 만족도는?,보통,3,10.0,29
2025년 사이버보안 실태 평가(2차),16,instructor,[우수사례] 과목의 강의 만족도는?,만족,7,24.0,29
2025년 사이버보안 실태 평가(2차),16,instructor,[우수사례] 과목의 강의 만족도는?,매우 만족,19,65.0,29
2025년 사이버보안 실태 평가(2차),17,instructor,[소스코드 보안] 과목의 강의 만족도는?,매우 불만족,0,0.0,29
2025년 사이버보안 실태 평가(2차),17,instructor,[소스코드 보안] 과목의 강의 만족도는?,불만족,0,0.0,29
2025년 사이버보안 실태 평가(2차),17,instructor,[소스코드 보안] 과목의 강의 만족도는?,보통,3,10.0,29
2025년 사이버보안 실태 평가(2차),17,instructor,[소스코드 보안] 과목의 강의 만족도는?,만족,12,41.0,29
2025년 사이버보안 실태 평가(2차),17,instructor,[소스코드 보안] 과목의 강의 만족도는?,매우 만족,14,48.0,29
2025년 사이버보안 실태 평가(2차),18,instructor,[Threat Hungting] 과목의 강의 만족도는?,매우 불만족,0,0.0,29
2025년 사이버보안 실태 평가(2차),18,instructor,[Threat Hungting] 과목의 강의 만족도는?,불만족,1,3.0,29
2025년 사이버보안 실태 평가(2차),18,instructor,[Threat Hungting] 과목의 강의 만족도는?,보통,3,10.0,29
2025년 사이버보안 실태 평가(2차),18,instructor,[Threat Hungting] 과목의 강의 만족도는?,만족,10,34.0,29
2025년 사이버보안 실태 평가(2차),18,instructor,[Threat Hungting] 과목의 강의 만족도는?,매우 만족,15,51.0,29
2025년 사이버보안 실태 평가(2차),19,instructor,[준비 전략] 과목의 강의 만족도는?,매우 불만족,0,0.0,29
2025년 사이버보안 실태 평가(2차),19,instructor,[준비 전략] 과목의 강의 만족도는?,불만족,0,0.0,29
2025년 사이버보안 실태 평가(2차),19,instructor,[준비 전략] 과목의 강의 만족도는?,보통,5,17.0,29
2025년 사이버보안 실태 평가(2차),19,instructor,[준비 전략] 과목의 강의 만족도는?,만족,7,24.0,29
2025년 사이버보안 실태 평가(2차),19,instructor,[준비 전략] 과목의 강의 만족도는?,매우 만족,17,58.0,29
2025년 사이버보안 실태 평가(2차),20,instructor,[사례 및 대응 전략] 과목의 강의 만족도는?,매우 불만족,0,0.0,29
2025년 사이버보안 실태 평가(2차),20,instructor,[사례 및 대응 전략] 과목의 강의 만족도는?,불만족,0,0.0,29
2025년 사이버보안 실태 평가(2차),20,instructor,[사례 및 대응 전략] 과목의 강의 만족도는?,보통,3,10.0,29
2025년 사이버보안 실태 평가(2차),20,instructor,[사례 및 대응 전략] 과목의 강의 만족도는?,만족,8,27.0,29
2025년 사이버보안 실태 평가(2차),20,instructor,[사례 및 대응 전략] 과목의 강의 만족도는?,매우 만족,18,62.0,29
2025년 사이버보안 실태 평가(2차),21,instructor,[서버보안] 과목의 강의 만족도는?,매우 불만족,0,0.0,29
2025년 사이버보안 실태 평가(2차),21,instructor,[서버보안] 과목의 강의 만족도는?,불만족,0,0.0,29
2025년 사이버보안 실태 평가(2차),21,instructor,[서버보안] 과목의 강의 만족도는?,보통,1,3.0,29
2025년 사이버보안 실태 평가(2차),21,instructor,[서버보안] 과목의 강의 만족도는?,만족,13,44.0,29
2025년 사이버보안 실태 평가(2차),21,instructor,[서버보안] 과목의 강의 만족도는?,매우 만족,15,51.0,29
2025년 사이버보안 실태 평가(2차),22,instructor,[웹 취약점] 과목의 강의 만족도는?,매우 불만족,0,0.0,29
2025년 사이버보안 실태 평가(2차),22,instructor,[웹 취약점] 과목의 강의 만족도는?,불만족,0,0.0,29
2025년 사이버보안 실태 평가(2차),22,instructor,[웹 취약점] 과목의 강의 만족도는?,보통,0,0.0,29
2025년 사이버보안 실태 평가(2차),22,instructor,[웹 취약점] 과목의 강의 만족도는?,만족,11,37.0,29
2025년 사이버보안 실태 평가(2차),22,instructor,[웹 취약점] 과목의 강의 만족도는?,매우 만족,18,62.0,29
2025년 사이버보안 실태 평가(3차),1,other,귀하께서는 어떤 목적으로 이번 사이버안보훈련센터의 교육과정을 수강하셨습니까?,보안 인식 제고,4,13.0,29
2025년 사이버보안 실태 평가(3차),1,other,귀하께서는 어떤 목적으로 이번 사이버안보훈련센터의 교육과정을 수강하셨습니까?,보안기술 능력 향상,1,3.0,29
2025년 사이버보안 실태 평가(3차),1,other,귀하께서는 어떤 목적으로 이번 사이버안보훈련센터의 교육과정을 수강하셨습니까?,업무에의 활용,23,79.0,29
2025년 사이버보안 실태 평가(3차),1,other,귀하께서는 어떤 목적으로 이번 사이버안보훈련센터의 교육과정을 수강하셨습니까?,교육 의무 시간 이수,1,3.0,29
2025년 사이버보안 실태 평가(3차),1,other,귀하께서는 어떤 목적으로 이번 사이버안보훈련센터의 교육과정을 수강하셨습니까?,상급자 / 동료의 추천,0,0.0,29
2025년 사이버보안 실태 평가(3차),1,other,귀하께서는 어떤 목적으로 이번 사이버안보훈련센터의 교육과정을 수강하셨습니까?,기타,0,0.0,29
2025년 사이버보안 실태 평가(3차),4,difficulty,이번 교육의 난이도는 어떠하였습니까?,쉽다,1,3.0,29
2025년 사이버보안 실태 평가(3차),4,difficulty,이번 교육의 난이도는 어떠하였습니까?,적당하다,25,86.0,29
2025년 사이버보안 실태 평가(3차),4,difficulty,이번 교육의 난이도는 어떠하였습니까?,어렵다,3,10.0,29
2025년 사이버보안 실태 평가(3차),6,satisfaction,이번 교육의 만족도는 어떠하였습니까?,높음,22,75.0,29
2025년 사이버보안 실태 평가(3차),6,satisfaction,이번 교육의 만족도는 어떠하였습니까?,보통,7,24.0,29
2025년 사이버보안 실태 평가(3차),6,satisfaction,이번 교육의 만족도는 어떠하였습니까?,낮음,0,0.0,29
2025년 사이버보안 실태 평가(3차),8,utility,이번 교육의 업무 활용도는 어떠하십니까?,높음,20,68.0,29
2025년 사이버보안 실태 평가(3차),8,utility,이번 교육의 업무 활용도는 어떠하십니까?,보통,9,31.0,29
2025년 사이버보안 실태 평가(3차),8,utility,이번 교육의 업무 활용도는 어떠하십니까?,낮음,0,0.0,29
2025년 사이버보안 실태 평가(3차),10,diff_inst,다른 기관과의 교육 차별성은 어떠하십니까?,차별성 있다,20,68.0,29
2025년 사이버보안 실태 평가(3차),10,diff_inst,다른 기관과의 교육 차별성은 어떠하십니까?,보통이다,9,31.0,29
2025년 사이버보안 실태 평가(3차),10,diff_inst,다른 기관과의 교육 차별성은 어떠하십니까?,차별성없다,0,0.0,29
2025년 사이버보안 실태 평가(3차),12,duration,교육 시간은 적절하다고 생각하십니까?,부족하다,6,20.0,29
2025년 사이버보안 실태 평가(3차),12,duration,교육 시간은 적절하다고 생각하십니까?,적절하다,21,72.0,29
2025년 사이버보안 실태 평가(3차),12,duration,교육 시간은 적절하다고 생각하십니까?,길다,2,6.0,29
2025년 사이버보안 실태 평가(3차),16,instructor,[우수사례] 강의 내용(강사 스킬 및 강의 콘텐츠 구성 등) 만족도는?,매우 불만족,0,0.0,29
2025년 사이버보안 실태 평가(3차),16,instructor,[우수사례] 강의 내용(강사 스킬 및 강의 콘텐츠 구성 등) 만족도는?,불만족,0,0.0,29
2025년 사이버보안 실태 평가(3차),16,instructor,[우수사례] 강의 내용(강사 스킬 및 강의 콘텐츠 구성 등) 만족도는?,보통,2,6.0,29
2025년 사이버보안 실태 평가(3차),16,instructor,[우수사례] 강의 내용(강사 스킬 및 강의 콘텐츠 구성 등) 만족도는?,만족,14,48.0,29
2025년 사이버보안 실태 평가(3차),16,instructor,[우수사례] 강의 내용(강사 스킬 및 강의 콘텐츠 구성 등) 만족도는?,매우 만족,13,44.0,29
2025년 사이버보안 실태 평가(3차),17,instructor,[소스코드] 강의 내용(강사 스킬 및 강의 콘텐츠 구성 등) 만족도는?,매우 불만족,0,0.0,29
2025년 사이버보안 실태 평가(3차),17,instructor,[소스코드] 강의 내용(강사 스킬 및 강의 콘텐츠 구성 등) 만족도는?,불만족,1,3.0,29
2025년 사이버보안 실태 평가(3차),17,instructor,[소스코드] 강의 내용(강사 스킬 및 강의 콘텐츠 구성 등) 만족도는?,보통,1,3.0,29
2025년 사이버보안 실태 평가(3차),17,instructor,[소스코드] 강의 내용(강사 스킬 및 강의 콘텐츠 구성 등) 만족도는?,만족,12,41.0,29
2025년 사이버보안 실태 평가(3차),17,instructor,[소스코드] 강의 내용(강사 스킬 및 강의 콘텐츠 구성 등) 만족도는?,매우 만족,15,51.0,29
2025년 사이버보안 실태 평가(3차),18,instructor,[Threat Hunting] 강의 내용(강사 스킬 및 강의 콘텐츠 구성 등) 만족도는?,매우 불만족,0,0.0,29
2025년 사이버보안 실태 평가(3차),18,instructor,[Threat Hunting] 강의 내용(강사 스킬 및 강의 콘텐츠 구성 등) 만족도는?,불만족,0,0.0,29
2025년 사이버보안 실태 평가(3차),18,instructor,[Threat Hunting] 강의 내용(강사 스킬 및 강의 콘텐츠 구성 등) 만족도는?,보통,1,3.0,29
2025년 사이버보안 실태 평가(3차),18,instructor,[Threat Hunting] 강의 내용(강사 스킬 및 강의 콘텐츠 구성 등) 만족도는?,만족,14,48.0,29
2025년 사이버보안 실태 평가(3차),18,instructor,[Threat Hunting] 강의 내용(강사 스킬 및 강의 콘텐츠 구성 등) 만족도는?,매우 만족,14,48.0,29
2025년 사이버보안 실태 평가(3차),19,instructor,[준비전략] 강의 내용(강사 스킬 및 강의 콘텐츠 구성 등) 만족도는?,매우 불만족,0,0.0,29
2025년 사이버보안 실태 평가(3차),19,instructor,[준비전략] 강의 내용(강사 스킬 및 강의 콘텐츠 구성 등) 만족도는?,불만족,0,0.0,29
2025년 사이버보안 실태 평가(3차),19,instructor,[준비전략] 강의 내용(강사 스킬 및 강의 콘텐츠 구성 등) 만족도는?,,1,3.0,29
2025년 사이버보안 실태 평가(3차),19,instructor,[준비전략] 강의 내용(강사 스킬 및 강의 콘텐츠 구성 등) 만족도는?,만족,13,44.0,29
2025년 사이버보안 실태 평가(3차),19,instructor,[준비전략] 강의 내용(강사 스킬 및 강의 콘텐츠 구성 등) 만족도는?,매우 만족,15,51.0,29
2025년 사이버보안 실태 평가(3차),20,instructor,[대응방안] 강의 내용(강사 스킬 및 강의 콘텐츠 구성 등) 만족도는?,매우 불만족,0,0.0,29
2025년 사이버보안 실태 평가(3차),20,instructor,[대응방안] 강의 내용(강사 스킬 및 강의 콘텐츠 구성 등) 만족도는?,불만족,0,0.0,29
2025년 사이버보안 실태 평가(3차),20,instructor,[대응방안] 강의 내용(강사 스킬 및 강의 콘텐츠 구성 등) 만족도는?,보통,1,3.0,29
2025년 사이버보안 실태 평가(3차),20,instructor,[대응방안] 강의 내용(강사 스킬 및 강의 콘텐츠 구성 등) 만족도는?,만족,14,48.0,29
2025년 사이버보안 실태 평가(3차),20,instructor,[대응방안] 강의 내용(강사 스킬 및 강의 콘텐츠 구성 등) 만족도는?,매우 만족,14,48.0,29
2025년 사이버보안 실태 평가(3차),21,instructor,[서버 보안] 강의 내용(강사 스킬 및 강의 콘텐츠 구성 등) 만족도는?,매우 불만족,0,0.0,29
2025년 사이버보안 실태 평가(3차),21,instructor,[서버 보안] 강의 내용(강사 스킬 및 강의 콘텐츠 구성 등) 만족도는?,불만족,0,0.0,29
2025년 사이버보안 실태 평가(3차),21,instructor,[서버 보안] 강의 내용(강사 스킬 및 강의 콘텐츠 구성 등) 만족도는?,보통,2,6.0,29
2025년 사이버보안 실태 평가(3차),21,instructor,[서버 보안] 강의 내용(강사 스킬 및 강의 콘텐츠 구성 등) 만족도는?,만족,10,34.0,29
2025년 사이버보안 실태 평가(3차),21,instructor,[서버 보안] 강의 내용(강사 스킬 및 강의 콘텐츠 구성 등) 만족도는?,매우 만족,17,58.0,29
2025년 사이버보안 실태 평가(3차),22,instructor,[웹 취약점] 강의 내용(강사 스킬 및 강의 콘텐츠 구성 등) 만족도는?,매우 불만족,0,0.0,29
2025년 사이버보안 실태 평가(3차),22,instructor,[웹 취약점] 강의 내용(강사 스킬 및 강의 콘텐츠 구성 등) 만족도는?,,0,0.0,29
2025년 사이버보안 실태 평가(3차),22,instructor,[웹 취약점] 강의 내용(강사 스킬 및 강의 콘텐츠 구성 등) 만족도는?,보통,0,0.0,29
2025년 사이버보안 실태 평가(3차),22,instructor,[웹 취약점] 강의 내용(강사 스킬 및 강의 콘텐츠 구성 등) 만족도는?,만족,9,31.0,29
2025년 사이버보안 실태 평가(3차),22,instructor,[웹 취약점] 강의 내용(강사 스킬 및 강의 콘텐츠 구성 등) 만족도는?,매우 만족,20,68.0,29
2025년 사이버보안 실태 평가(4차),1,other,귀하께서는 어떤 목적으로 이번 사이버안보훈련센터의 교육과정을 수강하셨습니까?,보안 인식 제고,6,20.0,28
2025년 사이버보안 실태 평가(4차),1,other,귀하께서는 어떤 목적으로 이번 사이버안보훈련센터의 교육과정을 수강하셨습니까?,보안기술 능력 향상,6,20.0,28
2025년 사이버보안 실태 평가(4차),1,other,귀하께서는 어떤 목적으로 이번 사이버안보훈련센터의 교육과정을 수강하셨습니까?,업무에의 활용,13,44.0,28
2025년 사이버보안 실태 평가(4차),1,other,귀하께서는 어떤 목적으로 이번 사이버안보훈련센터의 교육과정을 수강하셨습니까?,교육 의무 시간 이수,4,13.0,28
2025년 사이버보안 실태 평가(4차),1,other,귀하께서는 어떤 목적으로 이번 사이버안보훈련센터의 교육과정을 수강하셨습니까?,상급자 / 동료의 추천,0,0.0,28
2025년 사이버보안 실태 평가(4차),1,other,귀하께서는 어떤 목적으로 이번 사이버안보훈련센터의 교육과정을 수강하셨습니까?,기타,0,0.0,28
2025년 사이버보안 실태 평가(4차),4,difficulty,이번 교육의 난이도는 어떠하였습니까?,쉽다,2,6.0,28
2025년 사이버보안 실태 평가(4차),4,difficulty,이번 교육의 난이도는 어떠하였습니까?,적당하다,24,82.0,28
2025년 사이버보안 실태 평가(4차),4,difficulty,이번 교육의 난이도는 어떠하였습니까?,어렵다,3,10.0,28
2025년 사이버보안 실태 평가(4차),6,satisfaction,이번 교육의 만족도는 어떠하였습니까?,높음,20,68.0,28
2025년 사이버보안 실태 평가(4차),6,satisfaction,이번 교육의 만족도는 어떠하였습니까?,보통,9,31.0,28
2025년 사이버보안 실태 평가(4차),6,satisfaction,이번 교육의 만족도는 어떠하였습니까?,낮음,0,0.0,28
2025년 사이버보안 실태 평가(4차),8,utility,이번 교육의 업무 활용도는 어떠하십니까?,높음,17,58.0,28
2025년 사이버보안 실태 평가(4차),8,utility,이번 교육의 업무 활용도는 어떠하십니까?,보통,12,41.0,28
2025년 사이버보안 실태 평가(4차),8,utility,이번 교육의 업무 활용도는 어떠하십니까?,낮음,0,0.0,28
2025년 사이버보안 실태 평가(4차),10,diff_inst,다른 기관과의 교육 차별성은 어떠하십니까?,차별성 있다,17,58.0,28
2025년 사이버보안 실태 평가(4차),10,diff_inst,다른 기관과의 교육 차별성은 어떠하십니까?,보통이다,12,41.0,28
2025년 사이버보안 실태 평가(4차),10,diff_inst,다른 기관과의 교육 차별성은 어떠하십니까?,차별성없다,0,0.0,28
2025년 사이버보안 실태 평가(4차),12,duration,교육 시간은 적절하다고 생각하십니까?,부족하다,5,17.0,28
2025년 사이버보안 실태 평가(4차),12,duration,교육 시간은 적절하다고 생각하십니까?,적절하다,24,82.0,28
2025년 사이버보안 실태 평가(4차),12,duration,교육 시간은 적절하다고 생각하십니까?,길다,0,0.0,28
2025년 사이버보안 실태 평가(4차),16,instructor,"[우수사례] 과목의 강의(강의 준비 및 강의 스킬, 강의 콘텐츠 구성 등) 만족도는?",매우 불만족,1,3.0,28
2025년 사이버보안 실태 평가(4차),16,instructor,"[우수사례] 과목의 강의(강의 준비 및 강의 스킬, 강의 콘텐츠 구성 등) 만족도는?",불만족,0,0.0,28
2025년 사이버보안 실태 평가(4차),16,instructor,"[우수사례] 과목의 강의(강의 준비 및 강의 스킬, 강의 콘텐츠 구성 등) 만족도는?",보통,4,13.0,28
2025년 사이버보안 실태 평가(4차),16,instructor,"[우수사례] 과목의 강의(강의 준비 및 강의 스킬, 강의 콘텐츠 구성 등) 만족도는?",만족,14,48.0,28
2025년 사이버보안 실태 평가(4차),16,instructor,"[우수사례] 과목의 강의(강의 준비 및 강의 스킬, 강의 콘텐츠 구성 등) 만족도는?",매우 만족,10,34.0,28
2025년 사이버보안 실태 평가(4차),17,instructor,"[웹 취약점] 과목의 강의(강의 준비 및 강의 스킬, 강의 콘텐츠 구성 등) 만족도는?",매우 불만족,1,3.0,28
2025년 사이버보안 실태 평가(4차),17,instructor,"[웹 취약점] 과목의 강의(강의 준비 및 강의 스킬, 강의 콘텐츠 구성 등) 만족도는?",불만족,0,0.0,28
2025년 사이버보안 실태 평가(4차),17,instructor,"[웹 취약점] 과목의 강의(강의 준비 및 강의 스킬, 강의 콘텐츠 구성 등) 만족도는?",보통,2,6.0,28
2025년 사이버보안 실태 평가(4차),17,instructor,"[웹 취약점] 과목의 강의(강의 준비 및 강의 스킬, 강의 콘텐츠 구성 등) 만족도는?",만족,13,44.0,28
2025년 사이버보안 실태 평가(4차),17,instructor,"[웹 취약점] 과목의 강의(강의 준비 및 강의 스킬, 강의 콘텐츠 구성 등) 만족도는?",매우 만족,13,44.0,28
2025년 사이버보안 실태 평가(4차),18,instructor,"[Threat Hunting] 과목의 강의(강의 준비 및 강의 스킬, 강의 콘텐츠 구성 등) 만족도는?",매우 불만족,0,0.0,28
2025년 사이버보안 실태 평가(4차),18,instructor,"[Threat Hunting] 과목의 강의(강의 준비 및 강의 스킬, 강의 콘텐츠 구성 등) 만족도는?",불만족,0,0.0,28
2025년 사이버보안 실태 평가(4차),18,instructor,"[Threat Hunting] 과목의 강의(강의 준비 및 강의 스킬, 강의 콘텐츠 구성 등) 만족도는?",보통,3,10.0,28
2025년 사이버보안 실태 평가(4차),18,instructor,"[Threat Hunting] 과목의 강의(강의 준비 및 강의 스킬, 강의 콘텐츠 구성 등) 만족도는?",만족,13,44.0,28
2025년 사이버보안 실태 평가(4차),18,instructor,"[Threat Hunting] 과목의 강의(강의 준비 및 강의 스킬, 강의 콘텐츠 구성 등) 만족도는?",매우 만족,13,44.0,28
2025년 사이버보안 실태 평가(4차),19,instructor,"[준비전략] 과목의 강의(강의 준비 및 강의 스킬, 강의 콘텐츠 구성 등) 만족도는?",매우 불만족,0,0.0,28
2025년 사이버보안 실태 평가(4차),19,instructor,"[준비전략] 과목의 강의(강의 준비 및 강의 스킬, 강의 콘텐츠 구성 등) 만족도는?",불만족,0,0.0,28
2025년 사이버보안 실태 평가(4차),19,instructor,"[준비전략] 과목의 강의(강의 준비 및 강의 스킬, 강의 콘텐츠 구성 등) 만족도는?",보통,2,6.0,28
2025년 사이버보안 실태 평가(4차),19,instructor,"[준비전략] 과목의 강의(강의 준비 및 강의 스킬, 강의 콘텐츠 구성 등) 만족도는?",만족,16,55.0,28
2025년 사이버보안 실태 평가(4차),19,instructor,"[준비전략] 과목의 강의(강의 준비 및 강의 스킬, 강의 콘텐츠 구성 등) 만족도는?",매우 만족,11,37.0,28
2025년 사이버보안 실태 평가(4차),20,instructor,"[대응방안] 과목의 강의(강의 준비 및 강의 스킬, 강의 콘텐츠 구성 등) 만족도는?",매우 불만족,0,0.0,28
2025년 사이버보안 실태 평가(4차),20,instructor,"[대응방안] 과목의 강의(강의 준비 및 강의 스킬, 강의 콘텐츠 구성 등) 만족도는?",불만족,0,0.0,28
2025년 사이버보안 실태 평가(4차),20,instructor,"[대응방안] 과목의 강의(강의 준비 및 강의 스킬, 강의 콘텐츠 구성 등) 만족도는?",보통,3,10.0,28
2025년 사이버보안 실태 평가(4차),20,instructor,"[대응방안] 과목의 강의(강의 준비 및 강의 스킬, 강의 콘텐츠 구성 등) 만족도는?",만족,14,48.0,28
2025년 사이버보안 실태 평가(4차),20,instructor,"[대응방안] 과목의 강의(강의 준비 및 강의 스킬, 강의 콘텐츠 구성 등) 만족도는?",매우 만족,12,41.0,28
2025년 사이버보안 실태 평가(4차),21,instructor,"[서버보안] 과목의 강의(강의 준비 및 강의 스킬, 강의 콘텐츠 구성 등) 만족도는?",매우 불만족,1,3.0,28
2025년 사이버보안 실태 평가(4차),21,instructor,"[서버보안] 과목의 강의(강의 준비 및 강의 스킬, 강의 콘텐츠 구성 등) 만족도는?",불만족,0,0.0,28
2025년 사이버보안 실태 평가(4차),21,instructor,"[서버보안] 과목의 강의(강의 준비 및 강의 스킬, 강의 콘텐츠 구성 등) 만족도는?",보통,3,10.0,28
2025년 사이버보안 실태 평가(4차),21,instructor,"[서버보안] 과목의 강의(강의 준비 및 강의 스킬, 강의 콘텐츠 구성 등) 만족도는?",만족,13,44.0,28
2025년 사이버보안 실태 평가(4차),21,instructor,"[서버보안] 과목의 강의(강의 준비 및 강의 스킬, 강의 콘텐츠 구성 등) 만족도는?",매우 만족,12,41.0,28
2025년 사이버보안 실태 평가(4차),22,instructor,"[소스코드 보안] 과목의 강의(강의 준비 및 강의 스킬, 강의 콘텐츠 구성 등) 만족도는?",매우 불만족,1,3.0,28
2025년 사이버보안 실태 평가(4차),22,instructor,"[소스코드 보안] 과목의 강의(강의 준비 및 강의 스킬, 강의 콘텐츠 구성 등) 만족도는?",불만족,0,0.0,28
2025년 사이버보안 실태 평가(4차),22,instructor,"[소스코드 보안] 과목의 강의(강의 준비 및 강의 스킬, 강의 콘텐츠 구성 등) 만족도는?",보통,2,6.0,28
2025년 사이버보안 실태 평가(4차),22,instructor,"[소스코드 보안] 과목의 강의(강의 준비 및 강의 스킬, 강의 콘텐츠 구성 등) 만족도는?",만족,14,48.0,28
2025년 사이버보안 실태 평가(4차),22,instructor,"[소스코드 보안] 과목의 강의(강의 준비 및 강의 스킬, 강의 콘텐츠 구성 등) 만족도는?",매우 만족,12,41.0,28
2025년 사이버보안 실태 평가(4차),23,instructor,"[현장 평가] 과목의 강의(강의 준비 및 강의 스킬, 강의 콘텐츠 구성 등) 만족도는?",매우 불만족,0,0.0,28
2025년 사이버보안 실태 평가(4차),23,instructor,"[현장 평가] 과목의 강의(강의 준비 및 강의 스킬, 강의 콘텐츠 구성 등) 만족도는?",불만족,0,0.0,28
2025년 사이버보안 실태 평가(4차),23,instructor,"[현장 평가] 과목의 강의(강의 준비 및 강의 스킬, 강의 콘텐츠 구성 등) 만족도는?",보통,2,6.0,28
2025년 사이버보안 실태 평가(4차),23,instructor,"[현장 평가] 과목의 강의(강의 준비 및 강의 스킬, 강의 콘텐츠 구성 등) 만족도는?",만족,15,51.0,28
2025년 사이버보안 실태 평가(4차),23,instructor,"[현장 평가] 과목의 강의(강의 준비 및 강의 스킬, 강의 콘텐츠 구성 등) 만족도는?",매우 만족,12,41.0,28
2025년 사이버안보정책(1차),1,other,귀하께서는 어떤 목적으로 이번 사이버안보훈련센터의 교육과정을 수강하셨습니까?,보안 인식 제고,3,15.0,19
2025년 사이버안보정책(1차),1,other,귀하께서는 어떤 목적으로 이번 사이버안보훈련센터의 교육과정을 수강하셨습니까?,보안기술 능력 향상,2,10.0,19
2025년 사이버안보정책(1차),1,other,귀하께서는 어떤 목적으로 이번 사이버안보훈련센터의 교육과정을 수강하셨습니까?,업무에의 활용,9,47.0,19
2025년 사이버안보정책(1차),1,other,귀하께서는 어떤 목적으로 이번 사이버안보훈련센터의 교육과정을 수강하셨습니까?,교육 의무 시간 이수,2,10.0,19
2025년 사이버안보정책(1차),1,other,귀하께서는 어떤 목적으로 이번 사이버안보훈련센터의 교육과정을 수강하셨습니까?,소속기관의 추천,3,15.0,19
2025년 사이버안보정책(1차),1,other,귀하께서는 어떤 목적으로 이번 사이버안보훈련센터의 교육과정을 수강하셨습니까?,기타,0,0.0,19
2025년 사이버안보정책(1차),2,difficulty,이번 교육의 난이도는 어떠하였습니까?,쉽다,0,0.0,19
2025년 사이버안보정책(1차),2,difficulty,이번 교육의 난이도는 어떠하였습니까?,적당하다,18,94.0,19
2025년 사이버안보정책(1차),2,difficulty,이번 교육의 난이도는 어떠하였습니까?,어렵다,1,5.0,19
2025년 사이버안보정책(1차),4,satisfaction,이번 교육의 만족도는 어떠하였습니까?,높음,17,89.0,19
2025년 사이버안보정책(1차),4,satisfaction,이번 교육의 만족도는 어떠하였습니까?,보통이다,1,5.0,19
2025년 사이버안보정책(1차),4,satisfaction,이번 교육의 만족도는 어떠하였습니까?,낮음,1,5.0,19
2025년 사이버안보정책(1차),6,utility,이번 교육의 업무 활용도는 어떠하십니까?,높음,16,84.0,19
2025년 사이버안보정책(1차),6,utility,이번 교육의 업무 활용도는 어떠하십니까?,보통이다,2,10.0,19
2025년 사이버안보정책(1차),6,utility,이번 교육의 업무 활용도는 어떠하십니까?,낮음,1,5.0,19
2025년 사이버안보정책(1차),8,diff_inst,다른 기관과의 교육 차별성은 어떠하십니까?,차별성 있다,17,89.0,19
2025년 사이버안보정책(1차),8,diff_inst,다른 기관과의 교육 차별성은 어떠하십니까?,보통이다,2,10.0,19
2025년 사이버안보정책(1차),8,diff_inst,다른 기관과의 교육 차별성은 어떠하십니까?,차별성없다,0,0.0,19
2025년 사이버안보정책(1차),10,duration,교육 시간은 적절하다고 생각하십니까?,적절하다,18,94.0,19
2025년 사이버안보정책(1차),10,duration,교육 시간은 적절하다고 생각하십니까?,보통이다,1,5.0,19
2025년 사이버안보정책(1차),10,duration,교육 시간은 적절하다고 생각하십니까?,적절하다,0,0.0,19
2025년 사이버안보정책(1차),12,other,본 교육의 가장 적당한 교육기간은 며칠이라고 생각하십니까?,10주,2,10.0,19
2025년 사이버안보정책(1차),12,other,본 교육의 가장 적당한 교육기간은 며칠이라고 생각하십니까?,12주,14,73.0,19
2025년 사이버안보정책(1차),12,other,본 교육의 가장 적당한 교육기간은 며칠이라고 생각하십니까?,12주 초과,3,15.0,19
2025년 사이버안보정책(1차),13,needs,"국가공공 기관 및 정보통신기반시설의 정보화, 정보보호 담당자에게 꼭 필요한 사이버안보 교육에는 어떤 것이 있을까요?",포렌식 분야 교육/훈련,2,10.0,19
2025년 사이버안보정책(1차),13,needs,"국가공공 기관 및 정보통신기반시설의 정보화, 정보보호 담당자에게 꼭 필요한 사이버안보 교육에는 어떤 것이 있을까요?",악성코드 분석 교육/훈련,1,5.0,19
2025년 사이버안보정책(1차),13,needs,"국가공공 기관 및 정보통신기반시설의 정보화, 정보보호 담당자에게 꼭 필요한 사이버안보 교육에는 어떤 것이 있을까요?",모바일 분야 교육/훈련,1,5.0,19
2025년 사이버안보정책(1차),13,needs,"국가공공 기관 및 정보통신기반시설의 정보화, 정보보호 담당자에게 꼭 필요한 사이버안보 교육에는 어떤 것이 있을까요?",무선랜 해킹 관련 교육/훈련,1,5.0,19
2025년 사이버안보정책(1차),13,needs,"국가공공 기관 및 정보통신기반시설의 정보화, 정보보호 담당자에게 꼭 필요한 사이버안보 교육에는 어떤 것이 있을까요?",서버 취약점 공격 대응 교육/훈련,2,10.0,19
2025년 사이버안보정책(1차),13,needs,"국가공공 기관 및 정보통신기반시설의 정보화, 정보보호 담당자에게 꼭 필요한 사이버안보 교육에는 어떤 것이 있을까요?",시스템 보안강화(System Hardening) 교육/훈련,2,10.0,19
2025년 사이버안보정책(1차),13,needs,"국가공공 기관 및 정보통신기반시설의 정보화, 정보보호 담당자에게 꼭 필요한 사이버안보 교육에는 어떤 것이 있을까요?",정보유출 사건에 대한 교육/훈련,8,42.0,19
2025년 사이버안보정책(1차),13,needs,"국가공공 기관 및 정보통신기반시설의 정보화, 정보보호 담당자에게 꼭 필요한 사이버안보 교육에는 어떤 것이 있을까요?",정보보호 시스템 관리 교육/훈련,2,10.0,19
2025년 사이버안보정책(1차),17,instructor,정보보안 담당관의 역할(강사: 최영근 소장) 과목의 강의 만족도(강의 준비 및 스킬 등)는?,매우 만족,13,68.0,19
2025년 사이버안보정책(1차),17,instructor,정보보안 담당관의 역할(강사: 최영근 소장) 과목의 강의 만족도(강의 준비 및 스킬 등)는?,만족,5,26.0,19
2025년 사이버안보정책(1차),17,instructor,정보보안 담당관의 역할(강사: 최영근 소장) 과목의 강의 만족도(강의 준비 및 스킬 등)는?,보통,1,5.0,19
2025년 사이버안보정책(1차),17,instructor,정보보안 담당관의 역할(강사: 최영근 소장) 과목의 강의 만족도(강의 준비 및 스킬 등)는?,불만족,0,0.0,19
2025년 사이버안보정책(1차),17,instructor,정보보안 담당관의 역할(강사: 최영근 소장) 과목의 강의 만족도(강의 준비 및 스킬 등)는?,매우 불만족,0,0.0,19
2025년 사이버안보정책(1차),18,instructor,정보보안 담당관의 역할(강사: 최영근 소장) 과목의 강의 내용 만족도(강의 컨텐츠 구성 등)는?,매우 만족,12,63.0,19
2025년 사이버안보정책(1차),18,instructor,정보보안 담당관의 역할(강사: 최영근 소장) 과목의 강의 내용 만족도(강의 컨텐츠 구성 등)는?,만족,6,31.0,19
2025년 사이버안보정책(1차),18,instructor,정보보안 담당관의 역할(강사: 최영근 소장) 과목의 강의 내용 만족도(강의 컨텐츠 구성 등)는?,보통,1,5.0,19
2025년 사이버안보정책(1차),18,instructor,정보보안 담당관의 역할(강사: 최영근 소장) 과목의 강의 내용 만족도(강의 컨텐츠 구성 등)는?,불만족,0,0.0,19
2025년 사이버안보정책(1차),18,instructor,정보보안 담당관의 역할(강사: 최영근 소장) 과목의 강의 내용 만족도(강의 컨텐츠 구성 등)는?,매우 불만족,0,0.0,19
2025년 사이버안보정책(1차),19,instructor,디지털 공급망 보안(강사: 최윤성 교수) 과목의 강의 만족도(강의 준비 및 스킬 등)는?,매우 만족,8,42.0,19
2025년 사이버안보정책(1차),19,instructor,디지털 공급망 보안(강사: 최윤성 교수) 과목의 강의 만족도(강의 준비 및 스킬 등)는?,만족,10,52.0,19
2025년 사이버안보정책(1차),19,instructor,디지털 공급망 보안(강사: 최윤성 교수) 과목의 강의 만족도(강의 준비 및 스킬 등)는?,보통,1,5.0,19
2025년 사이버안보정책(1차),19,instructor,디지털 공급망 보안(강사: 최윤성 교수) 과목의 강의 만족도(강의 준비 및 스킬 등)는?,불만족,0,0.0,19
2025년 사이버안보정책(1차),19,instructor,디지털 공급망 보안(강사: 최윤성 교수) 과목의 강의 만족도(강의 준비 및 스킬 등)는?,매우 불만족,0,0.0,19
2025년 사이버안보정책(1차),20,instructor,디지털 공급망 보안(강사: 최윤성 교수) 과목의 강의 내용 만족도(강의 컨텐츠 구성 등)는?,매우 만족,8,42.0,19
2025년 사이버안보정책(1차),20,instructor,디지털 공급망 보안(강사: 최윤성 교수) 과목의 강의 내용 만족도(강의 컨텐츠 구성 등)는?,만족,10,52.0,19
2025년 사이버안보정책(1차),20,instructor,디지털 공급망 보안(강사: 최윤성 교수) 과목의 강의 내용 만족도(강의 컨텐츠 구성 등)는?,보통,1,5.0,19
2025년 사이버안보정책(1차),20,instructor,디지털 공급망 보안(강사: 최윤성 교수) 과목의 강의 내용 만족도(강의 컨텐츠 구성 등)는?,불만족,0,0.0,19
2025년 사이버안보정책(1차),20,instructor,디지털 공급망 보안(강사: 최윤성 교수) 과목의 강의 내용 만족도(강의 컨텐츠 구성 등)는?,매우 불만족,0,0.0,19
2025년 사이버안보정책(1차),21,instructor,신 사이버안보 위기 대응 소개(강사: 이종후 박사) 과목의 강의 만족도(강의 준비 및 스킬 등)는?,매우 만족,10,52.0,19
2025년 사이버안보정책(1차),21,instructor,신 사이버안보 위기 대응 소개(강사: 이종후 박사) 과목의 강의 만족도(강의 준비 및 스킬 등)는?,만족,8,42.0,19
2025년 사이버안보정책(1차),21,instructor,신 사이버안보 위기 대응 소개(강사: 이종후 박사) 과목의 강의 만족도(강의 준비 및 스킬 등)는?,보통,1,5.0,19
2025년 사이버안보정책(1차),21,instructor,신 사이버안보 위기 대응 소개(강사: 이종후 박사) 과목의 강의 만족도(강의 준비 및 스킬 등)는?,불만족,0,0.0,19
2025년 사이버안보정책(1차),21,instructor,신 사이버안보 위기 대응 소개(강사: 이종후 박사) 과목의 강의 만족도(강의 준비 및 스킬 등)는?,매우 불만족,0,0.0,19
2025년 사이버안보정책(1차),22,instructor,신 사이버안보 위기 대응 소개(강사: 이종후 박사) 과목의 강의 내용 만족도(강의 컨텐츠 구성 등)는?,매우 만족,11,57.0,19
2025년 사이버안보정책(1차),22,instructor,신 사이버안보 위기 대응 소개(강사: 이종후 박사) 과목의 강의 내용 만족도(강의 컨텐츠 구성 등)는?,만족,7,36.0,19
2025년 사이버안보정책(1차),22,instructor,신 사이버안보 위기 대응 소개(강사: 이종후 박사) 과목의 강의 내용 만족도(강의 컨텐츠 구성 등)는?,보통,1,5.0,19
2025년 사이버안보정책(1차),22,instructor,신 사이버안보 위기 대응 소개(강사: 이종후 박사) 과목의 강의 내용 만족도(강의 컨텐츠 구성 등)는?,불만족,0,0.0,19
2025년 사이버안보정책(1차),22,instructor,신 사이버안보 위기 대응 소개(강사: 이종후 박사) 과목의 강의 내용 만족도(강의 컨텐츠 구성 등)는?,매우 불만족,0,0.0,19
2025년 사이버안보정책(1차),23,instructor,IT 보안 특강: 인문학 강좌(강사: 이강재 교수) 과목의 강의 만족도(강의 준비 및 스킬 등)는?,매우 만족,12,63.0,19
2025년 사이버안보정책(1차),23,instructor,IT 보안 특강: 인문학 강좌(강사: 이강재 교수) 과목의 강의 만족도(강의 준비 및 스킬 등)는?, 만족,6,31.0,19
2025년 사이버안보정책(1차),23,instructor,IT 보안 특강: 인문학 강좌(강사: 이강재 교수) 과목의 강의 만족도(강의 준비 및 스킬 등)는?,보통,1,5.0,19
2025년 사이버안보정책(1차),23,instructor,IT 보안 특강: 인문학 강좌(강사: 이강재 교수) 과목의 강의 만족도(강의 준비 및 스킬 등)는?,불만족,0,0.0,19
2025년 사이버안보정책(1차),23,instructor,IT 보안 특강: 인문학 강좌(강사: 이강재 교수) 과목의 강의 만족도(강의 준비 및 스킬 등)는?,매우 불만족,0,0.0,19
2025년 사이버안보정책(1차),24,instructor,IT 보안 특강: 인문학 강좌(강사: 이강재 교수) 과목의 강의 내용 만족도(강의 컨텐츠 구성 등)는?,매우 만족,12,63.0,19
2025년 사이버안보정책(1차),24,instructor,IT 보안 특강: 인문학 강좌(강사: 이강재 교수) 과목의 강의 내용 만족도(강의 컨텐츠 구성 등)는?,만족,6,31.0,19
2025년 사이버안보정책(1차),24,instructor,IT 보안 특강: 인문학 강좌(강사: 이강재 교수) 과목의 강의 내용 만족도(강의 컨텐츠 구성 등)는?,보통,1,5.0,19
2025년 사이버안보정책(1차),24,instructor,IT 보안 특강: 인문학 강좌(강사: 이강재 교수) 과목의 강의 내용 만족도(강의 컨텐츠 구성 등)는?,불만족,0,0.0,19
2025년 사이버안보정책(1차),24,instructor,IT 보안 특강: 인문학 강좌(강사: 이강재 교수) 과목의 강의 내용 만족도(강의 컨텐츠 구성 등)는?,매우 불만족,0,0.0,19
2025년 사이버안보정책(1차),25,instructor,양자 보안기술 발전 현황 및 양자 암호 전환 정책(강사: 장진각 박사) 과목의 강의 만족도(강의 준비 및 스킬 등)는?,매우 만족,8,42.0,19
2025년 사이버안보정책(1차),25,instructor,양자 보안기술 발전 현황 및 양자 암호 전환 정책(강사: 장진각 박사) 과목의 강의 만족도(강의 준비 및 스킬 등)는?,만족,8,42.0,19
2025년 사이버안보정책(1차),25,instructor,양자 보안기술 발전 현황 및 양자 암호 전환 정책(강사: 장진각 박사) 과목의 강의 만족도(강의 준비 및 스킬 등)는?,보통,2,10.0,19
2025년 사이버안보정책(1차),25,instructor,양자 보안기술 발전 현황 및 양자 암호 전환 정책(강사: 장진각 박사) 과목의 강의 만족도(강의 준비 및 스킬 등)는?,불만족,1,5.0,19
2025년 사이버안보정책(1차),25,instructor,양자 보안기술 발전 현황 및 양자 암호 전환 정책(강사: 장진각 박사) 과목의 강의 만족도(강의 준비 및 스킬 등)는?,매우 불만족,0,0.0,19
2025년 사이버안보정책(1차),26,instructor,양자 보안기술 발전 현황 및 양자 암호 전환 정책(강사: 장진각 박사) 과목의 강의 내용 만족도(강의 컨텐츠 구성 등)는?,매우 만족,8,42.0,19
2025년 사이버안보정책(1차),26,instructor,양자 보안기술 발전 현황 및 양자 암호 전환 정책(강사: 장진각 박사) 과목의 강의 내용 만족도(강의 컨텐츠 구성 등)는?,만족,8,42.0,19
2025년 사이버안보정책(1차),26,instructor,양자 보안기술 발전 현황 및 양자 암호 전환 정책(강사: 장진각 박사) 과목의 강의 내용 만족도(강의 컨텐츠 구성 등)는?,보통,2,10.0,19
2025년 사이버안보정책(1차),26,instructor,양자 보안기술 발전 현황 및 양자 암호 전환 정책(강사: 장진각 박사) 과목의 강의 내용 만족도(강의 컨텐츠 구성 등)는?,불만족,1,5.0,19
2025년 사이버안보정책(1차),26,instructor,양자 보안기술 발전 현황 및 양자 암호 전환 정책(강사: 장진각 박사) 과목의 강의 내용 만족도(강의 컨텐츠 구성 등)는?,매우 불만족,0,0.0,19
2025년 사이버안보정책(1차),27,instructor,정보보안관리실태평가 사례(강사: 강혜진 부장) 과목의 강의 만족도(강의 준비 및 스킬 등)는?,매우 만족,11,57.0,19
2025년 사이버안보정책(1차),27,instructor,정보보안관리실태평가 사례(강사: 강혜진 부장) 과목의 강의 만족도(강의 준비 및 스킬 등)는?,만족,5,26.0,19
2025년 사이버안보정책(1차),27,instructor,정보보안관리실태평가 사례(강사: 강혜진 부장) 과목의 강의 만족도(강의 준비 및 스킬 등)는?,보통,3,15.0,19
2025년 사이버안보정책(1차),27,instructor,정보보안관리실태평가 사례(강사: 강혜진 부장) 과목의 강의 만족도(강의 준비 및 스킬 등)는?,불만족,0,0.0,19
2025년 사이버안보정책(1차),27,instructor,정보보안관리실태평가 사례(강사: 강혜진 부장) 과목의 강의 만족도(강의 준비 및 스킬 등)는?,매우 불만족,0,0.0,19
2025년 사이버안보정책(1차),28,instructor,정보보안관리실태평가 사례(강사: 강혜진 부장) 과목의 강의 내용 만족도(강의 컨텐츠 구성 등)는?,매우 만족,10,52.0,19
2025년 사이버안보정책(1차),28,instructor,정보보안관리실태평가 사례(강사: 강혜진 부장) 과목의 강의 내용 만족도(강의 컨텐츠 구성 등)는?,만족,4,21.0,19
2025년 사이버안보정책(1차),28,instructor,정보보안관리실태평가 사례(강사: 강혜진 부장) 과목의 강의 내용 만족도(강의 컨텐츠 구성 등)는?,보통,4,21.0,19
2025년 사이버안보정책(1차),28,instructor,정보보안관리실태평가 사례(강사: 강혜진 부장) 과목의 강의 내용 만족도(강의 컨텐츠 구성 등)는?,불만족,1,5.0,19
2025년 사이버안보정책(1차),28,instructor,정보보안관리실태평가 사례(강사: 강혜진 부장) 과목의 강의 내용 만족도(강의 컨텐츠 구성 등)는?,매우 불만족,0,0.0,19
2025년 사이버안보정책(1차),29,instructor,사이버 전쟁과 대응(강사: 유상선 교수) 과목의 강의 만족도(강의 준비 및 스킬 등)는?,매우 만족,8,42.0,19
2025년 사이버안보정책(1차),29,instructor,사이버 전쟁과 대응(강사: 유상선 교수) 과목의 강의 만족도(강의 준비 및 스킬 등)는?, 만족,10,52.0,19
2025년 사이버안보정책(1차),29,instructor,사이버 전쟁과 대응(강사: 유상선 교수) 과목의 강의 만족도(강의 준비 및 스킬 등)는?,보통,1,5.0,19
2025년 사이버안보정책(1차),29,instructor,사이버 전쟁과 대응(강사: 유상선 교수) 과목의 강의 만족도(강의 준비 및 스킬 등)는?,불만족,0,0.0,19
2025년 사이버안보정책(1차),29,instructor,사이버 전쟁과 대응(강사: 유상선 교수) 과목의 강의 만족도(강의 준비 및 스킬 등)는?,매우 불만족,0,0.0,19
2025년 사이버안보정책(1차),30,instructor,사이버 전쟁과 대응(강사: 유상선 교수) 과목의 강의 내용 만족도(강의 컨텐츠 구성 등)는?,매우 만족,8,42.0,19
2025년 사이버안보정책(1차),30,instructor,사이버 전쟁과 대응(강사: 유상선 교수) 과목의 강의 내용 만족도(강의 컨텐츠 구성 등)는?, 만족,10,52.0,19
2025년 사이버안보정책(1차),30,instructor,사이버 전쟁과 대응(강사: 유상선 교수) 과목의 강의 내용 만족도(강의 컨텐츠 구성 등)는?,보통,1,5.0,19
2025년 사이버안보정책(1차),30,instructor,사이버 전쟁과 대응(강사: 유상선 교수) 과목의 강의 내용 만족도(강의 컨텐츠 구성 등)는?,불만족,0,0.0,19
2025년 사이버안보정책(1차),30,instructor,사이버 전쟁과 대응(강사: 유상선 교수) 과목의 강의 내용 만족도(강의 컨텐츠 구성 등)는?,매우 불만족,0,0.0,19
2025년 사이버안보정책(1차),31,instructor," AI시대, 사이버안보 환경변화 및 위협(강사: 이형동 전문위원) 과목의 강의 만족도(강의 준비 및 스킬 등)는?",매우 만족,10,52.0,19
2025년 사이버안보정책(1차),31,instructor," AI시대, 사이버안보 환경변화 및 위협(강사: 이형동 전문위원) 과목의 강의 만족도(강의 준비 및 스킬 등)는?",만족,8,42.0,19
2025년 사이버안보정책(1차),31,instructor," AI시대, 사이버안보 환경변화 및 위협(강사: 이형동 전문위원) 과목의 강의 만족도(강의 준비 및 스킬 등)는?",보통,1,5.0,19
2025년 사이버안보정책(1차),31,instructor," AI시대, 사이버안보 환경변화 및 위협(강사: 이형동 전문위원) 과목의 강의 만족도(강의 준비 및 스킬 등)는?",불만족,0,0.0,19
2025년 사이버안보정책(1차),31,instructor," AI시대, 사이버안보 환경변화 및 위협(강사: 이형동 전문위원) 과목의 강의 만족도(강의 준비 및 스킬 등)는?",매우 불만족,0,0.0,19
2025년 사이버안보정책(1차),32,instructor,"AI시대, 사이버안보 환경변화 및 위협(강사: 이형동 전문위원) 과목의 강의 내용 만족도(강의 컨텐츠 구성 등)는?",매우 만족,10,52.0,19
2025년 사이버안보정책(1차),32,instructor,"AI시대, 사이버안보 환경변화 및 위협(강사: 이형동 전문위원) 과목의 강의 내용 만족도(강의 컨텐츠 구성 등)는?",만족,8,42.0,19
2025년 사이버안보정책(1차),32,instructor,"AI시대, 사이버안보 환경변화 및 위협(강사: 이형동 전문위원) 과목의 강의 내용 만족도(강의 컨텐츠 구성 등)는?",보통,1,5.0,19
2025년 사이버안보정책(1차),32,instructor,"AI시대, 사이버안보 환경변화 및 위협(강사: 이형동 전문위원) 과목의 강의 내용 만족도(강의 컨텐츠 구성 등)는?",불만족,0,0.0,19
2025년 사이버안보정책(1차),32,instructor,"AI시대, 사이버안보 환경변화 및 위협(강사: 이형동 전문위원) 과목의 강의 내용 만족도(강의 컨텐츠 구성 등)는?",매우 불만족,0,0.0,19
2025년 사이버안보정책(1차),33,sat_free,지능형 자율주행 보안 위협(강사: 이유식 교수) 과목의 강의 만족도(강의 준비 및 스킬 등)는?,매우 만족,12,63.0,19
2025년 사이버안보정책(1차),33,sat_free,지능형 자율주행 보안 위협(강사: 이유식 교수) 과목의 강의 만족도(강의 준비 및 스킬 등)는?,만족,6,31.0,19
2025년 사이버안보정책(1차),33,sat_free,지능형 자율주행 보안 위협(강사: 이유식 교수) 과목의 강의 만족도(강의 준비 및 스킬 등)는?,보통,1,5.0,19
2025년 사이버안보정책(1차),33,sat_free,지능형 자율주행 보안 위협(강사: 이유식 교수) 과목의 강의 만족도(강의 준비 및 스킬 등)는?,불만족,0,0.0,19
2025년 사이버안보정책(1차),33,sat_free,지능형 자율주행 보안 위협(강사: 이유식 교수) 과목의 강의 만족도(강의 준비 및 스킬 등)는?,매우 불만족,0,0.0,19
2025년 사이버안보정책(1차),34,sat_free,지능형 자율주행 보안 위협(강사: 이유식 교수) 과목의 강의 내용 만족도(강의 컨텐츠 구성 등)는?,매우 만족,12,63.0,19
2025년 사이버안보정책(1차),34,sat_free,지능형 자율주행 보안 위협(강사: 이유식 교수) 과목의 강의 내용 만족도(강의 컨텐츠 구성 등)는?,만족,6,31.0,19
2025년 사이버안보정책(1차),34,sat_free,지능형 자율주행 보안 위협(강사: 이유식 교수) 과목의 강의 내용 만족도(강의 컨텐츠 구성 등)는?,보통,1,5.0,19
2025년 사이버안보정책(1차),34,sat_free,지능형 자율주행 보안 위협(강사: 이유식 교수) 과목의 강의 내용 만족도(강의 컨텐츠 구성 등)는?,불만족,0,0.0,19
2025년 사이버안보정책(1차),34,sat_free,지능형 자율주행 보안 위협(강사: 이유식 교수) 과목의 강의 내용 만족도(강의 컨텐츠 구성 등)는?,매우 불만족,0,0.0,19
2025년 사이버안보정책(1차),35,instructor,인공위성 시스템 보안 위협 대응(강사: 장대희 교수) 과목의 강의 만족도(강의 준비 및 스킬 등)는?,매우 만족,8,42.0,19
2025년 사이버안보정책(1차),35,instructor,인공위성 시스템 보안 위협 대응(강사: 장대희 교수) 과목의 강의 만족도(강의 준비 및 스킬 등)는?,만족,10,52.0,19
2025년 사이버안보정책(1차),35,instructor,인공위성 시스템 보안 위협 대응(강사: 장대희 교수) 과목의 강의 만족도(강의 준비 및 스킬 등)는?,보통,1,5.0,19
2025년 사이버안보정책(1차),35,instructor,인공위성 시스템 보안 위협 대응(강사: 장대희 교수) 과목의 강의 만족도(강의 준비 및 스킬 등)는?,불만족,0,0.0,19
2025년 사이버안보정책(1차),35,instructor,인공위성 시스템 보안 위협 대응(강사: 장대희 교수) 과목의 강의 만족도(강의 준비 및 스킬 등)는?,매우 불만족,0,0.0,19
2025년 사이버안보정책(1차),36,instructor,인공위성 시스템 보안 위협 대응(강사: 장대희 교수) 과목의 강의 내용 만족도(강의 컨텐츠 구성 등)는?,매우 만족,8,42.0,19
2025년 사이버안보정책(1차),36,instructor,인공위성 시스템 보안 위협 대응(강사: 장대희 교수) 과목의 강의 내용 만족도(강의 컨텐츠 구성 등)는?,만족,10,52.0,19
2025년 사이버안보정책(1차),36,instructor,인공위성 시스템 보안 위협 대응(강사: 장대희 교수) 과목의 강의 내용 만족도(강의 컨텐츠 구성 등)는?,보통,1,5.0,19
2025년 사이버안보정책(1차),36,instructor,인공위성 시스템 보안 위협 대응(강사: 장대희 교수) 과목의 강의 내용 만족도(강의 컨텐츠 구성 등)는?,불만족,0,0.0,19
2025년 사이버안보정책(1차),36,instructor,인공위성 시스템 보안 위협 대응(강사: 장대희 교수) 과목의 강의 내용 만족도(강의 컨텐츠 구성 등)는?,매우 불만족,0,0.0,19
2025년 사이버안보정책(1차),37,instructor,양자안전기술 “동형암호” 기술과 활용(강사: 이문성 박사) 과목의 강의 만족도(강의 준비 및 스킬 등)는?,매우 만족,7,36.0,19
2025년 사이버안보정책(1차),37,instructor,양자안전기술 “동형암호” 기술과 활용(강사: 이문성 박사) 과목의 강의 만족도(강의 준비 및 스킬 등)는?,만족,7,36.0,19
2025년 사이버안보정책(1차),37,instructor,양자안전기술 “동형암호” 기술과 활용(강사: 이문성 박사) 과목의 강의 만족도(강의 준비 및 스킬 등)는?,보통,3,15.0,19
2025년 사이버안보정책(1차),37,instructor,양자안전기술 “동형암호” 기술과 활용(강사: 이문성 박사) 과목의 강의 만족도(강의 준비 및 스킬 등)는?,불만족,2,10.0,19
2025년 사이버안보정책(1차),37,instructor,양자안전기술 “동형암호” 기술과 활용(강사: 이문성 박사) 과목의 강의 만족도(강의 준비 및 스킬 등)는?,매우 불만족,0,0.0,19
2025년 사이버안보정책(1차),38,instructor,양자안전기술 “동형암호” 기술과 활용(강사: 이문성 박사) 과목의 강의 내용 만족도(강의 컨텐츠 구성 등)는?,매우 만족,7,36.0,19
2025년 사이버안보정책(1차),38,instructor,양자안전기술 “동형암호” 기술과 활용(강사: 이문성 박사) 과목의 강의 내용 만족도(강의 컨텐츠 구성 등)는?,만족,7,36.0,19
2025년 사이버안보정책(1차),38,instructor,양자안전기술 “동형암호” 기술과 활용(강사: 이문성 박사) 과목의 강의 내용 만족도(강의 컨텐츠 구성 등)는?,보통,3,15.0,19
2025년 사이버안보정책(1차),38,instructor,양자안전기술 “동형암호” 기술과 활용(강사: 이문성 박사) 과목의 강의 내용 만족도(강의 컨텐츠 구성 등)는?,불만족,2,10.0,19
2025년 사이버안보정책(1차),38,instructor,양자안전기술 “동형암호” 기술과 활용(강사: 이문성 박사) 과목의 강의 내용 만족도(강의 컨텐츠 구성 등)는?,매우 불만족,0,0.0,19
2025년 사이버안보정책(1차),39,instructor,스마트계약 이해와 취약점 분석 사례(강사: 김형중 교수) 과목의 강의 만족도(강의 준비 및 스킬 등)는?,매우 만족,10,52.0,19
2025년 사이버안보정책(1차),39,instructor,스마트계약 이해와 취약점 분석 사례(강사: 김형중 교수) 과목의 강의 만족도(강의 준비 및 스킬 등)는?,만족,8,42.0,19
2025년 사이버안보정책(1차),39,instructor,스마트계약 이해와 취약점 분석 사례(강사: 김형중 교수) 과목의 강의 만족도(강의 준비 및 스킬 등)는?,보통,1,5.0,19
2025년 사이버안보정책(1차),39,instructor,스마트계약 이해와 취약점 분석 사례(강사: 김형중 교수) 과목의 강의 만족도(강의 준비 및 스킬 등)는?,불만족,0,0.0,19
2025년 사이버안보정책(1차),39,instructor,스마트계약 이해와 취약점 분석 사례(강사: 김형중 교수) 과목의 강의 만족도(강의 준비 및 스킬 등)는?,매우 불만족,0,0.0,19
2025년 사이버안보정책(1차),40,instructor,스마트계약 이해와 취약점 분석 사례(강사: 김형중 교수) 과목의 강의 내용 만족도(강의 컨텐츠 구성 등)는?,매우 만족,10,52.0,19
2025년 사이버안보정책(1차),40,instructor,스마트계약 이해와 취약점 분석 사례(강사: 김형중 교수) 과목의 강의 내용 만족도(강의 컨텐츠 구성 등)는?,만족,8,42.0,19
2025년 사이버안보정책(1차),40,instructor,스마트계약 이해와 취약점 분석 사례(강사: 김형중 교수) 과목의 강의 내용 만족도(강의 컨텐츠 구성 등)는?,보통,1,5.0,19
2025년 사이버안보정책(1차),40,instructor,스마트계약 이해와 취약점 분석 사례(강사: 김형중 교수) 과목의 강의 내용 만족도(강의 컨텐츠 구성 등)는?,불만족,0,0.0,19
2025년 사이버안보정책(1차),40,instructor,스마트계약 이해와 취약점 분석 사례(강사: 김형중 교수) 과목의 강의 내용 만족도(강의 컨텐츠 구성 등)는?,매우 불만족,0,0.0,19
2025년 사이버안보정책(1차),41,instructor,AI 보안과 윤리적 법·제도·정책 동향(강사: 오정익 변호사) 과목의 강의 만족도(강의 준비 및 스킬 등)는?,매우 만족,9,47.0,19
2025년 사이버안보정책(1차),41,instructor,AI 보안과 윤리적 법·제도·정책 동향(강사: 오정익 변호사) 과목의 강의 만족도(강의 준비 및 스킬 등)는?,만족,8,42.0,19
2025년 사이버안보정책(1차),41,instructor,AI 보안과 윤리적 법·제도·정책 동향(강사: 오정익 변호사) 과목의 강의 만족도(강의 준비 및 스킬 등)는?,보통,2,10.0,19
2025년 사이버안보정책(1차),41,instructor,AI 보안과 윤리적 법·제도·정책 동향(강사: 오정익 변호사) 과목의 강의 만족도(강의 준비 및 스킬 등)는?,불만족,0,0.0,19
2025년 사이버안보정책(1차),41,instructor,AI 보안과 윤리적 법·제도·정책 동향(강사: 오정익 변호사) 과목의 강의 만족도(강의 준비 및 스킬 등)는?,매우 불만족,0,0.0,19
2025년 사이버안보정책(1차),42,instructor,AI 보안과 윤리적 법·제도·정책 동향(강사: 오정익 변호사) 과목의 강의 내용 만족도(강의 컨텐츠 구성 등)는?,매우 만족,9,47.0,19
2025년 사이버안보정책(1차),42,instructor,AI 보안과 윤리적 법·제도·정책 동향(강사: 오정익 변호사) 과목의 강의 내용 만족도(강의 컨텐츠 구성 등)는?,만족,9,47.0,19
2025년 사이버안보정책(1차),42,instructor,AI 보안과 윤리적 법·제도·정책 동향(강사: 오정익 변호사) 과목의 강의 내용 만족도(강의 컨텐츠 구성 등)는?,보통,1,5.0,19
2025년 사이버안보정책(1차),42,instructor,AI 보안과 윤리적 법·제도·정책 동향(강사: 오정익 변호사) 과목의 강의 내용 만족도(강의 컨텐츠 구성 등)는?,불만족,0,0.0,19
2025년 사이버안보정책(1차),42,instructor,AI 보안과 윤리적 법·제도·정책 동향(강사: 오정익 변호사) 과목의 강의 내용 만족도(강의 컨텐츠 구성 등)는?,매우 불만족,0,0.0,19
2025년 사이버안보정책(1차),43,instructor,정보보안 리더를 위한 교양강좌_맥주의 역사(강사: 이재천 대표) 과목의 강의 만족도(강의 준비 및 스킬 등)는?,매우 만족,12,63.0,19
2025년 사이버안보정책(1차),43,instructor,정보보안 리더를 위한 교양강좌_맥주의 역사(강사: 이재천 대표) 과목의 강의 만족도(강의 준비 및 스킬 등)는?,만족,6,31.0,19
2025년 사이버안보정책(1차),43,instructor,정보보안 리더를 위한 교양강좌_맥주의 역사(강사: 이재천 대표) 과목의 강의 만족도(강의 준비 및 스킬 등)는?,보통,1,5.0,19
2025년 사이버안보정책(1차),43,instructor,정보보안 리더를 위한 교양강좌_맥주의 역사(강사: 이재천 대표) 과목의 강의 만족도(강의 준비 및 스킬 등)는?,불만족,0,0.0,19
2025년 사이버안보정책(1차),43,instructor,정보보안 리더를 위한 교양강좌_맥주의 역사(강사: 이재천 대표) 과목의 강의 만족도(강의 준비 및 스킬 등)는?,매우 불만족,0,0.0,19
2025년 사이버안보정책(1차),44,instructor,정보보안 리더를 위한 교양강좌_맥주의 역사(강사: 이재천 대표) 과목의 강의 내용 만족도(강의 컨텐츠 구성 등)는?,매우 만족,12,63.0,19
2025년 사이버안보정책(1차),44,instructor,정보보안 리더를 위한 교양강좌_맥주의 역사(강사: 이재천 대표) 과목의 강의 내용 만족도(강의 컨텐츠 구성 등)는?,만족,6,31.0,19
2025년 사이버안보정책(1차),44,instructor,정보보안 리더를 위한 교양강좌_맥주의 역사(강사: 이재천 대표) 과목의 강의 내용 만족도(강의 컨텐츠 구성 등)는?,보통,1,5.0,19
2025년 사이버안보정책(1차),44,instructor,정보보안 리더를 위한 교양강좌_맥주의 역사(강사: 이재천 대표) 과목의 강의 내용 만족도(강의 컨텐츠 구성 등)는?,불만족,0,0.0,19
2025년 사이버안보정책(1차),44,instructor,정보보안 리더를 위한 교양강좌_맥주의 역사(강사: 이재천 대표) 과목의 강의 내용 만족도(강의 컨텐츠 구성 등)는?,매우 불만족,0,0.0,19
2025년 사이버안보정책(1차),45,instructor,도심항공모빌리티(UAM) 보안 위협 (강사: 이상욱 실장) 과목의 강의 만족도(강의 준비 및 스킬 등)는?,매우 만족,9,47.0,19
2025년 사이버안보정책(1차),45,instructor,도심항공모빌리티(UAM) 보안 위협 (강사: 이상욱 실장) 과목의 강의 만족도(강의 준비 및 스킬 등)는?,만족,9,47.0,19
2025년 사이버안보정책(1차),45,instructor,도심항공모빌리티(UAM) 보안 위협 (강사: 이상욱 실장) 과목의 강의 만족도(강의 준비 및 스킬 등)는?,보통,1,5.0,19
2025년 사이버안보정책(1차),45,instructor,도심항공모빌리티(UAM) 보안 위협 (강사: 이상욱 실장) 과목의 강의 만족도(강의 준비 및 스킬 등)는?,불만족,0,0.0,19
2025년 사이버안보정책(1차),45,instructor,도심항공모빌리티(UAM) 보안 위협 (강사: 이상욱 실장) 과목의 강의 만족도(강의 준비 및 스킬 등)는?,매우 불만족,0,0.0,19
2025년 사이버안보정책(1차),46,instructor,도심항공모빌리티(UAM) 보안 위협 (강사: 이상욱 실장) 과목의 강의 내용 만족도(강의 컨텐츠 구성 등)는?,매우 만족,9,47.0,19
2025년 사이버안보정책(1차),46,instructor,도심항공모빌리티(UAM) 보안 위협 (강사: 이상욱 실장) 과목의 강의 내용 만족도(강의 컨텐츠 구성 등)는?,만족,9,47.0,19
2025년 사이버안보정책(1차),46,instructor,도심항공모빌리티(UAM) 보안 위협 (강사: 이상욱 실장) 과목의 강의 내용 만족도(강의 컨텐츠 구성 등)는?,보통,1,5.0,19
2025년 사이버안보정책(1차),46,instructor,도심항공모빌리티(UAM) 보안 위협 (강사: 이상욱 실장) 과목의 강의 내용 만족도(강의 컨텐츠 구성 등)는?,불만족,0,0.0,19
2025년 사이버안보정책(1차),46,instructor,도심항공모빌리티(UAM) 보안 위협 (강사: 이상욱 실장) 과목의 강의 내용 만족도(강의 컨텐츠 구성 등)는?,매우 불만족,0,0.0,19
2025년 사이버안보정책(1차),47,instructor,우리 과장님 왜 이러실까?!(with MBTI)(강사: 이도식 대표) 과목의 강의 만족도(강의 준비 및 스킬 등)는?,매우 만족,10,52.0,19
2025년 사이버안보정책(1차),47,instructor,우리 과장님 왜 이러실까?!(with MBTI)(강사: 이도식 대표) 과목의 강의 만족도(강의 준비 및 스킬 등)는?,만족,8,42.0,19
2025년 사이버안보정책(1차),47,instructor,우리 과장님 왜 이러실까?!(with MBTI)(강사: 이도식 대표) 과목의 강의 만족도(강의 준비 및 스킬 등)는?,보통,1,5.0,19
2025년 사이버안보정책(1차),47,instructor,우리 과장님 왜 이러실까?!(with MBTI)(강사: 이도식 대표) 과목의 강의 만족도(강의 준비 및 스킬 등)는?,불만족,0,0.0,19
2025년 사이버안보정책(1차),47,instructor,우리 과장님 왜 이러실까?!(with MBTI)(강사: 이도식 대표) 과목의 강의 만족도(강의 준비 및 스킬 등)는?,매우 불만족,0,0.0,19
2025년 사이버안보정책(1차),48,instructor,우리 과장님 왜 이러실까?!(with MBTI)(강사: 이도식 대표) 과목의 강의 내용 만족도(강의 컨텐츠 구성 등)는?,매우 만족,10,52.0,19
2025년 사이버안보정책(1차),48,instructor,우리 과장님 왜 이러실까?!(with MBTI)(강사: 이도식 대표) 과목의 강의 내용 만족도(강의 컨텐츠 구성 등)는?,만족,9,47.0,19
2025년 사이버안보정책(1차),48,instructor,우리 과장님 왜 이러실까?!(with MBTI)(강사: 이도식 대표) 과목의 강의 내용 만족도(강의 컨텐츠 구성 등)는?,보통,0,0.0,19
2025년 사이버안보정책(1차),48,instructor,우리 과장님 왜 이러실까?!(with MBTI)(강사: 이도식 대표) 과목의 강의 내용 만족도(강의 컨텐츠 구성 등)는?,불만족,0,0.0,19
2025년 사이버안보정책(1차),48,instructor,우리 과장님 왜 이러실까?!(with MBTI)(강사: 이도식 대표) 과목의 강의 내용 만족도(강의 컨텐츠 구성 등)는?,매우 불만족,0,0.0,19
2025년 사이버안보정책(2차),1,other,귀하께서는 어떤 목적으로 이번 사이버안보훈련센터의 교육과정을 수강하셨습니까?,보안 인식 제고,7,46.0,15
2025년 사이버안보정책(2차),1,other,귀하께서는 어떤 목적으로 이번 사이버안보훈련센터의 교육과정을 수강하셨습니까?,보안기술 능력 향상,4,26.0,15
2025년 사이버안보정책(2차),1,other,귀하께서는 어떤 목적으로 이번 사이버안보훈련센터의 교육과정을 수강하셨습니까?,업무에의 활용,1,6.0,15
2025년 사이버안보정책(2차),1,other,귀하께서는 어떤 목적으로 이번 사이버안보훈련센터의 교육과정을 수강하셨습니까?,교육 의무 시간 이수,0,0.0,15
2025년 사이버안보정책(2차),1,other,귀하께서는 어떤 목적으로 이번 사이버안보훈련센터의 교육과정을 수강하셨습니까?,상급자 / 동료의 추천,2,13.0,15
2025년 사이버안보정책(2차),1,other,귀하께서는 어떤 목적으로 이번 사이버안보훈련센터의 교육과정을 수강하셨습니까?,기타,1,6.0,15
2025년 사이버안보정책(2차),2,difficulty,이번 교육의 난이도는 어떠하였습니까?,쉽다,0,0.0,15
2025년 사이버안보정책(2차),2,difficulty,이번 교육의 난이도는 어떠하였습니까?,적당하다,14,93.0,15
2025년 사이버안보정책(2차),2,difficulty,이번 교육의 난이도는 어떠하였습니까?,어렵다,1,6.0,15
2025년 사이버안보정책(2차),4,satisfaction,이번 교육의 만족도는 어떠하였습니까?,높음,14,93.0,15
2025년 사이버안보정책(2차),4,satisfaction,이번 교육의 만족도는 어떠하였습니까?,보통이다,1,6.0,15
2025년 사이버안보정책(2차),4,satisfaction,이번 교육의 만족도는 어떠하였습니까?,낮음,0,0.0,15
2025년 사이버안보정책(2차),6,utility,이번 교육의 업무 활용도는 어떠하십니까?,높음,11,73.0,15
2025년 사이버안보정책(2차),6,utility,이번 교육의 업무 활용도는 어떠하십니까?,보통이다,4,26.0,15
2025년 사이버안보정책(2차),6,utility,이번 교육의 업무 활용도는 어떠하십니까?,낮음,0,0.0,15
2025년 사이버안보정책(2차),8,diff_inst,다른 기관과의 교육 차별성은 어떠하십니까?,차별성 있다,15,100.0,15
2025년 사이버안보정책(2차),8,diff_inst,다른 기관과의 교육 차별성은 어떠하십니까?,보통이다,0,0.0,15
2025년 사이버안보정책(2차),8,diff_inst,다른 기관과의 교육 차별성은 어떠하십니까?,차별성없다,0,0.0,15
2025년 사이버안보정책(2차),10,duration,교육 시간은 적절하다고 생각하십니까?,적절하다,11,73.0,15
2025년 사이버안보정책(2차),10,duration,교육 시간은 적절하다고 생각하십니까?,보통이다,2,13.0,15
2025년 사이버안보정책(2차),10,duration,교육 시간은 적절하다고 생각하십니까?,적절하다,2,13.0,15
2025년 사이버안보정책(2차),12,other,본 교육의 가장 적당한 교육기간은 며칠이라고 생각하십니까?,3일,0,0.0,15
2025년 사이버안보정책(2차),12,other,본 교육의 가장 적당한 교육기간은 며칠이라고 생각하십니까?,5일,1,6.0,15
2025년 사이버안보정책(2차),12,other,본 교육의 가장 적당한 교육기간은 며칠이라고 생각하십니까?,5일 초과,14,93.0,15
2025년 사이버안보정책(2차),13,needs,"국가공공 기관 및 정보통신기반시설의 정보화, 정보보호 담당자에게 꼭 필요한 사이버안보 교육에는 어떤 것이 있을까요?",포렌식 분야 교육/훈련,1,6.0,15
2025년 사이버안보정책(2차),13,needs,"국가공공 기관 및 정보통신기반시설의 정보화, 정보보호 담당자에게 꼭 필요한 사이버안보 교육에는 어떤 것이 있을까요?",악성코드 분석 교육/훈련,1,6.0,15
2025년 사이버안보정책(2차),13,needs,"국가공공 기관 및 정보통신기반시설의 정보화, 정보보호 담당자에게 꼭 필요한 사이버안보 교육에는 어떤 것이 있을까요?",모바일 분야 교육/훈련,0,0.0,15
2025년 사이버안보정책(2차),13,needs,"국가공공 기관 및 정보통신기반시설의 정보화, 정보보호 담당자에게 꼭 필요한 사이버안보 교육에는 어떤 것이 있을까요?",무선랜 해킹 관련 교육/훈련,0,0.0,15
2025년 사이버안보정책(2차),13,needs,"국가공공 기관 및 정보통신기반시설의 정보화, 정보보호 담당자에게 꼭 필요한 사이버안보 교육에는 어떤 것이 있을까요?",서버 취약점 공격 대응 교육/훈련,5,33.0,15
2025년 사이버안보정책(2차),13,needs,"국가공공 기관 및 정보통신기반시설의 정보화, 정보보호 담당자에게 꼭 필요한 사이버안보 교육에는 어떤 것이 있을까요?",시스템 보안강화(System Hardening) 교육/훈련,3,20.0,15
2025년 사이버안보정책(2차),13,needs,"국가공공 기관 및 정보통신기반시설의 정보화, 정보보호 담당자에게 꼭 필요한 사이버안보 교육에는 어떤 것이 있을까요?",정보유출 사건에 대한 교육/훈련,3,20.0,15
2025년 사이버안보정책(2차),13,needs,"국가공공 기관 및 정보통신기반시설의 정보화, 정보보호 담당자에게 꼭 필요한 사이버안보 교육에는 어떤 것이 있을까요?",정보보호 시스템 관리 교육/훈련,2,13.0,15
2025년 사이버안보정책(2차),16,instructor,신 사이버안보 위기 대응 소개(강사: 이종후 박사) 과목의 강의 만족도(강의 준비 및 스킬 등)는?,매우 만족,11,73.0,15
2025년 사이버안보정책(2차),16,instructor,신 사이버안보 위기 대응 소개(강사: 이종후 박사) 과목의 강의 만족도(강의 준비 및 스킬 등)는?,만족,2,13.0,15
2025년 사이버안보정책(2차),16,instructor,신 사이버안보 위기 대응 소개(강사: 이종후 박사) 과목의 강의 만족도(강의 준비 및 스킬 등)는?,보통,2,13.0,15
2025년 사이버안보정책(2차),16,instructor,신 사이버안보 위기 대응 소개(강사: 이종후 박사) 과목의 강의 만족도(강의 준비 및 스킬 등)는?,불만족,0,0.0,15
2025년 사이버안보정책(2차),16,instructor,신 사이버안보 위기 대응 소개(강사: 이종후 박사) 과목의 강의 만족도(강의 준비 및 스킬 등)는?,매우 불만족,0,0.0,15
2025년 사이버안보정책(2차),17,instructor,신 사이버안보 위기 대응 소개(강사: 이종후 박사) 과목의 강의 내용 만족도(강의 컨텐츠 구성 등)는?,매우 만족,10,66.0,15
2025년 사이버안보정책(2차),17,instructor,신 사이버안보 위기 대응 소개(강사: 이종후 박사) 과목의 강의 내용 만족도(강의 컨텐츠 구성 등)는?,만족,3,20.0,15
2025년 사이버안보정책(2차),17,instructor,신 사이버안보 위기 대응 소개(강사: 이종후 박사) 과목의 강의 내용 만족도(강의 컨텐츠 구성 등)는?,보통,2,13.0,15
2025년 사이버안보정책(2차),17,instructor,신 사이버안보 위기 대응 소개(강사: 이종후 박사) 과목의 강의 내용 만족도(강의 컨텐츠 구성 등)는?,불만족,0,0.0,15
2025년 사이버안보정책(2차),17,instructor,신 사이버안보 위기 대응 소개(강사: 이종후 박사) 과목의 강의 내용 만족도(강의 컨텐츠 구성 등)는?,매우 불만족,0,0.0,15
2025년 사이버안보정책(2차),18,instructor,정보보안 담당관의 역할(강사: 최영근 소장) 과목의 강의 만족도(강의 준비 및 스킬 등)는?,매우 만족,11,73.0,15
2025년 사이버안보정책(2차),18,instructor,정보보안 담당관의 역할(강사: 최영근 소장) 과목의 강의 만족도(강의 준비 및 스킬 등)는?,만족,2,13.0,15
2025년 사이버안보정책(2차),18,instructor,정보보안 담당관의 역할(강사: 최영근 소장) 과목의 강의 만족도(강의 준비 및 스킬 등)는?,보통,2,13.0,15
2025년 사이버안보정책(2차),18,instructor,정보보안 담당관의 역할(강사: 최영근 소장) 과목의 강의 만족도(강의 준비 및 스킬 등)는?,불만족,0,0.0,15
2025년 사이버안보정책(2차),18,instructor,정보보안 담당관의 역할(강사: 최영근 소장) 과목의 강의 만족도(강의 준비 및 스킬 등)는?,매우 불만족,0,0.0,15
2025년 사이버안보정책(2차),19,instructor,정보보안 담당관의 역할(강사: 최영근 소장) 과목의 강의 내용 만족도(강의 컨텐츠 구성 등)는?,매우 만족,10,66.0,15
2025년 사이버안보정책(2차),19,instructor,정보보안 담당관의 역할(강사: 최영근 소장) 과목의 강의 내용 만족도(강의 컨텐츠 구성 등)는?,만족,3,20.0,15
2025년 사이버안보정책(2차),19,instructor,정보보안 담당관의 역할(강사: 최영근 소장) 과목의 강의 내용 만족도(강의 컨텐츠 구성 등)는?,보통,2,13.0,15
2025년 사이버안보정책(2차),19,instructor,정보보안 담당관의 역할(강사: 최영근 소장) 과목의 강의 내용 만족도(강의 컨텐츠 구성 등)는?,불만족,0,0.0,15
2025년 사이버안보정책(2차),19,instructor,정보보안 담당관의 역할(강사: 최영근 소장) 과목의 강의 내용 만족도(강의 컨텐츠 구성 등)는?,매우 불만족,0,0.0,15
2025년 사이버안보정책(2차),20,instructor,디지털 공급망 보안(강사: 최윤성 교수) 과목의 강의 만족도(강의 준비 및 스킬 등)는?,매우 만족,9,60.0,15
2025년 사이버안보정책(2차),20,instructor,디지털 공급망 보안(강사: 최윤성 교수) 과목의 강의 만족도(강의 준비 및 스킬 등)는?,만족,5,33.0,15
2025년 사이버안보정책(2차),20,instructor,디지털 공급망 보안(강사: 최윤성 교수) 과목의 강의 만족도(강의 준비 및 스킬 등)는?,보통,1,6.0,15
2025년 사이버안보정책(2차),20,instructor,디지털 공급망 보안(강사: 최윤성 교수) 과목의 강의 만족도(강의 준비 및 스킬 등)는?,불만족,0,0.0,15
2025년 사이버안보정책(2차),20,instructor,디지털 공급망 보안(강사: 최윤성 교수) 과목의 강의 만족도(강의 준비 및 스킬 등)는?,매우 불만족,0,0.0,15
2025년 사이버안보정책(2차),21,instructor,디지털 공급망 보안(강사: 최윤성 교수) 과목의 강의 내용 만족도(강의 컨텐츠 구성 등)는?,매우 만족,9,60.0,15
2025년 사이버안보정책(2차),21,instructor,디지털 공급망 보안(강사: 최윤성 교수) 과목의 강의 내용 만족도(강의 컨텐츠 구성 등)는?,만족,5,33.0,15
2025년 사이버안보정책(2차),21,instructor,디지털 공급망 보안(강사: 최윤성 교수) 과목의 강의 내용 만족도(강의 컨텐츠 구성 등)는?,보통,1,6.0,15
2025년 사이버안보정책(2차),21,instructor,디지털 공급망 보안(강사: 최윤성 교수) 과목의 강의 내용 만족도(강의 컨텐츠 구성 등)는?,불만족,0,0.0,15
2025년 사이버안보정책(2차),21,instructor,디지털 공급망 보안(강사: 최윤성 교수) 과목의 강의 내용 만족도(강의 컨텐츠 구성 등)는?,매우 불만족,0,0.0,15
2025년 사이버안보정책(2차),22,instructor,스마트계약 이해와 취약점 분석 사례(강사: 김형중 교수) 과목의 강의 만족도(강의 준비 및 스킬 등)는?,매우 만족,9,60.0,15
2025년 사이버안보정책(2차),22,instructor,스마트계약 이해와 취약점 분석 사례(강사: 김형중 교수) 과목의 강의 만족도(강의 준비 및 스킬 등)는?, 만족,2,13.0,15
2025년 사이버안보정책(2차),22,instructor,스마트계약 이해와 취약점 분석 사례(강사: 김형중 교수) 과목의 강의 만족도(강의 준비 및 스킬 등)는?,보통,4,26.0,15
2025년 사이버안보정책(2차),22,instructor,스마트계약 이해와 취약점 분석 사례(강사: 김형중 교수) 과목의 강의 만족도(강의 준비 및 스킬 등)는?,불만족,0,0.0,15
2025년 사이버안보정책(2차),22,instructor,스마트계약 이해와 취약점 분석 사례(강사: 김형중 교수) 과목의 강의 만족도(강의 준비 및 스킬 등)는?,매우 불만족,0,0.0,15
2025년 사이버안보정책(2차),23,instructor,스마트계약 이해와 취약점 분석 사례(강사: 김형중 교수) 과목의 강의 내용 만족도(강의 컨텐츠 구성 등)는?,매우 만족,9,60.0,15
2025년 사이버안보정책(2차),23,instructor,스마트계약 이해와 취약점 분석 사례(강사: 김형중 교수) 과목의 강의 내용 만족도(강의 컨텐츠 구성 등)는?,만족,2,13.0,15
2025년 사이버안보정책(2차),23,instructor,스마트계약 이해와 취약점 분석 사례(강사: 김형중 교수) 과목의 강의 내용 만족도(강의 컨텐츠 구성 등)는?,보통,4,26.0,15
2025년 사이버안보정책(2차),23,instructor,스마트계약 이해와 취약점 분석 사례(강사: 김형중 교수) 과목의 강의 내용 만족도(강의 컨텐츠 구성 등)는?,불만족,0,0.0,15
2025년 사이버안보정책(2차),23,instructor,스마트계약 이해와 취약점 분석 사례(강사: 김형중 교수) 과목의 강의 내용 만족도(강의 컨텐츠 구성 등)는?,매우 불만족,0,0.0,15
2025년 사이버안보정책(2차),24,instructor,양자 보안기술 발전 현황 및 양자 암호 전환 정책(강사: 장진각 박사) 과목의 강의 만족도(강의 준비 및 스킬 등)는?,매우 만족,8,53.0,15
2025년 사이버안보정책(2차),24,instructor,양자 보안기술 발전 현황 및 양자 암호 전환 정책(강사: 장진각 박사) 과목의 강의 만족도(강의 준비 및 스킬 등)는?,만족,3,20.0,15
2025년 사이버안보정책(2차),24,instructor,양자 보안기술 발전 현황 및 양자 암호 전환 정책(강사: 장진각 박사) 과목의 강의 만족도(강의 준비 및 스킬 등)는?,보통,4,26.0,15
2025년 사이버안보정책(2차),24,instructor,양자 보안기술 발전 현황 및 양자 암호 전환 정책(강사: 장진각 박사) 과목의 강의 만족도(강의 준비 및 스킬 등)는?,불만족,0,0.0,15
2025년 사이버안보정책(2차),24,instructor,양자 보안기술 발전 현황 및 양자 암호 전환 정책(강사: 장진각 박사) 과목의 강의 만족도(강의 준비 및 스킬 등)는?,매우 불만족,0,0.0,15
2025년 사이버안보정책(2차),25,instructor,양자 보안기술 발전 현황 및 양자 암호 전환 정책(강사: 장진각 박사) 과목의 강의 내용 만족도(강의 컨텐츠 구성 등)는?,매우 만족,8,53.0,15
2025년 사이버안보정책(2차),25,instructor,양자 보안기술 발전 현황 및 양자 암호 전환 정책(강사: 장진각 박사) 과목의 강의 내용 만족도(강의 컨텐츠 구성 등)는?,만족,3,20.0,15
2025년 사이버안보정책(2차),25,instructor,양자 보안기술 발전 현황 및 양자 암호 전환 정책(강사: 장진각 박사) 과목의 강의 내용 만족도(강의 컨텐츠 구성 등)는?,보통,4,26.0,15
2025년 사이버안보정책(2차),25,instructor,양자 보안기술 발전 현황 및 양자 암호 전환 정책(강사: 장진각 박사) 과목의 강의 내용 만족도(강의 컨텐츠 구성 등)는?,불만족,0,0.0,15
2025년 사이버안보정책(2차),25,instructor,양자 보안기술 발전 현황 및 양자 암호 전환 정책(강사: 장진각 박사) 과목의 강의 내용 만족도(강의 컨텐츠 구성 등)는?,매우 불만족,0,0.0,15
2025년 사이버안보정책(2차),26,instructor,우리 과장님 왜 이러실까?!(with MBTI)(강사: 이도식 대표) 과목의 강의 만족도(강의 준비 및 스킬 등)는?,매우 만족,11,73.0,15
2025년 사이버안보정책(2차),26,instructor,우리 과장님 왜 이러실까?!(with MBTI)(강사: 이도식 대표) 과목의 강의 만족도(강의 준비 및 스킬 등)는?,만족,3,20.0,15
2025년 사이버안보정책(2차),26,instructor,우리 과장님 왜 이러실까?!(with MBTI)(강사: 이도식 대표) 과목의 강의 만족도(강의 준비 및 스킬 등)는?,보통,1,6.0,15
2025년 사이버안보정책(2차),26,instructor,우리 과장님 왜 이러실까?!(with MBTI)(강사: 이도식 대표) 과목의 강의 만족도(강의 준비 및 스킬 등)는?,불만족,0,0.0,15
2025년 사이버안보정책(2차),26,instructor,우리 과장님 왜 이러실까?!(with MBTI)(강사: 이도식 대표) 과목의 강의 만족도(강의 준비 및 스킬 등)는?,매우 불만족,0,0.0,15
2025년 사이버안보정책(2차),27,instructor,우리 과장님 왜 이러실까?!(with MBTI)(강사: 이도식 대표) 과목의 강의 내용 만족도(강의 컨텐츠 구성 등)는?,매우 만족,12,80.0,15
2025년 사이버안보정책(2차),27,instructor,우리 과장님 왜 이러실까?!(with MBTI)(강사: 이도식 대표) 과목의 강의 내용 만족도(강의 컨텐츠 구성 등)는?,만족,2,13.0,15
2025년 사이버안보정책(2차),27,instructor,우리 과장님 왜 이러실까?!(with MBTI)(강사: 이도식 대표) 과목의 강의 내용 만족도(강의 컨텐츠 구성 등)는?,보통,1,6.0,15
2025년 사이버안보정책(2차),27,instructor,우리 과장님 왜 이러실까?!(with MBTI)(강사: 이도식 대표) 과목의 강의 내용 만족도(강의 컨텐츠 구성 등)는?,불만족,0,0.0,15
2025년 사이버안보정책(2차),27,instructor,우리 과장님 왜 이러실까?!(with MBTI)(강사: 이도식 대표) 과목의 강의 내용 만족도(강의 컨텐츠 구성 등)는?,매우 불만족,0,0.0,15
2025년 사이버안보정책(2차),28,instructor,정보보안관리실태평가 사례(강사: 강진수 책연) 과목의 강의 만족도(강의 준비 및 스킬 등)는?,매우 만족,10,66.0,15
2025년 사이버안보정책(2차),28,instructor,정보보안관리실태평가 사례(강사: 강진수 책연) 과목의 강의 만족도(강의 준비 및 스킬 등)는?, 만족,4,26.0,15
2025년 사이버안보정책(2차),28,instructor,정보보안관리실태평가 사례(강사: 강진수 책연) 과목의 강의 만족도(강의 준비 및 스킬 등)는?,보통,1,6.0,15
2025년 사이버안보정책(2차),28,instructor,정보보안관리실태평가 사례(강사: 강진수 책연) 과목의 강의 만족도(강의 준비 및 스킬 등)는?,불만족,0,0.0,15
2025년 사이버안보정책(2차),28,instructor,정보보안관리실태평가 사례(강사: 강진수 책연) 과목의 강의 만족도(강의 준비 및 스킬 등)는?,매우 불만족,0,0.0,15
2025년 사이버안보정책(2차),29,instructor,정보보안관리실태평가 사례(강사: 강진수 책연) 과목의 강의 내용 만족도(강의 컨텐츠 구성 등)는?,매우 만족,10,66.0,15
2025년 사이버안보정책(2차),29,instructor,정보보안관리실태평가 사례(강사: 강진수 책연) 과목의 강의 내용 만족도(강의 컨텐츠 구성 등)는?,만족,4,26.0,15
2025년 사이버안보정책(2차),29,instructor,정보보안관리실태평가 사례(강사: 강진수 책연) 과목의 강의 내용 만족도(강의 컨텐츠 구성 등)는?,보통,1,6.0,15
2025년 사이버안보정책(2차),29,instructor,정보보안관리실태평가 사례(강사: 강진수 책연) 과목의 강의 내용 만족도(강의 컨텐츠 구성 등)는?,불만족,0,0.0,15
2025년 사이버안보정책(2차),29,instructor,정보보안관리실태평가 사례(강사: 강진수 책연) 과목의 강의 내용 만족도(강의 컨텐츠 구성 등)는?,매우 불만족,0,0.0,15
2025년 사이버안보정책(2차),30,instructor,"AI시대, 사이버안보 환경변화 및 위협(강사: 이형동 전문위원) 과목의 강의 만족도(강의 준비 및 스킬 등)는?",매우 만족,8,53.0,15
2025년 사이버안보정책(2차),30,instructor,"AI시대, 사이버안보 환경변화 및 위협(강사: 이형동 전문위원) 과목의 강의 만족도(강의 준비 및 스킬 등)는?",만족,5,33.0,15
2025년 사이버안보정책(2차),30,instructor,"AI시대, 사이버안보 환경변화 및 위협(강사: 이형동 전문위원) 과목의 강의 만족도(강의 준비 및 스킬 등)는?",보통,2,13.0,15
2025년 사이버안보정책(2차),30,instructor,"AI시대, 사이버안보 환경변화 및 위협(강사: 이형동 전문위원) 과목의 강의 만족도(강의 준비 및 스킬 등)는?",불만족,0,0.0,15
2025년 사이버안보정책(2차),30,instructor,"AI시대, 사이버안보 환경변화 및 위협(강사: 이형동 전문위원) 과목의 강의 만족도(강의 준비 및 스킬 등)는?",매우 불만족,0,0.0,15
2025년 사이버안보정책(2차),31,instructor,"AI시대, 사이버안보 환경변화 및 위협(강사: 이형동 전문위원) 과목의 강의 내용 만족도(강의 컨텐츠 구성 등)는?",매우 만족,8,53.0,15
2025년 사이버안보정책(2차),31,instructor,"AI시대, 사이버안보 환경변화 및 위협(강사: 이형동 전문위원) 과목의 강의 내용 만족도(강의 컨텐츠 구성 등)는?",만족,5,33.0,15
2025년 사이버안보정책(2차),31,instructor,"AI시대, 사이버안보 환경변화 및 위협(강사: 이형동 전문위원) 과목의 강의 내용 만족도(강의 컨텐츠 구성 등)는?",보통,2,13.0,15
2025년 사이버안보정책(2차),31,instructor,"AI시대, 사이버안보 환경변화 및 위협(강사: 이형동 전문위원) 과목의 강의 내용 만족도(강의 컨텐츠 구성 등)는?", 불만족,0,0.0,15
2025년 사이버안보정책(2차),31,instructor,"AI시대, 사이버안보 환경변화 및 위협(강사: 이형동 전문위원) 과목의 강의 내용 만족도(강의 컨텐츠 구성 등)는?",매우 불만족,0,0.0,15
2025년 사이버안보정책(2차),32,sat_free,지능형 자율주행 보안 위협(강사: 이유식 교수) 과목의 강의 만족도(강의 준비 및 스킬 등)는?,매우 만족,11,73.0,15
2025년 사이버안보정책(2차),32,sat_free,지능형 자율주행 보안 위협(강사: 이유식 교수) 과목의 강의 만족도(강의 준비 및 스킬 등)는?,만족,2,13.0,15
2025년 사이버안보정책(2차),32,sat_free,지능형 자율주행 보안 위협(강사: 이유식 교수) 과목의 강의 만족도(강의 준비 및 스킬 등)는?,보통,2,13.0,15
2025년 사이버안보정책(2차),32,sat_free,지능형 자율주행 보안 위협(강사: 이유식 교수) 과목의 강의 만족도(강의 준비 및 스킬 등)는?,불만족,0,0.0,15
2025년 사이버안보정책(2차),32,sat_free,지능형 자율주행 보안 위협(강사: 이유식 교수) 과목의 강의 만족도(강의 준비 및 스킬 등)는?,매우 불만족,0,0.0,15
2025년 사이버안보정책(2차),33,sat_free,지능형 자율주행 보안 위협(강사: 이유식 교수) 과목의 강의 내용 만족도(강의 컨텐츠 구성 등)는?,매우 만족,12,80.0,15
2025년 사이버안보정책(2차),33,sat_free,지능형 자율주행 보안 위협(강사: 이유식 교수) 과목의 강의 내용 만족도(강의 컨텐츠 구성 등)는?,만족,2,13.0,15
2025년 사이버안보정책(2차),33,sat_free,지능형 자율주행 보안 위협(강사: 이유식 교수) 과목의 강의 내용 만족도(강의 컨텐츠 구성 등)는?,보통,1,6.0,15
2025년 사이버안보정책(2차),33,sat_free,지능형 자율주행 보안 위협(강사: 이유식 교수) 과목의 강의 내용 만족도(강의 컨텐츠 구성 등)는?,불만족,0,0.0,15
2025년 사이버안보정책(2차),33,sat_free,지능형 자율주행 보안 위협(강사: 이유식 교수) 과목의 강의 내용 만족도(강의 컨텐츠 구성 등)는?,매우 불만족,0,0.0,15
2025년 사이버안보정책(2차),34,instructor,정보보안 리더를 위한 교양강좌_맥주의 역사(강사: 이재천 대표) 과목의 강의 만족도(강의 준비 및 스킬 등)는?,매우 만족,11,73.0,15
2025년 사이버안보정책(2차),34,instructor,정보보안 리더를 위한 교양강좌_맥주의 역사(강사: 이재천 대표) 과목의 강의 만족도(강의 준비 및 스킬 등)는?, 만족,2,13.0,15
2025년 사이버안보정책(2차),34,instructor,정보보안 리더를 위한 교양강좌_맥주의 역사(강사: 이재천 대표) 과목의 강의 만족도(강의 준비 및 스킬 등)는?,보통,2,13.0,15
2025년 사이버안보정책(2차),34,instructor,정보보안 리더를 위한 교양강좌_맥주의 역사(강사: 이재천 대표) 과목의 강의 만족도(강의 준비 및 스킬 등)는?,불만족,0,0.0,15
2025년 사이버안보정책(2차),34,instructor,정보보안 리더를 위한 교양강좌_맥주의 역사(강사: 이재천 대표) 과목의 강의 만족도(강의 준비 및 스킬 등)는?,매우 불만족,0,0.0,15
2025년 사이버안보정책(2차),35,instructor,정보보안 리더를 위한 교양강좌_맥주의 역사(강사: 이재천 대표) 과목의 강의 내용 만족도(강의 컨텐츠 구성 등)는?,매우 만족,11,73.0,15
2025년 사이버안보정책(2차),35,instructor,정보보안 리더를 위한 교양강좌_맥주의 역사(강사: 이재천 대표) 과목의 강의 내용 만족도(강의 컨텐츠 구성 등)는?, 만족,1,6.0,15
2025년 사이버안보정책(2차),35,instructor,정보보안 리더를 위한 교양강좌_맥주의 역사(강사: 이재천 대표) 과목의 강의 내용 만족도(강의 컨텐츠 구성 등)는?,보통,2,13.0,15
2025년 사이버안보정책(2차),35,instructor,정보보안 리더를 위한 교양강좌_맥주의 역사(강사: 이재천 대표) 과목의 강의 내용 만족도(강의 컨텐츠 구성 등)는?,불만족,1,6.0,15
2025년 사이버안보정책(2차),35,instructor,정보보안 리더를 위한 교양강좌_맥주의 역사(강사: 이재천 대표) 과목의 강의 내용 만족도(강의 컨텐츠 구성 등)는?,매우 불만족,0,0.0,15
2025년 사이버안보정책(2차),36,instructor,양자안전기술 “동형암호” 기술과 활용(강사: 이문성 박사) 과목의 강의 만족도(강의 준비 및 스킬 등)는?,매우 만족,9,60.0,15
2025년 사이버안보정책(2차),36,instructor,양자안전기술 “동형암호” 기술과 활용(강사: 이문성 박사) 과목의 강의 만족도(강의 준비 및 스킬 등)는?, 만족,2,13.0,15
2025년 사이버안보정책(2차),36,instructor,양자안전기술 “동형암호” 기술과 활용(강사: 이문성 박사) 과목의 강의 만족도(강의 준비 및 스킬 등)는?,보통,4,26.0,15
2025년 사이버안보정책(2차),36,instructor,양자안전기술 “동형암호” 기술과 활용(강사: 이문성 박사) 과목의 강의 만족도(강의 준비 및 스킬 등)는?, 불만족,0,0.0,15
2025년 사이버안보정책(2차),36,instructor,양자안전기술 “동형암호” 기술과 활용(강사: 이문성 박사) 과목의 강의 만족도(강의 준비 및 스킬 등)는?,매우 불만족,0,0.0,15
2025년 사이버안보정책(2차),37,instructor,양자안전기술 “동형암호” 기술과 활용(강사: 이문성 박사) 과목의 강의 내용 만족도(강의 컨텐츠 구성 등)는?,매우 만족,9,60.0,15
2025년 사이버안보정책(2차),37,instructor,양자안전기술 “동형암호” 기술과 활용(강사: 이문성 박사) 과목의 강의 내용 만족도(강의 컨텐츠 구성 등)는?,만족,1,6.0,15
2025년 사이버안보정책(2차),37,instructor,양자안전기술 “동형암호” 기술과 활용(강사: 이문성 박사) 과목의 강의 내용 만족도(강의 컨텐츠 구성 등)는?,보통,5,33.0,15
2025년 사이버안보정책(2차),37,instructor,양자안전기술 “동형암호” 기술과 활용(강사: 이문성 박사) 과목의 강의 내용 만족도(강의 컨텐츠 구성 등)는?, 불만족,0,0.0,15
2025년 사이버안보정책(2차),37,instructor,양자안전기술 “동형암호” 기술과 활용(강사: 이문성 박사) 과목의 강의 내용 만족도(강의 컨텐츠 구성 등)는?,매우 불만족,0,0.0,15
2025년 사이버안보정책(2차),38,instructor,사이버 전쟁과 대응(강사: 유상선 교수) 과목의 강의 만족도(강의 준비 및 스킬 등)는?,매우 만족,10,66.0,15
2025년 사이버안보정책(2차),38,instructor,사이버 전쟁과 대응(강사: 유상선 교수) 과목의 강의 만족도(강의 준비 및 스킬 등)는?, 만족,3,20.0,15
2025년 사이버안보정책(2차),38,instructor,사이버 전쟁과 대응(강사: 유상선 교수) 과목의 강의 만족도(강의 준비 및 스킬 등)는?,보통,2,13.0,15
2025년 사이버안보정책(2차),38,instructor,사이버 전쟁과 대응(강사: 유상선 교수) 과목의 강의 만족도(강의 준비 및 스킬 등)는?,불만족,0,0.0,15
2025년 사이버안보정책(2차),38,instructor,사이버 전쟁과 대응(강사: 유상선 교수) 과목의 강의 만족도(강의 준비 및 스킬 등)는?,매우 불만족,0,0.0,15
2025년 사이버안보정책(2차),39,instructor,사이버 전쟁과 대응(강사: 유상선 교수) 과목의 강의 내용 만족도(강의 컨텐츠 구성 등)는?,매우 만족,10,66.0,15
2025년 사이버안보정책(2차),39,instructor,사이버 전쟁과 대응(강사: 유상선 교수) 과목의 강의 내용 만족도(강의 컨텐츠 구성 등)는?, 만족,3,20.0,15
2025년 사이버안보정책(2차),39,instructor,사이버 전쟁과 대응(강사: 유상선 교수) 과목의 강의 내용 만족도(강의 컨텐츠 구성 등)는?,보통,2,13.0,15
2025년 사이버안보정책(2차),39,instructor,사이버 전쟁과 대응(강사: 유상선 교수) 과목의 강의 내용 만족도(강의 컨텐츠 구성 등)는?, 불만족,0,0.0,15
2025년 사이버안보정책(2차),39,instructor,사이버 전쟁과 대응(강사: 유상선 교수) 과목의 강의 내용 만족도(강의 컨텐츠 구성 등)는?,매우 불만족,0,0.0,15
2025년 사이버안보정책(2차),40,instructor,AI 보안과 윤리적 법·제도·정책 동향(강사: 고정표 변호사) 과목의 강의 만족도(강의 준비 및 스킬 등)는?,매우 만족,10,66.0,15
2025년 사이버안보정책(2차),40,instructor,AI 보안과 윤리적 법·제도·정책 동향(강사: 고정표 변호사) 과목의 강의 만족도(강의 준비 및 스킬 등)는?,만족,3,20.0,15
2025년 사이버안보정책(2차),40,instructor,AI 보안과 윤리적 법·제도·정책 동향(강사: 고정표 변호사) 과목의 강의 만족도(강의 준비 및 스킬 등)는?,보통,2,13.0,15
2025년 사이버안보정책(2차),40,instructor,AI 보안과 윤리적 법·제도·정책 동향(강사: 고정표 변호사) 과목의 강의 만족도(강의 준비 및 스킬 등)는?,불만족,0,0.0,15
2025년 사이버안보정책(2차),40,instructor,AI 보안과 윤리적 법·제도·정책 동향(강사: 고정표 변호사) 과목의 강의 만족도(강의 준비 및 스킬 등)는?,매우 불만족,0,0.0,15
2025년 사이버안보정책(2차),41,instructor,AI 보안과 윤리적 법·제도·정책 동향(강사: 고정표 변호사) 과목의 강의 내용 만족도(강의 컨텐츠 구성 등)는?,매우 만족,10,66.0,15
2025년 사이버안보정책(2차),41,instructor,AI 보안과 윤리적 법·제도·정책 동향(강사: 고정표 변호사) 과목의 강의 내용 만족도(강의 컨텐츠 구성 등)는?,만족,3,20.0,15
2025년 사이버안보정책(2차),41,instructor,AI 보안과 윤리적 법·제도·정책 동향(강사: 고정표 변호사) 과목의 강의 내용 만족도(강의 컨텐츠 구성 등)는?,보통,2,13.0,15
2025년 사이버안보정책(2차),41,instructor,AI 보안과 윤리적 법·제도·정책 동향(강사: 고정표 변호사) 과목의 강의 내용 만족도(강의 컨텐츠 구성 등)는?, 불만족,0,0.0,15
2025년 사이버안보정책(2차),41,instructor,AI 보안과 윤리적 법·제도·정책 동향(강사: 고정표 변호사) 과목의 강의 내용 만족도(강의 컨텐츠 구성 등)는?,매우 불만족,0,0.0,15
2025년 사이버안보정책(2차),42,instructor,도심항공모빌리티(UAM) 보안 위협 (강사: 이상욱 실장) 과목의 강의 만족도(강의 준비 및 스킬 등)는?,매우 만족,10,66.0,15
2025년 사이버안보정책(2차),42,instructor,도심항공모빌리티(UAM) 보안 위협 (강사: 이상욱 실장) 과목의 강의 만족도(강의 준비 및 스킬 등)는?,만족,2,13.0,15
2025년 사이버안보정책(2차),42,instructor,도심항공모빌리티(UAM) 보안 위협 (강사: 이상욱 실장) 과목의 강의 만족도(강의 준비 및 스킬 등)는?,보통,3,20.0,15
2025년 사이버안보정책(2차),42,instructor,도심항공모빌리티(UAM) 보안 위협 (강사: 이상욱 실장) 과목의 강의 만족도(강의 준비 및 스킬 등)는?, 불만족,0,0.0,15
2025년 사이버안보정책(2차),42,instructor,도심항공모빌리티(UAM) 보안 위협 (강사: 이상욱 실장) 과목의 강의 만족도(강의 준비 및 스킬 등)는?,매우 불만족,0,0.0,15
2025년 사이버안보정책(2차),43,instructor,도심항공모빌리티(UAM) 보안 위협 (강사: 이상욱 실장) 과목의 강의 내용 만족도(강의 컨텐츠 구성 등)는?,매우 만족,9,60.0,15
2025년 사이버안보정책(2차),43,instructor,도심항공모빌리티(UAM) 보안 위협 (강사: 이상욱 실장) 과목의 강의 내용 만족도(강의 컨텐츠 구성 등)는?,만족,3,20.0,15
2025년 사이버안보정책(2차),43,instructor,도심항공모빌리티(UAM) 보안 위협 (강사: 이상욱 실장) 과목의 강의 내용 만족도(강의 컨텐츠 구성 등)는?,보통,3,20.0,15
2025년 사이버안보정책(2차),43,instructor,도심항공모빌리티(UAM) 보안 위협 (강사: 이상욱 실장) 과목의 강의 내용 만족도(강의 컨텐츠 구성 등)는?, 불만족,0,0.0,15
2025년 사이버안보정책(2차),43,instructor,도심항공모빌리티(UAM) 보안 위협 (강사: 이상욱 실장) 과목의 강의 내용 만족도(강의 컨텐츠 구성 등)는?,매우 불만족,0,0.0,15
2025년 사이버안보정책(2차),44,instructor,IT 보안 특강: 인문학 강좌(강사: 박성진 교수) 과목의 강의 만족도(강의 준비 및 스킬 등)는?,매우 만족,10,66.0,15
2025년 사이버안보정책(2차),44,instructor,IT 보안 특강: 인문학 강좌(강사: 박성진 교수) 과목의 강의 만족도(강의 준비 및 스킬 등)는?, 만족,2,13.0,15
2025년 사이버안보정책(2차),44,instructor,IT 보안 특강: 인문학 강좌(강사: 박성진 교수) 과목의 강의 만족도(강의 준비 및 스킬 등)는?,보통,3,20.0,15
2025년 사이버안보정책(2차),44,instructor,IT 보안 특강: 인문학 강좌(강사: 박성진 교수) 과목의 강의 만족도(강의 준비 및 스킬 등)는?,불만족,0,0.0,15
2025년 사이버안보정책(2차),44,instructor,IT 보안 특강: 인문학 강좌(강사: 박성진 교수) 과목의 강의 만족도(강의 준비 및 스킬 등)는?,매우 불만족,0,0.0,15
2025년 사이버안보정책(2차),45,instructor,IT 보안 특강: 인문학 강좌(강사: 박성진 교수) 과목의 강의 내용 만족도(강의 컨텐츠 구성 등)는?,매우 만족,10,66.0,15
2025년 사이버안보정책(2차),45,instructor,IT 보안 특강: 인문학 강좌(강사: 박성진 교수) 과목의 강의 내용 만족도(강의 컨텐츠 구성 등)는?, 만족,3,20.0,15
2025년 사이버안보정책(2차),45,instructor,IT 보안 특강: 인문학 강좌(강사: 박성진 교수) 과목의 강의 내용 만족도(강의 컨텐츠 구성 등)는?,보통,2,13.0,15
2025년 사이버안보정책(2차),45,instructor,IT 보안 특강: 인문학 강좌(강사: 박성진 교수) 과목의 강의 내용 만족도(강의 컨텐츠 구성 등)는?,불만족,0,0.0,15
2025년 사이버안보정책(2차),45,instructor,IT 보안 특강: 인문학 강좌(강사: 박성진 교수) 과목의 강의 내용 만족도(강의 컨텐츠 구성 등)는?,매우 불만족,0,0.0,15
2025년 사이버안보정책(2차),46,instructor,안보 특강(강사: 심하윤 강사) 과목의 강의 만족도(강의 준비 및 스킬 등)는?,매우 만족,10,66.0,15
2025년 사이버안보정책(2차),46,instructor,안보 특강(강사: 심하윤 강사) 과목의 강의 만족도(강의 준비 및 스킬 등)는?, 만족,3,20.0,15
2025년 사이버안보정책(2차),46,instructor,안보 특강(강사: 심하윤 강사) 과목의 강의 만족도(강의 준비 및 스킬 등)는?,보통,2,13.0,15
2025년 사이버안보정책(2차),46,instructor,안보 특강(강사: 심하윤 강사) 과목의 강의 만족도(강의 준비 및 스킬 등)는?, 불만족,0,0.0,15
2025년 사이버안보정책(2차),46,instructor,안보 특강(강사: 심하윤 강사) 과목의 강의 만족도(강의 준비 및 스킬 등)는?,매우 불만족,0,0.0,15
2025년 사이버안보정책(2차),47,instructor,안보 특강(강사: 심하윤 강사) 과목의 강의 내용 만족도(강의 컨텐츠 구성 등)는?,매우 만족,10,66.0,15
2025년 사이버안보정책(2차),47,instructor,안보 특강(강사: 심하윤 강사) 과목의 강의 내용 만족도(강의 컨텐츠 구성 등)는?,만족,3,20.0,15
2025년 사이버안보정책(2차),47,instructor,안보 특강(강사: 심하윤 강사) 과목의 강의 내용 만족도(강의 컨텐츠 구성 등)는?,보통,2,13.0,15
2025년 사이버안보정책(2차),47,instructor,안보 특강(강사: 심하윤 강사) 과목의 강의 내용 만족도(강의 컨텐츠 구성 등)는?,불만족,0,0.0,15
2025년 사이버안보정책(2차),47,instructor,안보 특강(강사: 심하윤 강사) 과목의 강의 내용 만족도(강의 컨텐츠 구성 등)는?,매우 불만족,0,0.0,15
2025년 사이버위기대응 도상훈련(1차),1,other,귀하께서는 어떤 목적으로 이번 사이버안보훈련센터의 교육과정을 수강하셨습니까?,보안 인식 제고,2,10.0,20
2025년 사이버위기대응 도상훈련(1차),1,other,귀하께서는 어떤 목적으로 이번 사이버안보훈련센터의 교육과정을 수강하셨습니까?,보안기술 능력 향상,2,10.0,20
2025년 사이버위기대응 도상훈련(1차),1,other,귀하께서는 어떤 목적으로 이번 사이버안보훈련센터의 교육과정을 수강하셨습니까?,업무에의 활용,11,55.0,20
2025년 사이버위기대응 도상훈련(1차),1,other,귀하께서는 어떤 목적으로 이번 사이버안보훈련센터의 교육과정을 수강하셨습니까?,교육 의무 시간 이수,4,20.0,20
2025년 사이버위기대응 도상훈련(1차),1,other,귀하께서는 어떤 목적으로 이번 사이버안보훈련센터의 교육과정을 수강하셨습니까?,상급자 / 동료의 추천,1,5.0,20
2025년 사이버위기대응 도상훈련(1차),1,other,귀하께서는 어떤 목적으로 이번 사이버안보훈련센터의 교육과정을 수강하셨습니까?,기타,0,0.0,20
2025년 사이버위기대응 도상훈련(1차),4,difficulty,이번 교육의 난이도는 어떠하였습니까?,쉽다,1,5.0,20
2025년 사이버위기대응 도상훈련(1차),4,difficulty,이번 교육의 난이도는 어떠하였습니까?,적당하다,19,95.0,20
2025년 사이버위기대응 도상훈련(1차),4,difficulty,이번 교육의 난이도는 어떠하였습니까?,어렵다,0,0.0,20
2025년 사이버위기대응 도상훈련(1차),6,satisfaction,이번 교육의 만족도는 어떠하였습니까?,높음,18,90.0,20
2025년 사이버위기대응 도상훈련(1차),6,satisfaction,이번 교육의 만족도는 어떠하였습니까?,보통,2,10.0,20
2025년 사이버위기대응 도상훈련(1차),6,satisfaction,이번 교육의 만족도는 어떠하였습니까?,낮음,0,0.0,20
2025년 사이버위기대응 도상훈련(1차),8,utility,이번 교육의 업무 활용도는 어떠하십니까?,높음,15,75.0,20
2025년 사이버위기대응 도상훈련(1차),8,utility,이번 교육의 업무 활용도는 어떠하십니까?,보통,5,25.0,20
2025년 사이버위기대응 도상훈련(1차),8,utility,이번 교육의 업무 활용도는 어떠하십니까?,낮음,0,0.0,20
2025년 사이버위기대응 도상훈련(1차),10,diff_inst,다른 기관과의 교육 차별성은 어떠하십니까?,차별성 있다,15,75.0,20
2025년 사이버위기대응 도상훈련(1차),10,diff_inst,다른 기관과의 교육 차별성은 어떠하십니까?,보통이다,5,25.0,20
2025년 사이버위기대응 도상훈련(1차),10,diff_inst,다른 기관과의 교육 차별성은 어떠하십니까?,차별성없다,0,0.0,20
2025년 사이버위기대응 도상훈련(1차),12,duration,교육 시간은 적절하다고 생각하십니까?,부족하다,3,15.0,20
2025년 사이버위기대응 도상훈련(1차),12,duration,교육 시간은 적절하다고 생각하십니까?,적절하다,17,85.0,20
2025년 사이버위기대응 도상훈련(1차),12,duration,교육 시간은 적절하다고 생각하십니까?,길다,0,0.0,20
2025년 사이버위기대응 도상훈련(1차),16,instructor,[사이버위기대응 절차 이해] 과목의 강의(강의 준비 및 강의 스킬) 만족도는?,매우 불만족,0,0.0,20
2025년 사이버위기대응 도상훈련(1차),16,instructor,[사이버위기대응 절차 이해] 과목의 강의(강의 준비 및 강의 스킬) 만족도는?,불만족,0,0.0,20
2025년 사이버위기대응 도상훈련(1차),16,instructor,[사이버위기대응 절차 이해] 과목의 강의(강의 준비 및 강의 스킬) 만족도는?,보통,1,5.0,20
2025년 사이버위기대응 도상훈련(1차),16,instructor,[사이버위기대응 절차 이해] 과목의 강의(강의 준비 및 강의 스킬) 만족도는?,만족,5,25.0,20
2025년 사이버위기대응 도상훈련(1차),16,instructor,[사이버위기대응 절차 이해] 과목의 강의(강의 준비 및 강의 스킬) 만족도는?,매우 만족,14,70.0,20
2025년 사이버위기대응 도상훈련(1차),17,instructor,[사이버위기대응 절차 이해] (강사명 직책) 과목의 강의 내용(강의 콘텐츠 구성 등) 만족도는?,매우 불만족,0,0.0,20
2025년 사이버위기대응 도상훈련(1차),17,instructor,[사이버위기대응 절차 이해] (강사명 직책) 과목의 강의 내용(강의 콘텐츠 구성 등) 만족도는?,불만족,0,0.0,20
2025년 사이버위기대응 도상훈련(1차),17,instructor,[사이버위기대응 절차 이해] (강사명 직책) 과목의 강의 내용(강의 콘텐츠 구성 등) 만족도는?,보통,2,10.0,20
2025년 사이버위기대응 도상훈련(1차),17,instructor,[사이버위기대응 절차 이해] (강사명 직책) 과목의 강의 내용(강의 콘텐츠 구성 등) 만족도는?,만족,4,20.0,20
2025년 사이버위기대응 도상훈련(1차),17,instructor,[사이버위기대응 절차 이해] (강사명 직책) 과목의 강의 내용(강의 콘텐츠 구성 등) 만족도는?,매우 만족,14,70.0,20
2025년 사이버위기대응 도상훈련(1차),18,instructor,[사이버위기대응 도상훈련 우수사례 소개] (인천항만공사 박재연 대리) 과목의 강의(강의 준비 및 강의 스킬) 만족도는?,매우 불만족,0,0.0,20
2025년 사이버위기대응 도상훈련(1차),18,instructor,[사이버위기대응 도상훈련 우수사례 소개] (인천항만공사 박재연 대리) 과목의 강의(강의 준비 및 강의 스킬) 만족도는?,불만족,0,0.0,20
2025년 사이버위기대응 도상훈련(1차),18,instructor,[사이버위기대응 도상훈련 우수사례 소개] (인천항만공사 박재연 대리) 과목의 강의(강의 준비 및 강의 스킬) 만족도는?,보통,2,10.0,20
2025년 사이버위기대응 도상훈련(1차),18,instructor,[사이버위기대응 도상훈련 우수사례 소개] (인천항만공사 박재연 대리) 과목의 강의(강의 준비 및 강의 스킬) 만족도는?,만족,3,15.0,20
2025년 사이버위기대응 도상훈련(1차),18,instructor,[사이버위기대응 도상훈련 우수사례 소개] (인천항만공사 박재연 대리) 과목의 강의(강의 준비 및 강의 스킬) 만족도는?,매우 만족,15,75.0,20
2025년 사이버위기대응 도상훈련(1차),19,instructor,[사이버위기대응 도상훈련 우수사례 소개] (인천항만공사 박재연 대리) 과목의 강의 내용(강의 콘텐츠 구성 등) 만족도는?,매우 불만족,0,0.0,20
2025년 사이버위기대응 도상훈련(1차),19,instructor,[사이버위기대응 도상훈련 우수사례 소개] (인천항만공사 박재연 대리) 과목의 강의 내용(강의 콘텐츠 구성 등) 만족도는?,불만족,0,0.0,20
2025년 사이버위기대응 도상훈련(1차),19,instructor,[사이버위기대응 도상훈련 우수사례 소개] (인천항만공사 박재연 대리) 과목의 강의 내용(강의 콘텐츠 구성 등) 만족도는?,보통,2,10.0,20
2025년 사이버위기대응 도상훈련(1차),19,instructor,[사이버위기대응 도상훈련 우수사례 소개] (인천항만공사 박재연 대리) 과목의 강의 내용(강의 콘텐츠 구성 등) 만족도는?,만족,3,15.0,20
2025년 사이버위기대응 도상훈련(1차),19,instructor,[사이버위기대응 도상훈련 우수사례 소개] (인천항만공사 박재연 대리) 과목의 강의 내용(강의 콘텐츠 구성 등) 만족도는?,매우 만족,15,75.0,20
2025년 사이버위기대응 도상훈련(1차),20,instructor,[경보단계별 모의 도상훈련 실습] (사이버안보훈련센터 이상원 교수) 과목의 강의(강의 준비 및 강의 스킬) 만족도는?,매우 불만족,0,0.0,20
2025년 사이버위기대응 도상훈련(1차),20,instructor,[경보단계별 모의 도상훈련 실습] (사이버안보훈련센터 이상원 교수) 과목의 강의(강의 준비 및 강의 스킬) 만족도는?,불만족,0,0.0,20
2025년 사이버위기대응 도상훈련(1차),20,instructor,[경보단계별 모의 도상훈련 실습] (사이버안보훈련센터 이상원 교수) 과목의 강의(강의 준비 및 강의 스킬) 만족도는?,보통,1,5.0,20
2025년 사이버위기대응 도상훈련(1차),20,instructor,[경보단계별 모의 도상훈련 실습] (사이버안보훈련센터 이상원 교수) 과목의 강의(강의 준비 및 강의 스킬) 만족도는?,만족,3,15.0,20
2025년 사이버위기대응 도상훈련(1차),20,instructor,[경보단계별 모의 도상훈련 실습] (사이버안보훈련센터 이상원 교수) 과목의 강의(강의 준비 및 강의 스킬) 만족도는?,매우 만족,16,80.0,20
2025년 사이버위기대응 도상훈련(1차),21,instructor,[경보단계별 모의 도상훈련 실습] (사이버안보훈련센터 이상원 교수) 과목의 강의 내용(강의 콘텐츠 구성 등) 만족도는?,매우 불만족,0,0.0,20
2025년 사이버위기대응 도상훈련(1차),21,instructor,[경보단계별 모의 도상훈련 실습] (사이버안보훈련센터 이상원 교수) 과목의 강의 내용(강의 콘텐츠 구성 등) 만족도는?,불만족,0,0.0,20
2025년 사이버위기대응 도상훈련(1차),21,instructor,[경보단계별 모의 도상훈련 실습] (사이버안보훈련센터 이상원 교수) 과목의 강의 내용(강의 콘텐츠 구성 등) 만족도는?,보통,1,5.0,20
2025년 사이버위기대응 도상훈련(1차),21,instructor,[경보단계별 모의 도상훈련 실습] (사이버안보훈련센터 이상원 교수) 과목의 강의 내용(강의 콘텐츠 구성 등) 만족도는?,만족,3,15.0,20
2025년 사이버위기대응 도상훈련(1차),21,instructor,[경보단계별 모의 도상훈련 실습] (사이버안보훈련센터 이상원 교수) 과목의 강의 내용(강의 콘텐츠 구성 등) 만족도는?,매우 만족,16,80.0,20
2025년 사이버위기대응 도상훈련(2차),1,other,귀하께서는 어떤 목적으로 이번 사이버안보훈련센터의 교육과정을 수강하셨습니까?,보안 인식 제고,4,17.0,23
2025년 사이버위기대응 도상훈련(2차),1,other,귀하께서는 어떤 목적으로 이번 사이버안보훈련센터의 교육과정을 수강하셨습니까?,보안기술 능력 향상,4,17.0,23
2025년 사이버위기대응 도상훈련(2차),1,other,귀하께서는 어떤 목적으로 이번 사이버안보훈련센터의 교육과정을 수강하셨습니까?,업무에의 활용,9,39.0,23
2025년 사이버위기대응 도상훈련(2차),1,other,귀하께서는 어떤 목적으로 이번 사이버안보훈련센터의 교육과정을 수강하셨습니까?,교육 의무 시간 이수,6,26.0,23
2025년 사이버위기대응 도상훈련(2차),1,other,귀하께서는 어떤 목적으로 이번 사이버안보훈련센터의 교육과정을 수강하셨습니까?,상급자 / 동료의 추천,0,0.0,23
2025년 사이버위기대응 도상훈련(2차),1,other,귀하께서는 어떤 목적으로 이번 사이버안보훈련센터의 교육과정을 수강하셨습니까?,기타,0,0.0,23
2025년 사이버위기대응 도상훈련(2차),4,difficulty,이번 교육의 난이도는 어떠하였습니까?,쉽다,1,4.0,23
2025년 사이버위기대응 도상훈련(2차),4,difficulty,이번 교육의 난이도는 어떠하였습니까?,적당하다,22,95.0,23
2025년 사이버위기대응 도상훈련(2차),4,difficulty,이번 교육의 난이도는 어떠하였습니까?,어렵다,0,0.0,23
2025년 사이버위기대응 도상훈련(2차),6,satisfaction,이번 교육의 만족도는 어떠하였습니까?,높음,11,47.0,23
2025년 사이버위기대응 도상훈련(2차),6,satisfaction,이번 교육의 만족도는 어떠하였습니까?,보통,12,52.0,23
2025년 사이버위기대응 도상훈련(2차),6,satisfaction,이번 교육의 만족도는 어떠하였습니까?,낮음,0,0.0,23
2025년 사이버위기대응 도상훈련(2차),8,utility,이번 교육의 업무 활용도는 어떠하십니까?,높음,14,60.0,23
2025년 사이버위기대응 도상훈련(2차),8,utility,이번 교육의 업무 활용도는 어떠하십니까?,보통,9,39.0,23
2025년 사이버위기대응 도상훈련(2차),8,utility,이번 교육의 업무 활용도는 어떠하십니까?,낮음,0,0.0,23
2025년 사이버위기대응 도상훈련(2차),10,diff_inst,다른 기관과의 교육 차별성은 어떠하십니까?,차별성 있다,15,65.0,23
2025년 사이버위기대응 도상훈련(2차),10,diff_inst,다른 기관과의 교육 차별성은 어떠하십니까?,보통이다,8,34.0,23
2025년 사이버위기대응 도상훈련(2차),10,diff_inst,다른 기관과의 교육 차별성은 어떠하십니까?,차별성없다,0,0.0,23
2025년 사이버위기대응 도상훈련(2차),12,duration,교육 시간은 적절하다고 생각하십니까?,부족하다,2,8.0,23
2025년 사이버위기대응 도상훈련(2차),12,duration,교육 시간은 적절하다고 생각하십니까?,적절하다,20,86.0,23
2025년 사이버위기대응 도상훈련(2차),12,duration,교육 시간은 적절하다고 생각하십니까?,길다,1,4.0,23
2025년 사이버위기대응 도상훈련(2차),16,instructor,[사이버위기대응 절차 이해] 과목의 강의(강의 준비 및 강의 스킬) 만족도는?,매우 불만족,1,4.0,23
2025년 사이버위기대응 도상훈련(2차),16,instructor,[사이버위기대응 절차 이해] 과목의 강의(강의 준비 및 강의 스킬) 만족도는?,불만족,0,0.0,23
2025년 사이버위기대응 도상훈련(2차),16,instructor,[사이버위기대응 절차 이해] 과목의 강의(강의 준비 및 강의 스킬) 만족도는?,보통,3,13.0,23
2025년 사이버위기대응 도상훈련(2차),16,instructor,[사이버위기대응 절차 이해] 과목의 강의(강의 준비 및 강의 스킬) 만족도는?,만족,10,43.0,23
2025년 사이버위기대응 도상훈련(2차),16,instructor,[사이버위기대응 절차 이해] 과목의 강의(강의 준비 및 강의 스킬) 만족도는?,매우 만족,9,39.0,23
2025년 사이버위기대응 도상훈련(2차),17,instructor,[사이버위기대응 절차 이해] 과목의 강의 내용(강의 콘텐츠 구성 등) 만족도는?,매우 불만족,1,4.0,23
2025년 사이버위기대응 도상훈련(2차),17,instructor,[사이버위기대응 절차 이해] 과목의 강의 내용(강의 콘텐츠 구성 등) 만족도는?,불만족,0,0.0,23
2025년 사이버위기대응 도상훈련(2차),17,instructor,[사이버위기대응 절차 이해] 과목의 강의 내용(강의 콘텐츠 구성 등) 만족도는?,보통,3,13.0,23
2025년 사이버위기대응 도상훈련(2차),17,instructor,[사이버위기대응 절차 이해] 과목의 강의 내용(강의 콘텐츠 구성 등) 만족도는?,만족,12,52.0,23
2025년 사이버위기대응 도상훈련(2차),17,instructor,[사이버위기대응 절차 이해] 과목의 강의 내용(강의 콘텐츠 구성 등) 만족도는?,매우 만족,7,30.0,23
2025년 사이버위기대응 도상훈련(2차),18,instructor,[사이버위기대응 도상훈련 우수사례 소개] (인천항만공사 박재연 대리) 과목의 강의(강의 준비 및 강의 스킬) 만족도는?,매우 불만족,1,4.0,23
2025년 사이버위기대응 도상훈련(2차),18,instructor,[사이버위기대응 도상훈련 우수사례 소개] (인천항만공사 박재연 대리) 과목의 강의(강의 준비 및 강의 스킬) 만족도는?,불만족,1,4.0,23
2025년 사이버위기대응 도상훈련(2차),18,instructor,[사이버위기대응 도상훈련 우수사례 소개] (인천항만공사 박재연 대리) 과목의 강의(강의 준비 및 강의 스킬) 만족도는?,보통,1,4.0,23
2025년 사이버위기대응 도상훈련(2차),18,instructor,[사이버위기대응 도상훈련 우수사례 소개] (인천항만공사 박재연 대리) 과목의 강의(강의 준비 및 강의 스킬) 만족도는?,만족,11,47.0,23
2025년 사이버위기대응 도상훈련(2차),18,instructor,[사이버위기대응 도상훈련 우수사례 소개] (인천항만공사 박재연 대리) 과목의 강의(강의 준비 및 강의 스킬) 만족도는?,매우 만족,9,39.0,23
2025년 사이버위기대응 도상훈련(2차),19,instructor,[사이버위기대응 도상훈련 우수사례 소개] (인천항만공사 박재연 대리) 과목의 강의 내용(강의 콘텐츠 구성 등) 만족도는?,매우 불만족,1,4.0,23
2025년 사이버위기대응 도상훈련(2차),19,instructor,[사이버위기대응 도상훈련 우수사례 소개] (인천항만공사 박재연 대리) 과목의 강의 내용(강의 콘텐츠 구성 등) 만족도는?,불만족,1,4.0,23
2025년 사이버위기대응 도상훈련(2차),19,instructor,[사이버위기대응 도상훈련 우수사례 소개] (인천항만공사 박재연 대리) 과목의 강의 내용(강의 콘텐츠 구성 등) 만족도는?,보통,1,4.0,23
2025년 사이버위기대응 도상훈련(2차),19,instructor,[사이버위기대응 도상훈련 우수사례 소개] (인천항만공사 박재연 대리) 과목의 강의 내용(강의 콘텐츠 구성 등) 만족도는?,만족,11,47.0,23
2025년 사이버위기대응 도상훈련(2차),19,instructor,[사이버위기대응 도상훈련 우수사례 소개] (인천항만공사 박재연 대리) 과목의 강의 내용(강의 콘텐츠 구성 등) 만족도는?,매우 만족,9,39.0,23
2025년 사이버위기대응 도상훈련(2차),20,instructor,[경보단계별 모의 도상훈련 실습] (사이버안보훈련센터 이상원 교수) 과목의 강의(강의 준비 및 강의 스킬) 만족도는?,매우 불만족,1,4.0,23
2025년 사이버위기대응 도상훈련(2차),20,instructor,[경보단계별 모의 도상훈련 실습] (사이버안보훈련센터 이상원 교수) 과목의 강의(강의 준비 및 강의 스킬) 만족도는?,불만족,0,0.0,23
2025년 사이버위기대응 도상훈련(2차),20,instructor,[경보단계별 모의 도상훈련 실습] (사이버안보훈련센터 이상원 교수) 과목의 강의(강의 준비 및 강의 스킬) 만족도는?,보통,2,8.0,23
2025년 사이버위기대응 도상훈련(2차),20,instructor,[경보단계별 모의 도상훈련 실습] (사이버안보훈련센터 이상원 교수) 과목의 강의(강의 준비 및 강의 스킬) 만족도는?,만족,12,52.0,23
2025년 사이버위기대응 도상훈련(2차),20,instructor,[경보단계별 모의 도상훈련 실습] (사이버안보훈련센터 이상원 교수) 과목의 강의(강의 준비 및 강의 스킬) 만족도는?,매우 만족,8,34.0,23
2025년 사이버위기대응 도상훈련(2차),21,instructor,[경보단계별 모의 도상훈련 실습] (사이버안보훈련센터 이상원 교수) 과목의 강의 내용(강의 콘텐츠 구성 등) 만족도는?,매우 불만족,1,4.0,23
2025년 사이버위기대응 도상훈련(2차),21,instructor,[경보단계별 모의 도상훈련 실습] (사이버안보훈련센터 이상원 교수) 과목의 강의 내용(강의 콘텐츠 구성 등) 만족도는?,불만족,0,0.0,23
2025년 사이버위기대응 도상훈련(2차),21,instructor,[경보단계별 모의 도상훈련 실습] (사이버안보훈련센터 이상원 교수) 과목의 강의 내용(강의 콘텐츠 구성 등) 만족도는?,보통,3,13.0,23
2025년 사이버위기대응 도상훈련(2차),21,instructor,[경보단계별 모의 도상훈련 실습] (사이버안보훈련센터 이상원 교수) 과목의 강의 내용(강의 콘텐츠 구성 등) 만족도는?,만족,11,47.0,23
2025년 사이버위기대응 도상훈련(2차),21,instructor,[경보단계별 모의 도상훈련 실습] (사이버안보훈련센터 이상원 교수) 과목의 강의 내용(강의 콘텐츠 구성 등) 만족도는?,매우 만족,8,34.0,23
2025년 사이버훈련장을 활용한 사이버방어실무(1차),1,other,귀하께서는 어떤 목적으로 이번 사이버안보훈련센터의 교육과정을 수강하셨습니까?,보안 인식 제고,0,0.0,16
2025년 사이버훈련장을 활용한 사이버방어실무(1차),1,other,귀하께서는 어떤 목적으로 이번 사이버안보훈련센터의 교육과정을 수강하셨습니까?,보안기술 능력 향상,11,68.0,16
2025년 사이버훈련장을 활용한 사이버방어실무(1차),1,other,귀하께서는 어떤 목적으로 이번 사이버안보훈련센터의 교육과정을 수강하셨습니까?,업무에의 활용,3,18.0,16
2025년 사이버훈련장을 활용한 사이버방어실무(1차),1,other,귀하께서는 어떤 목적으로 이번 사이버안보훈련센터의 교육과정을 수강하셨습니까?,교육 의무 시간 이수,2,12.0,16
2025년 사이버훈련장을 활용한 사이버방어실무(1차),1,other,귀하께서는 어떤 목적으로 이번 사이버안보훈련센터의 교육과정을 수강하셨습니까?,상급자 / 동료의 추천,0,0.0,16
2025년 사이버훈련장을 활용한 사이버방어실무(1차),1,other,귀하께서는 어떤 목적으로 이번 사이버안보훈련센터의 교육과정을 수강하셨습니까?,기타,0,0.0,16
2025년 사이버훈련장을 활용한 사이버방어실무(1차),4,difficulty,이번 교육의 난이도는 어떠하였습니까?,쉽다,5,31.0,16
2025년 사이버훈련장을 활용한 사이버방어실무(1차),4,difficulty,이번 교육의 난이도는 어떠하였습니까?,적당하다,10,62.0,16
2025년 사이버훈련장을 활용한 사이버방어실무(1차),4,difficulty,이번 교육의 난이도는 어떠하였습니까?,어렵다,1,6.0,16
2025년 사이버훈련장을 활용한 사이버방어실무(1차),6,satisfaction,이번 교육의 만족도는 어떠하였습니까?,높음,12,75.0,16
2025년 사이버훈련장을 활용한 사이버방어실무(1차),6,satisfaction,이번 교육의 만족도는 어떠하였습니까?,보통,4,25.0,16
2025년 사이버훈련장을 활용한 사이버방어실무(1차),6,satisfaction,이번 교육의 만족도는 어떠하였습니까?,낮음,0,0.0,16
2025년 사이버훈련장을 활용한 사이버방어실무(1차),8,utility,이번 교육의 업무 활용도는 어떠하십니까?,높음,8,50.0,16
2025년 사이버훈련장을 활용한 사이버방어실무(1차),8,utility,이번 교육의 업무 활용도는 어떠하십니까?,보통,6,37.0,16
2025년 사이버훈련장을 활용한 사이버방어실무(1차),8,utility,이번 교육의 업무 활용도는 어떠하십니까?,낮음,2,12.0,16
2025년 사이버훈련장을 활용한 사이버방어실무(1차),10,diff_inst,다른 기관과의 교육 차별성은 어떠하십니까?,차별성 있다,10,62.0,16
2025년 사이버훈련장을 활용한 사이버방어실무(1차),10,diff_inst,다른 기관과의 교육 차별성은 어떠하십니까?,보통이다,6,37.0,16
2025년 사이버훈련장을 활용한 사이버방어실무(1차),10,diff_inst,다른 기관과의 교육 차별성은 어떠하십니까?,차별성없다,0,0.0,16
2025년 사이버훈련장을 활용한 사이버방어실무(1차),12,duration,교육 시간은 적절하다고 생각하십니까?,부족하다,9,56.0,16
2025년 사이버훈련장을 활용한 사이버방어실무(1차),12,duration,교육 시간은 적절하다고 생각하십니까?,적절하다,7,43.0,16
2025년 사이버훈련장을 활용한 사이버방어실무(1차),12,duration,교육 시간은 적절하다고 생각하십니까?,길다,0,0.0,16
2025년 사이버훈련장을 활용한 사이버방어실무(1차),16,instructor,[사이버방어실무 실습] (이준수 연구원) 과목의 강의(강의 준비 및 강의 스킬) 만족도는?,매우 불만족,0,0.0,16
2025년 사이버훈련장을 활용한 사이버방어실무(1차),16,instructor,[사이버방어실무 실습] (이준수 연구원) 과목의 강의(강의 준비 및 강의 스킬) 만족도는?,불만족,0,0.0,16
2025년 사이버훈련장을 활용한 사이버방어실무(1차),16,instructor,[사이버방어실무 실습] (이준수 연구원) 과목의 강의(강의 준비 및 강의 스킬) 만족도는?,보통,1,6.0,16
2025년 사이버훈련장을 활용한 사이버방어실무(1차),16,instructor,[사이버방어실무 실습] (이준수 연구원) 과목의 강의(강의 준비 및 강의 스킬) 만족도는?,만족,6,37.0,16
2025년 사이버훈련장을 활용한 사이버방어실무(1차),16,instructor,[사이버방어실무 실습] (이준수 연구원) 과목의 강의(강의 준비 및 강의 스킬) 만족도는?,매우 만족,9,56.0,16
2025년 사이버훈련장을 활용한 사이버방어실무(1차),17,instructor,[사이버방어실무 실습] (이준수 연구원) 과목의 강의 내용(강의 콘텐츠 구성 등) 만족도는?,매우 불만족,0,0.0,16
2025년 사이버훈련장을 활용한 사이버방어실무(1차),17,instructor,[사이버방어실무 실습] (이준수 연구원) 과목의 강의 내용(강의 콘텐츠 구성 등) 만족도는?,불만족,0,0.0,16
2025년 사이버훈련장을 활용한 사이버방어실무(1차),17,instructor,[사이버방어실무 실습] (이준수 연구원) 과목의 강의 내용(강의 콘텐츠 구성 등) 만족도는?,보통,1,6.0,16
2025년 사이버훈련장을 활용한 사이버방어실무(1차),17,instructor,[사이버방어실무 실습] (이준수 연구원) 과목의 강의 내용(강의 콘텐츠 구성 등) 만족도는?,만족,6,37.0,16
2025년 사이버훈련장을 활용한 사이버방어실무(1차),17,instructor,[사이버방어실무 실습] (이준수 연구원) 과목의 강의 내용(강의 콘텐츠 구성 등) 만족도는?,매우 만족,9,56.0,16
2025년 사이버훈련장을 활용한 사이버방어실무(2차),1,other,귀하께서는 어떤 목적으로 이번 사이버안보훈련센터의 교육과정을 수강하셨습니까?,보안 인식 제고,1,4.0,21
2025년 사이버훈련장을 활용한 사이버방어실무(2차),1,other,귀하께서는 어떤 목적으로 이번 사이버안보훈련센터의 교육과정을 수강하셨습니까?,보안기술 능력 향상,16,76.0,21
2025년 사이버훈련장을 활용한 사이버방어실무(2차),1,other,귀하께서는 어떤 목적으로 이번 사이버안보훈련센터의 교육과정을 수강하셨습니까?,업무에의 활용,3,14.0,21
2025년 사이버훈련장을 활용한 사이버방어실무(2차),1,other,귀하께서는 어떤 목적으로 이번 사이버안보훈련센터의 교육과정을 수강하셨습니까?,교육 의무 시간 이수,1,4.0,21
2025년 사이버훈련장을 활용한 사이버방어실무(2차),1,other,귀하께서는 어떤 목적으로 이번 사이버안보훈련센터의 교육과정을 수강하셨습니까?,상급자 / 동료의 추천,0,0.0,21
2025년 사이버훈련장을 활용한 사이버방어실무(2차),1,other,귀하께서는 어떤 목적으로 이번 사이버안보훈련센터의 교육과정을 수강하셨습니까?,기타,0,0.0,21
2025년 사이버훈련장을 활용한 사이버방어실무(2차),4,difficulty,이번 교육의 난이도는 어떠하였습니까?,쉽다,3,14.0,21
2025년 사이버훈련장을 활용한 사이버방어실무(2차),4,difficulty,이번 교육의 난이도는 어떠하였습니까?,적당하다,17,80.0,21
2025년 사이버훈련장을 활용한 사이버방어실무(2차),4,difficulty,이번 교육의 난이도는 어떠하였습니까?,어렵다,1,4.0,21
2025년 사이버훈련장을 활용한 사이버방어실무(2차),6,satisfaction,이번 교육의 만족도는 어떠하였습니까?,높음,17,80.0,21
2025년 사이버훈련장을 활용한 사이버방어실무(2차),6,satisfaction,이번 교육의 만족도는 어떠하였습니까?,보통,4,19.0,21
2025년 사이버훈련장을 활용한 사이버방어실무(2차),6,satisfaction,이번 교육의 만족도는 어떠하였습니까?,낮음,0,0.0,21
2025년 사이버훈련장을 활용한 사이버방어실무(2차),8,utility,이번 교육의 업무 활용도는 어떠하십니까?,높음,11,52.0,21
2025년 사이버훈련장을 활용한 사이버방어실무(2차),8,utility,이번 교육의 업무 활용도는 어떠하십니까?,보통,9,42.0,21
2025년 사이버훈련장을 활용한 사이버방어실무(2차),8,utility,이번 교육의 업무 활용도는 어떠하십니까?,낮음,1,4.0,21
2025년 사이버훈련장을 활용한 사이버방어실무(2차),10,diff_inst,다른 기관과의 교육 차별성은 어떠하십니까?,차별성 있다,14,66.0,21
2025년 사이버훈련장을 활용한 사이버방어실무(2차),10,diff_inst,다른 기관과의 교육 차별성은 어떠하십니까?,보통이다,7,33.0,21
2025년 사이버훈련장을 활용한 사이버방어실무(2차),10,diff_inst,다른 기관과의 교육 차별성은 어떠하십니까?,차별성없다,0,0.0,21
2025년 사이버훈련장을 활용한 사이버방어실무(2차),12,duration,교육 시간은 적절하다고 생각하십니까?,부족하다,7,33.0,21
2025년 사이버훈련장을 활용한 사이버방어실무(2차),12,duration,교육 시간은 적절하다고 생각하십니까?,적절하다,14,66.0,21
2025년 사이버훈련장을 활용한 사이버방어실무(2차),12,duration,교육 시간은 적절하다고 생각하십니까?,길다,0,0.0,21
2025년 사이버훈련장을 활용한 사이버방어실무(2차),16,instructor,[사이버방어실무 실습] (이준수 연구원) 과목의 강의(강의 준비 및 강의 스킬) 만족도는?,매우 불만족,0,0.0,21
2025년 사이버훈련장을 활용한 사이버방어실무(2차),16,instructor,[사이버방어실무 실습] (이준수 연구원) 과목의 강의(강의 준비 및 강의 스킬) 만족도는?,불만족,0,0.0,21
2025년 사이버훈련장을 활용한 사이버방어실무(2차),16,instructor,[사이버방어실무 실습] (이준수 연구원) 과목의 강의(강의 준비 및 강의 스킬) 만족도는?,보통,2,9.0,21
2025년 사이버훈련장을 활용한 사이버방어실무(2차),16,instructor,[사이버방어실무 실습] (이준수 연구원) 과목의 강의(강의 준비 및 강의 스킬) 만족도는?,만족,8,38.0,21
2025년 사이버훈련장을 활용한 사이버방어실무(2차),16,instructor,[사이버방어실무 실습] (이준수 연구원) 과목의 강의(강의 준비 및 강의 스킬) 만족도는?,매우 만족,11,52.0,21
2025년 사이버훈련장을 활용한 사이버방어실무(2차),17,instructor,[사이버방어실무 실습] (이준수 연구원) 과목의 강의 내용(강의 콘텐츠 구성 등) 만족도는?,매우 불만족,0,0.0,21
2025년 사이버훈련장을 활용한 사이버방어실무(2차),17,instructor,[사이버방어실무 실습] (이준수 연구원) 과목의 강의 내용(강의 콘텐츠 구성 등) 만족도는?,불만족,0,0.0,21
2025년 사이버훈련장을 활용한 사이버방어실무(2차),17,instructor,[사이버방어실무 실습] (이준수 연구원) 과목의 강의 내용(강의 콘텐츠 구성 등) 만족도는?,보통,2,9.0,21
2025년 사이버훈련장을 활용한 사이버방어실무(2차),17,instructor,[사이버방어실무 실습] (이준수 연구원) 과목의 강의 내용(강의 콘텐츠 구성 등) 만족도는?,만족,8,38.0,21
2025년 사이버훈련장을 활용한 사이버방어실무(2차),17,instructor,[사이버방어실무 실습] (이준수 연구원) 과목의 강의 내용(강의 콘텐츠 구성 등) 만족도는?,매우 만족,11,52.0,21
2025년 사이버훈련장을 활용한 사이버방어실무(3차),1,other,귀하께서는 어떤 목적으로 이번 사이버안보훈련센터의 교육과정을 수강하셨습니까?,보안 인식 제고,3,21.0,14
2025년 사이버훈련장을 활용한 사이버방어실무(3차),1,other,귀하께서는 어떤 목적으로 이번 사이버안보훈련센터의 교육과정을 수강하셨습니까?,보안기술 능력 향상,7,50.0,14
2025년 사이버훈련장을 활용한 사이버방어실무(3차),1,other,귀하께서는 어떤 목적으로 이번 사이버안보훈련센터의 교육과정을 수강하셨습니까?,업무에의 활용,4,28.0,14
2025년 사이버훈련장을 활용한 사이버방어실무(3차),1,other,귀하께서는 어떤 목적으로 이번 사이버안보훈련센터의 교육과정을 수강하셨습니까?,교육 의무 시간 이수,0,0.0,14
2025년 사이버훈련장을 활용한 사이버방어실무(3차),1,other,귀하께서는 어떤 목적으로 이번 사이버안보훈련센터의 교육과정을 수강하셨습니까?,상급자 / 동료의 추천,0,0.0,14
2025년 사이버훈련장을 활용한 사이버방어실무(3차),1,other,귀하께서는 어떤 목적으로 이번 사이버안보훈련센터의 교육과정을 수강하셨습니까?,기타,0,0.0,14
2025년 사이버훈련장을 활용한 사이버방어실무(3차),4,difficulty,이번 교육의 난이도는 어떠하였습니까?,쉽다,5,35.0,14
2025년 사이버훈련장을 활용한 사이버방어실무(3차),4,difficulty,이번 교육의 난이도는 어떠하였습니까?,적당하다,9,64.0,14
2025년 사이버훈련장을 활용한 사이버방어실무(3차),4,difficulty,이번 교육의 난이도는 어떠하였습니까?,어렵다,0,0.0,14
2025년 사이버훈련장을 활용한 사이버방어실무(3차),6,satisfaction,이번 교육의 만족도는 어떠하였습니까?,높음,8,57.0,14
2025년 사이버훈련장을 활용한 사이버방어실무(3차),6,satisfaction,이번 교육의 만족도는 어떠하였습니까?,보통,5,35.0,14
2025년 사이버훈련장을 활용한 사이버방어실무(3차),6,satisfaction,이번 교육의 만족도는 어떠하였습니까?,낮음,1,7.0,14
2025년 사이버훈련장을 활용한 사이버방어실무(3차),8,utility,이번 교육의 업무 활용도는 어떠하십니까?,높음,7,50.0,14
2025년 사이버훈련장을 활용한 사이버방어실무(3차),8,utility,이번 교육의 업무 활용도는 어떠하십니까?,보통,6,42.0,14
2025년 사이버훈련장을 활용한 사이버방어실무(3차),8,utility,이번 교육의 업무 활용도는 어떠하십니까?,낮음,1,7.0,14
2025년 사이버훈련장을 활용한 사이버방어실무(3차),10,diff_inst,다른 기관과의 교육 차별성은 어떠하십니까?,차별성 있다,9,64.0,14
2025년 사이버훈련장을 활용한 사이버방어실무(3차),10,diff_inst,다른 기관과의 교육 차별성은 어떠하십니까?,보통이다,5,35.0,14
2025년 사이버훈련장을 활용한 사이버방어실무(3차),10,diff_inst,다른 기관과의 교육 차별성은 어떠하십니까?,차별성없다,0,0.0,14
2025년 사이버훈련장을 활용한 사이버방어실무(3차),12,duration,교육 시간은 적절하다고 생각하십니까?,부족하다,8,57.0,14
2025년 사이버훈련장을 활용한 사이버방어실무(3차),12,duration,교육 시간은 적절하다고 생각하십니까?,적절하다,6,42.0,14
2025년 사이버훈련장을 활용한 사이버방어실무(3차),12,duration,교육 시간은 적절하다고 생각하십니까?,길다,0,0.0,14
2025년 사이버훈련장을 활용한 사이버방어실무(3차),16,instructor,[사이버방어실무 실습] (이준수 연구원) 과목의 강의(강의 준비 및 강의 스킬) 만족도는?,매우 불만족,1,7.0,14
2025년 사이버훈련장을 활용한 사이버방어실무(3차),16,instructor,[사이버방어실무 실습] (이준수 연구원) 과목의 강의(강의 준비 및 강의 스킬) 만족도는?,불만족,0,0.0,14
2025년 사이버훈련장을 활용한 사이버방어실무(3차),16,instructor,[사이버방어실무 실습] (이준수 연구원) 과목의 강의(강의 준비 및 강의 스킬) 만족도는?,보통,3,21.0,14
2025년 사이버훈련장을 활용한 사이버방어실무(3차),16,instructor,[사이버방어실무 실습] (이준수 연구원) 과목의 강의(강의 준비 및 강의 스킬) 만족도는?,만족,4,28.0,14
2025년 사이버훈련장을 활용한 사이버방어실무(3차),16,instructor,[사이버방어실무 실습] (이준수 연구원) 과목의 강의(강의 준비 및 강의 스킬) 만족도는?,매우 만족,6,42.0,14
2025년 사이버훈련장을 활용한 사이버방어실무(3차),17,instructor,[사이버방어실무 실습] (이준수 연구원) 과목의 강의 내용(강의 콘텐츠 구성 등) 만족도는?,매우 불만족,1,7.0,14
2025년 사이버훈련장을 활용한 사이버방어실무(3차),17,instructor,[사이버방어실무 실습] (이준수 연구원) 과목의 강의 내용(강의 콘텐츠 구성 등) 만족도는?,불만족,0,0.0,14
2025년 사이버훈련장을 활용한 사이버방어실무(3차),17,instructor,[사이버방어실무 실습] (이준수 연구원) 과목의 강의 내용(강의 콘텐츠 구성 등) 만족도는?,보통,1,7.0,14
2025년 사이버훈련장을 활용한 사이버방어실무(3차),17,instructor,[사이버방어실무 실습] (이준수 연구원) 과목의 강의 내용(강의 콘텐츠 구성 등) 만족도는?,만족,5,35.0,14
2025년 사이버훈련장을 활용한 사이버방어실무(3차),17,instructor,[사이버방어실무 실습] (이준수 연구원) 과목의 강의 내용(강의 콘텐츠 구성 등) 만족도는?,매우 만족,7,50.0,14
2025년 악성코드 분석(1차),1,other,귀하께서는 어떤 목적으로 이번 사이버안보훈련센터의 교육과정을 수강하셨습니까?,보안 인식 제고,2,10.0,20
2025년 악성코드 분석(1차),1,other,귀하께서는 어떤 목적으로 이번 사이버안보훈련센터의 교육과정을 수강하셨습니까?,보안기술 능력 향상,12,60.0,20
2025년 악성코드 분석(1차),1,other,귀하께서는 어떤 목적으로 이번 사이버안보훈련센터의 교육과정을 수강하셨습니까?,업무에의 활용,2,10.0,20
2025년 악성코드 분석(1차),1,other,귀하께서는 어떤 목적으로 이번 사이버안보훈련센터의 교육과정을 수강하셨습니까?,교육 의무 시간 이수,3,15.0,20
2025년 악성코드 분석(1차),1,other,귀하께서는 어떤 목적으로 이번 사이버안보훈련센터의 교육과정을 수강하셨습니까?,상급자 / 동료의 추천,1,5.0,20
2025년 악성코드 분석(1차),1,other,귀하께서는 어떤 목적으로 이번 사이버안보훈련센터의 교육과정을 수강하셨습니까?,기타,0,0.0,20
2025년 악성코드 분석(1차),4,difficulty,이번 교육의 난이도는 어떠하였습니까?,쉽다,1,5.0,20
2025년 악성코드 분석(1차),4,difficulty,이번 교육의 난이도는 어떠하였습니까?,적당하다,11,55.0,20
2025년 악성코드 분석(1차),4,difficulty,이번 교육의 난이도는 어떠하였습니까?,어렵다,8,40.0,20
2025년 악성코드 분석(1차),6,satisfaction,이번 교육의 만족도는 어떠하였습니까?,높음,17,85.0,20
2025년 악성코드 분석(1차),6,satisfaction,이번 교육의 만족도는 어떠하였습니까?,보통,2,10.0,20
2025년 악성코드 분석(1차),6,satisfaction,이번 교육의 만족도는 어떠하였습니까?,낮음,1,5.0,20
2025년 악성코드 분석(1차),8,utility,이번 교육의 업무 활용도는 어떠하십니까?,높음,7,35.0,20
2025년 악성코드 분석(1차),8,utility,이번 교육의 업무 활용도는 어떠하십니까?,보통,10,50.0,20
2025년 악성코드 분석(1차),8,utility,이번 교육의 업무 활용도는 어떠하십니까?,낮음,3,15.0,20
2025년 악성코드 분석(1차),10,diff_inst,다른 기관과의 교육 차별성은 어떠하십니까?,차별성 있다,14,70.0,20
2025년 악성코드 분석(1차),10,diff_inst,다른 기관과의 교육 차별성은 어떠하십니까?,보통이다,6,30.0,20
2025년 악성코드 분석(1차),10,diff_inst,다른 기관과의 교육 차별성은 어떠하십니까?,차별성없다,0,0.0,20
2025년 악성코드 분석(1차),12,duration,교육 시간은 적절하다고 생각하십니까?,부족하다,11,55.0,20
2025년 악성코드 분석(1차),12,duration,교육 시간은 적절하다고 생각하십니까?,적절하다,8,40.0,20
2025년 악성코드 분석(1차),12,duration,교육 시간은 적절하다고 생각하십니까?,길다,1,5.0,20
2025년 악성코드 분석(1차),16,instructor,[악성코드분석] (장태윤 강사님) 과목의 강의(강의 준비 및 강의 스킬) 만족도는?,매우 불만족,1,5.0,20
2025년 악성코드 분석(1차),16,instructor,[악성코드분석] (장태윤 강사님) 과목의 강의(강의 준비 및 강의 스킬) 만족도는?,불만족,0,0.0,20
2025년 악성코드 분석(1차),16,instructor,[악성코드분석] (장태윤 강사님) 과목의 강의(강의 준비 및 강의 스킬) 만족도는?,보통,1,5.0,20
2025년 악성코드 분석(1차),16,instructor,[악성코드분석] (장태윤 강사님) 과목의 강의(강의 준비 및 강의 스킬) 만족도는?,만족,2,10.0,20
2025년 악성코드 분석(1차),16,instructor,[악성코드분석] (장태윤 강사님) 과목의 강의(강의 준비 및 강의 스킬) 만족도는?,매우 만족,16,80.0,20
2025년 악성코드 분석(1차),17,instructor,[악성코드분석] (장태윤 강사님) ) 과목의 강의 내용(강의 콘텐츠 구성 등) 만족도는?,매우 불만족,1,5.0,20
2025년 악성코드 분석(1차),17,instructor,[악성코드분석] (장태윤 강사님) ) 과목의 강의 내용(강의 콘텐츠 구성 등) 만족도는?,불만족,1,5.0,20
2025년 악성코드 분석(1차),17,instructor,[악성코드분석] (장태윤 강사님) ) 과목의 강의 내용(강의 콘텐츠 구성 등) 만족도는?,보통,2,10.0,20
2025년 악성코드 분석(1차),17,instructor,[악성코드분석] (장태윤 강사님) ) 과목의 강의 내용(강의 콘텐츠 구성 등) 만족도는?,만족,2,10.0,20
2025년 악성코드 분석(1차),17,instructor,[악성코드분석] (장태윤 강사님) ) 과목의 강의 내용(강의 콘텐츠 구성 등) 만족도는?,매우 만족,14,70.0,20
2025년 악성코드 분석(2차),1,other,귀하께서는 어떤 목적으로 이번 사이버안보훈련센터의 교육과정을 수강하셨습니까?,보안 인식 제고,2,11.0,18
2025년 악성코드 분석(2차),1,other,귀하께서는 어떤 목적으로 이번 사이버안보훈련센터의 교육과정을 수강하셨습니까?,보안기술 능력 향상,9,50.0,18
2025년 악성코드 분석(2차),1,other,귀하께서는 어떤 목적으로 이번 사이버안보훈련센터의 교육과정을 수강하셨습니까?,업무에의 활용,4,22.0,18
2025년 악성코드 분석(2차),1,other,귀하께서는 어떤 목적으로 이번 사이버안보훈련센터의 교육과정을 수강하셨습니까?,교육 의무 시간 이수,3,16.0,18
2025년 악성코드 분석(2차),1,other,귀하께서는 어떤 목적으로 이번 사이버안보훈련센터의 교육과정을 수강하셨습니까?,상급자 / 동료의 추천,0,0.0,18
2025년 악성코드 분석(2차),1,other,귀하께서는 어떤 목적으로 이번 사이버안보훈련센터의 교육과정을 수강하셨습니까?,기타,0,0.0,18
2025년 악성코드 분석(2차),4,difficulty,이번 교육의 난이도는 어떠하였습니까?,쉽다,0,0.0,18
2025년 악성코드 분석(2차),4,difficulty,이번 교육의 난이도는 어떠하였습니까?,적당하다,9,50.0,18
2025년 악성코드 분석(2차),4,difficulty,이번 교육의 난이도는 어떠하였습니까?,어렵다,9,50.0,18
2025년 악성코드 분석(2차),6,satisfaction,이번 교육의 만족도는 어떠하였습니까?,높음,11,61.0,18
2025년 악성코드 분석(2차),6,satisfaction,이번 교육의 만족도는 어떠하였습니까?,보통,7,38.0,18
2025년 악성코드 분석(2차),6,satisfaction,이번 교육의 만족도는 어떠하였습니까?,낮음,0,0.0,18
2025년 악성코드 분석(2차),8,utility,이번 교육의 업무 활용도는 어떠하십니까?,높음,5,27.0,18
2025년 악성코드 분석(2차),8,utility,이번 교육의 업무 활용도는 어떠하십니까?,보통,10,55.0,18
2025년 악성코드 분석(2차),8,utility,이번 교육의 업무 활용도는 어떠하십니까?,낮음,3,16.0,18
2025년 악성코드 분석(2차),10,diff_inst,다른 기관과의 교육 차별성은 어떠하십니까?,차별성 있다,12,66.0,18
2025년 악성코드 분석(2차),10,diff_inst,다른 기관과의 교육 차별성은 어떠하십니까?,보통이다,6,33.0,18
2025년 악성코드 분석(2차),10,diff_inst,다른 기관과의 교육 차별성은 어떠하십니까?,차별성없다,0,0.0,18
2025년 악성코드 분석(2차),12,duration,교육 시간은 적절하다고 생각하십니까?,부족하다,7,38.0,18
2025년 악성코드 분석(2차),12,duration,교육 시간은 적절하다고 생각하십니까?,적절하다,11,61.0,18
2025년 악성코드 분석(2차),12,duration,교육 시간은 적절하다고 생각하십니까?,길다,0,0.0,18
2025년 악성코드 분석(2차),16,instructor,"[과목명] (강사명, 직책) 과목의 강의(강의 준비 및 강의 스킬) 만족도는?",매우 불만족,0,0.0,18
2025년 악성코드 분석(2차),16,instructor,"[과목명] (강사명, 직책) 과목의 강의(강의 준비 및 강의 스킬) 만족도는?",불만족,0,0.0,18
2025년 악성코드 분석(2차),16,instructor,"[과목명] (강사명, 직책) 과목의 강의(강의 준비 및 강의 스킬) 만족도는?",보통,4,22.0,18
2025년 악성코드 분석(2차),16,instructor,"[과목명] (강사명, 직책) 과목의 강의(강의 준비 및 강의 스킬) 만족도는?",만족,5,27.0,18
2025년 악성코드 분석(2차),16,instructor,"[과목명] (강사명, 직책) 과목의 강의(강의 준비 및 강의 스킬) 만족도는?",매우 만족,9,50.0,18
2025년 악성코드 분석(2차),17,instructor,"[과목명] (강사명, 직책) 과목의 강의 내용(강의 콘텐츠 구성 등) 만족도는?",매우 불만족,0,0.0,18
2025년 악성코드 분석(2차),17,instructor,"[과목명] (강사명, 직책) 과목의 강의 내용(강의 콘텐츠 구성 등) 만족도는?",불만족,0,0.0,18
2025년 악성코드 분석(2차),17,instructor,"[과목명] (강사명, 직책) 과목의 강의 내용(강의 콘텐츠 구성 등) 만족도는?",보통,3,16.0,18
2025년 악성코드 분석(2차),17,instructor,"[과목명] (강사명, 직책) 과목의 강의 내용(강의 콘텐츠 구성 등) 만족도는?",만족,6,33.0,18
2025년 악성코드 분석(2차),17,instructor,"[과목명] (강사명, 직책) 과목의 강의 내용(강의 콘텐츠 구성 등) 만족도는?",매우 만족,9,50.0,18
2025년 윤리적 해커 양성(6기)_상반기,1,other,귀하께서는 어떤 목적으로 이번 사이버안보훈련센터의 교육과정을 수강하셨습니까?,보안 인식 제고,0,0.0,35
2025년 윤리적 해커 양성(6기)_상반기,1,other,귀하께서는 어떤 목적으로 이번 사이버안보훈련센터의 교육과정을 수강하셨습니까?,보안기술 능력 향상,24,68.0,35
2025년 윤리적 해커 양성(6기)_상반기,1,other,귀하께서는 어떤 목적으로 이번 사이버안보훈련센터의 교육과정을 수강하셨습니까?,학업에의 활용,1,2.0,35
2025년 윤리적 해커 양성(6기)_상반기,1,other,귀하께서는 어떤 목적으로 이번 사이버안보훈련센터의 교육과정을 수강하셨습니까?,교육 의무 시간 이수,0,0.0,35
2025년 윤리적 해커 양성(6기)_상반기,1,other,귀하께서는 어떤 목적으로 이번 사이버안보훈련센터의 교육과정을 수강하셨습니까?,"동료, 선배 / 교수의 추천",10,28.0,35
2025년 윤리적 해커 양성(6기)_상반기,1,other,귀하께서는 어떤 목적으로 이번 사이버안보훈련센터의 교육과정을 수강하셨습니까?,기타,0,0.0,35
2025년 윤리적 해커 양성(6기)_상반기,2,difficulty,이번 교육의 난이도는 어떠하였습니까?,쉽다,2,5.0,35
2025년 윤리적 해커 양성(6기)_상반기,2,difficulty,이번 교육의 난이도는 어떠하였습니까?,적당하다,30,85.0,35
2025년 윤리적 해커 양성(6기)_상반기,2,difficulty,이번 교육의 난이도는 어떠하였습니까?,어렵다,3,8.0,35
2025년 윤리적 해커 양성(6기)_상반기,4,satisfaction,이번 교육의 만족도는 어떠하였습니까?,높음,27,77.0,35
2025년 윤리적 해커 양성(6기)_상반기,4,satisfaction,이번 교육의 만족도는 어떠하였습니까?,보통이다,8,22.0,35
2025년 윤리적 해커 양성(6기)_상반기,4,satisfaction,이번 교육의 만족도는 어떠하였습니까?,낮음,0,0.0,35
2025년 윤리적 해커 양성(6기)_상반기,6,utility,이번 교육의 업무 활용도는 어떠하십니까?,높음,24,68.0,35
2025년 윤리적 해커 양성(6기)_상반기,6,utility,이번 교육의 업무 활용도는 어떠하십니까?,보통이다,11,31.0,35
2025년 윤리적 해커 양성(6기)_상반기,6,utility,이번 교육의 업무 활용도는 어떠하십니까?,낮음,0,0.0,35
2025년 윤리적 해커 양성(6기)_상반기,8,diff_inst,다른 기관과의 교육 차별성은 어떠하십니까?,차별성 있다,28,80.0,35
2025년 윤리적 해커 양성(6기)_상반기,8,diff_inst,다른 기관과의 교육 차별성은 어떠하십니까?,보통이다,7,20.0,35
2025년 윤리적 해커 양성(6기)_상반기,8,diff_inst,다른 기관과의 교육 차별성은 어떠하십니까?,차별성없다,0,0.0,35
2025년 윤리적 해커 양성(6기)_상반기,10,duration,교육 시간은 적절하다고 생각하십니까?,적절하다,28,80.0,35
2025년 윤리적 해커 양성(6기)_상반기,10,duration,교육 시간은 적절하다고 생각하십니까?,보통이다,6,17.0,35
2025년 윤리적 해커 양성(6기)_상반기,10,duration,교육 시간은 적절하다고 생각하십니까?,적절하다,1,2.0,35
2025년 윤리적 해커 양성(6기)_상반기,12,other,본 교육의 가장 적당한 교육기간은 며칠이라고 생각하십니까?,3일,6,17.0,35
2025년 윤리적 해커 양성(6기)_상반기,12,other,본 교육의 가장 적당한 교육기간은 며칠이라고 생각하십니까?,4일,20,57.0,35
2025년 윤리적 해커 양성(6기)_상반기,12,other,본 교육의 가장 적당한 교육기간은 며칠이라고 생각하십니까?,4일 초과,9,25.0,35
2025년 윤리적 해커 양성(6기)_상반기,13,needs,"국가공공 기관 및 정보통신기반시설의 정보화, 정보보호 담당자에게 꼭 필요한 사이버안보 교육에는 어떤 것이 있을까요?",포렌식 분야 교육/훈련,3,8.0,35
2025년 윤리적 해커 양성(6기)_상반기,13,needs,"국가공공 기관 및 정보통신기반시설의 정보화, 정보보호 담당자에게 꼭 필요한 사이버안보 교육에는 어떤 것이 있을까요?",악성코드 분석 교육/훈련,7,20.0,35
2025년 윤리적 해커 양성(6기)_상반기,13,needs,"국가공공 기관 및 정보통신기반시설의 정보화, 정보보호 담당자에게 꼭 필요한 사이버안보 교육에는 어떤 것이 있을까요?",모바일 분야 교육/훈련,1,2.0,35
2025년 윤리적 해커 양성(6기)_상반기,13,needs,"국가공공 기관 및 정보통신기반시설의 정보화, 정보보호 담당자에게 꼭 필요한 사이버안보 교육에는 어떤 것이 있을까요?",무선랜 해킹 관련 교육/훈련,2,5.0,35
2025년 윤리적 해커 양성(6기)_상반기,13,needs,"국가공공 기관 및 정보통신기반시설의 정보화, 정보보호 담당자에게 꼭 필요한 사이버안보 교육에는 어떤 것이 있을까요?",서버 취약점 공격 대응 교육/훈련,11,31.0,35
2025년 윤리적 해커 양성(6기)_상반기,13,needs,"국가공공 기관 및 정보통신기반시설의 정보화, 정보보호 담당자에게 꼭 필요한 사이버안보 교육에는 어떤 것이 있을까요?",시스템 보안강화(System Hardening) 교육/훈련,2,5.0,35
2025년 윤리적 해커 양성(6기)_상반기,13,needs,"국가공공 기관 및 정보통신기반시설의 정보화, 정보보호 담당자에게 꼭 필요한 사이버안보 교육에는 어떤 것이 있을까요?",정보유출 사건에 대한 교육/훈련,4,11.0,35
2025년 윤리적 해커 양성(6기)_상반기,13,needs,"국가공공 기관 및 정보통신기반시설의 정보화, 정보보호 담당자에게 꼭 필요한 사이버안보 교육에는 어떤 것이 있을까요?",정보보호 시스템 관리 교육/훈련,5,14.0,35
2025년 윤리적 해커 양성(6기)_상반기,17,instructor,"정보보안 관점에서의 AI, ChatGPT 기술 동향(강사: 박성규 교수) 과목의 강의 만족도(강의 준비 및 스킬 등)는?",매우불만족,0,0.0,35
2025년 윤리적 해커 양성(6기)_상반기,17,instructor,"정보보안 관점에서의 AI, ChatGPT 기술 동향(강사: 박성규 교수) 과목의 강의 만족도(강의 준비 및 스킬 등)는?",불만족,1,2.0,35
2025년 윤리적 해커 양성(6기)_상반기,17,instructor,"정보보안 관점에서의 AI, ChatGPT 기술 동향(강사: 박성규 교수) 과목의 강의 만족도(강의 준비 및 스킬 등)는?",보통,2,5.0,35
2025년 윤리적 해커 양성(6기)_상반기,17,instructor,"정보보안 관점에서의 AI, ChatGPT 기술 동향(강사: 박성규 교수) 과목의 강의 만족도(강의 준비 및 스킬 등)는?",만족,11,31.0,35
2025년 윤리적 해커 양성(6기)_상반기,17,instructor,"정보보안 관점에서의 AI, ChatGPT 기술 동향(강사: 박성규 교수) 과목의 강의 만족도(강의 준비 및 스킬 등)는?",매우 만족,21,60.0,35
2025년 윤리적 해커 양성(6기)_상반기,18,instructor,"정보보안 관점에서의 AI, ChatGPT 기술 동향(강사: 박성규 교수) 과목의 강의 내용 만족도(강의 컨텐츠 구성 등)는?",매우불만족,0,0.0,35
2025년 윤리적 해커 양성(6기)_상반기,18,instructor,"정보보안 관점에서의 AI, ChatGPT 기술 동향(강사: 박성규 교수) 과목의 강의 내용 만족도(강의 컨텐츠 구성 등)는?",불만족,1,2.0,35
2025년 윤리적 해커 양성(6기)_상반기,18,instructor,"정보보안 관점에서의 AI, ChatGPT 기술 동향(강사: 박성규 교수) 과목의 강의 내용 만족도(강의 컨텐츠 구성 등)는?",보통,3,8.0,35
2025년 윤리적 해커 양성(6기)_상반기,18,instructor,"정보보안 관점에서의 AI, ChatGPT 기술 동향(강사: 박성규 교수) 과목의 강의 내용 만족도(강의 컨텐츠 구성 등)는?",만족,9,25.0,35
2025년 윤리적 해커 양성(6기)_상반기,18,instructor,"정보보안 관점에서의 AI, ChatGPT 기술 동향(강사: 박성규 교수) 과목의 강의 내용 만족도(강의 컨텐츠 구성 등)는?",매우 만족,22,62.0,35
2025년 윤리적 해커 양성(6기)_상반기,19,instructor,암호 기술 개요(강사: 염용진 교수) 과목의 강의 만족도(강의 준비 및 스킬 등)는?,매우불만족,0,0.0,35
2025년 윤리적 해커 양성(6기)_상반기,19,instructor,암호 기술 개요(강사: 염용진 교수) 과목의 강의 만족도(강의 준비 및 스킬 등)는?,불만족,0,0.0,35
2025년 윤리적 해커 양성(6기)_상반기,19,instructor,암호 기술 개요(강사: 염용진 교수) 과목의 강의 만족도(강의 준비 및 스킬 등)는?,보통,1,2.0,35
2025년 윤리적 해커 양성(6기)_상반기,19,instructor,암호 기술 개요(강사: 염용진 교수) 과목의 강의 만족도(강의 준비 및 스킬 등)는?,만족,10,28.0,35
2025년 윤리적 해커 양성(6기)_상반기,19,instructor,암호 기술 개요(강사: 염용진 교수) 과목의 강의 만족도(강의 준비 및 스킬 등)는?,매우 만족,24,68.0,35
2025년 윤리적 해커 양성(6기)_상반기,20,instructor,암호 기술 개요(강사: 염용진 교수) 과목의 강의 내용 만족도(강의 컨텐츠 구성 등)는?,매우불만족,0,0.0,35
2025년 윤리적 해커 양성(6기)_상반기,20,instructor,암호 기술 개요(강사: 염용진 교수) 과목의 강의 내용 만족도(강의 컨텐츠 구성 등)는?,불만족,0,0.0,35
2025년 윤리적 해커 양성(6기)_상반기,20,instructor,암호 기술 개요(강사: 염용진 교수) 과목의 강의 내용 만족도(강의 컨텐츠 구성 등)는?,보통,1,2.0,35
2025년 윤리적 해커 양성(6기)_상반기,20,instructor,암호 기술 개요(강사: 염용진 교수) 과목의 강의 내용 만족도(강의 컨텐츠 구성 등)는?,만족,12,34.0,35
2025년 윤리적 해커 양성(6기)_상반기,20,instructor,암호 기술 개요(강사: 염용진 교수) 과목의 강의 내용 만족도(강의 컨텐츠 구성 등)는?,매우 만족,22,62.0,35
2025년 윤리적 해커 양성(6기)_상반기,21,instructor,사이버보안 패러다임의 변화(강사: 박기웅 교수) 과목의 강의 만족도(강의 준비 및 스킬 등)는?,매우불만족,0,0.0,35
2025년 윤리적 해커 양성(6기)_상반기,21,instructor,사이버보안 패러다임의 변화(강사: 박기웅 교수) 과목의 강의 만족도(강의 준비 및 스킬 등)는?,불만족,0,0.0,35
2025년 윤리적 해커 양성(6기)_상반기,21,instructor,사이버보안 패러다임의 변화(강사: 박기웅 교수) 과목의 강의 만족도(강의 준비 및 스킬 등)는?,보통,2,5.0,35
2025년 윤리적 해커 양성(6기)_상반기,21,instructor,사이버보안 패러다임의 변화(강사: 박기웅 교수) 과목의 강의 만족도(강의 준비 및 스킬 등)는?,만족,9,25.0,35
2025년 윤리적 해커 양성(6기)_상반기,21,instructor,사이버보안 패러다임의 변화(강사: 박기웅 교수) 과목의 강의 만족도(강의 준비 및 스킬 등)는?,매우 만족,24,68.0,35
2025년 윤리적 해커 양성(6기)_상반기,22,instructor,사이버보안 패러다임의 변화(강사: 박기웅 교수) 과목의 강의 내용 만족도(강의 컨텐츠 구성 등)는?,매우불만족,0,0.0,35
2025년 윤리적 해커 양성(6기)_상반기,22,instructor,사이버보안 패러다임의 변화(강사: 박기웅 교수) 과목의 강의 내용 만족도(강의 컨텐츠 구성 등)는?,불만족,0,0.0,35
2025년 윤리적 해커 양성(6기)_상반기,22,instructor,사이버보안 패러다임의 변화(강사: 박기웅 교수) 과목의 강의 내용 만족도(강의 컨텐츠 구성 등)는?,보통,2,5.0,35
2025년 윤리적 해커 양성(6기)_상반기,22,instructor,사이버보안 패러다임의 변화(강사: 박기웅 교수) 과목의 강의 내용 만족도(강의 컨텐츠 구성 등)는?,만족,8,22.0,35
2025년 윤리적 해커 양성(6기)_상반기,22,instructor,사이버보안 패러다임의 변화(강사: 박기웅 교수) 과목의 강의 내용 만족도(강의 컨텐츠 구성 등)는?,매우 만족,25,71.0,35
2025년 윤리적 해커 양성(6기)_상반기,23,instructor,네트워크 패킷 분석 및 실습(강사: 한창현 선임) 과목의 강의 만족도(강의 준비 및 스킬 등)는?,매우불만족,0,0.0,35
2025년 윤리적 해커 양성(6기)_상반기,23,instructor,네트워크 패킷 분석 및 실습(강사: 한창현 선임) 과목의 강의 만족도(강의 준비 및 스킬 등)는?,불만족,1,2.0,35
2025년 윤리적 해커 양성(6기)_상반기,23,instructor,네트워크 패킷 분석 및 실습(강사: 한창현 선임) 과목의 강의 만족도(강의 준비 및 스킬 등)는?,보통,2,5.0,35
2025년 윤리적 해커 양성(6기)_상반기,23,instructor,네트워크 패킷 분석 및 실습(강사: 한창현 선임) 과목의 강의 만족도(강의 준비 및 스킬 등)는?,만족,10,28.0,35
2025년 윤리적 해커 양성(6기)_상반기,23,instructor,네트워크 패킷 분석 및 실습(강사: 한창현 선임) 과목의 강의 만족도(강의 준비 및 스킬 등)는?,매우 만족,22,62.0,35
2025년 윤리적 해커 양성(6기)_상반기,24,instructor,네트워크 패킷 분석 및 실습(강사: 한창현 선임) 과목의 강의 내용 만족도(강의 컨텐츠 구성 등)는?,매우불만족,0,0.0,35
2025년 윤리적 해커 양성(6기)_상반기,24,instructor,네트워크 패킷 분석 및 실습(강사: 한창현 선임) 과목의 강의 내용 만족도(강의 컨텐츠 구성 등)는?,불만족,1,2.0,35
2025년 윤리적 해커 양성(6기)_상반기,24,instructor,네트워크 패킷 분석 및 실습(강사: 한창현 선임) 과목의 강의 내용 만족도(강의 컨텐츠 구성 등)는?,보통,1,2.0,35
2025년 윤리적 해커 양성(6기)_상반기,24,instructor,네트워크 패킷 분석 및 실습(강사: 한창현 선임) 과목의 강의 내용 만족도(강의 컨텐츠 구성 등)는?,만족,9,25.0,35
2025년 윤리적 해커 양성(6기)_상반기,24,instructor,네트워크 패킷 분석 및 실습(강사: 한창현 선임) 과목의 강의 내용 만족도(강의 컨텐츠 구성 등)는?,매우 만족,24,68.0,35
2025년 윤리적 해커 양성(6기)_상반기,25,instructor,사이버공격 탐지 분석 및 대응 기술(강사: 박건량 선연) 과목의 강의 만족도(강의 준비 및 스킬 등)는?,매우불만족,0,0.0,35
2025년 윤리적 해커 양성(6기)_상반기,25,instructor,사이버공격 탐지 분석 및 대응 기술(강사: 박건량 선연) 과목의 강의 만족도(강의 준비 및 스킬 등)는?,불만족,0,0.0,35
2025년 윤리적 해커 양성(6기)_상반기,25,instructor,사이버공격 탐지 분석 및 대응 기술(강사: 박건량 선연) 과목의 강의 만족도(강의 준비 및 스킬 등)는?,보통,1,2.0,35
2025년 윤리적 해커 양성(6기)_상반기,25,instructor,사이버공격 탐지 분석 및 대응 기술(강사: 박건량 선연) 과목의 강의 만족도(강의 준비 및 스킬 등)는?,만족,10,28.0,35
2025년 윤리적 해커 양성(6기)_상반기,25,instructor,사이버공격 탐지 분석 및 대응 기술(강사: 박건량 선연) 과목의 강의 만족도(강의 준비 및 스킬 등)는?,매우 만족,24,68.0,35
2025년 윤리적 해커 양성(6기)_상반기,26,instructor,사이버공격 탐지 분석 및 대응 기술(강사: 박건량 선연) 과목의 강의 내용 만족도(강의 컨텐츠 구성 등)는?,매우불만족,0,0.0,35
2025년 윤리적 해커 양성(6기)_상반기,26,instructor,사이버공격 탐지 분석 및 대응 기술(강사: 박건량 선연) 과목의 강의 내용 만족도(강의 컨텐츠 구성 등)는?,불만족,0,0.0,35
2025년 윤리적 해커 양성(6기)_상반기,26,instructor,사이버공격 탐지 분석 및 대응 기술(강사: 박건량 선연) 과목의 강의 내용 만족도(강의 컨텐츠 구성 등)는?,보통,2,5.0,35
2025년 윤리적 해커 양성(6기)_상반기,26,instructor,사이버공격 탐지 분석 및 대응 기술(강사: 박건량 선연) 과목의 강의 내용 만족도(강의 컨텐츠 구성 등)는?,만족,7,20.0,35
2025년 윤리적 해커 양성(6기)_상반기,26,instructor,사이버공격 탐지 분석 및 대응 기술(강사: 박건량 선연) 과목의 강의 내용 만족도(강의 컨텐츠 구성 등)는?,매우 만족,26,74.0,35
2025년 윤리적 해커 양성(6기)_상반기,27,instructor,침해사고 분석 및 대응(강사: 한승원 수석) 과목의 강의 만족도(강의 준비 및 스킬 등)는?,매우불만족,0,0.0,35
2025년 윤리적 해커 양성(6기)_상반기,27,instructor,침해사고 분석 및 대응(강사: 한승원 수석) 과목의 강의 만족도(강의 준비 및 스킬 등)는?,불만족,0,0.0,35
2025년 윤리적 해커 양성(6기)_상반기,27,instructor,침해사고 분석 및 대응(강사: 한승원 수석) 과목의 강의 만족도(강의 준비 및 스킬 등)는?,보통,1,2.0,35
2025년 윤리적 해커 양성(6기)_상반기,27,instructor,침해사고 분석 및 대응(강사: 한승원 수석) 과목의 강의 만족도(강의 준비 및 스킬 등)는?,만족,10,28.0,35
2025년 윤리적 해커 양성(6기)_상반기,27,instructor,침해사고 분석 및 대응(강사: 한승원 수석) 과목의 강의 만족도(강의 준비 및 스킬 등)는?,매우 만족,24,68.0,35
2025년 윤리적 해커 양성(6기)_상반기,28,instructor,침해사고 분석 및 대응(강사: 한승원 수석) 과목의 강의 내용 만족도(강의 컨텐츠 구성 등)는?,매우불만족,0,0.0,35
2025년 윤리적 해커 양성(6기)_상반기,28,instructor,침해사고 분석 및 대응(강사: 한승원 수석) 과목의 강의 내용 만족도(강의 컨텐츠 구성 등)는?,불만족,0,0.0,35
2025년 윤리적 해커 양성(6기)_상반기,28,instructor,침해사고 분석 및 대응(강사: 한승원 수석) 과목의 강의 내용 만족도(강의 컨텐츠 구성 등)는?,보통,1,2.0,35
2025년 윤리적 해커 양성(6기)_상반기,28,instructor,침해사고 분석 및 대응(강사: 한승원 수석) 과목의 강의 내용 만족도(강의 컨텐츠 구성 등)는?,만족,10,28.0,35
2025년 윤리적 해커 양성(6기)_상반기,28,instructor,침해사고 분석 및 대응(강사: 한승원 수석) 과목의 강의 내용 만족도(강의 컨텐츠 구성 등)는?,매우 만족,24,68.0,35
2025년 윤리적 해커 양성(6기)_상반기,29,instructor,안보 특강(강사: 심하윤 선생님) 과목의 강의 만족도(강의 준비 및 스킬 등)는?,매우불만족,0,0.0,35
2025년 윤리적 해커 양성(6기)_상반기,29,instructor,안보 특강(강사: 심하윤 선생님) 과목의 강의 만족도(강의 준비 및 스킬 등)는?,불만족,0,0.0,35
2025년 윤리적 해커 양성(6기)_상반기,29,instructor,안보 특강(강사: 심하윤 선생님) 과목의 강의 만족도(강의 준비 및 스킬 등)는?,보통,5,14.0,35
2025년 윤리적 해커 양성(6기)_상반기,29,instructor,안보 특강(강사: 심하윤 선생님) 과목의 강의 만족도(강의 준비 및 스킬 등)는?,만족,8,22.0,35
2025년 윤리적 해커 양성(6기)_상반기,29,instructor,안보 특강(강사: 심하윤 선생님) 과목의 강의 만족도(강의 준비 및 스킬 등)는?,매우 만족,22,62.0,35
2025년 윤리적 해커 양성(6기)_상반기,30,instructor,안보 특강(강사: 심하윤 선생님) 과목의 강의 내용 만족도(강의 컨텐츠 구성 등)는?,매우불만족,0,0.0,35
2025년 윤리적 해커 양성(6기)_상반기,30,instructor,안보 특강(강사: 심하윤 선생님) 과목의 강의 내용 만족도(강의 컨텐츠 구성 등)는?,불만족,1,2.0,35
2025년 윤리적 해커 양성(6기)_상반기,30,instructor,안보 특강(강사: 심하윤 선생님) 과목의 강의 내용 만족도(강의 컨텐츠 구성 등)는?,보통,4,11.0,35
2025년 윤리적 해커 양성(6기)_상반기,30,instructor,안보 특강(강사: 심하윤 선생님) 과목의 강의 내용 만족도(강의 컨텐츠 구성 등)는?,만족,8,22.0,35
2025년 윤리적 해커 양성(6기)_상반기,30,instructor,안보 특강(강사: 심하윤 선생님) 과목의 강의 내용 만족도(강의 컨텐츠 구성 등)는?,매우 만족,22,62.0,35
2025년 윤리적 해커 양성(6기)_상반기,31,instructor,"웹 해킹 보안, 주요 웹 취약점과 공격기법(강사: 이재서 실장) 과목의 강의 만족도(강의 준비 및 스킬 등)는?",매우불만족,0,0.0,35
2025년 윤리적 해커 양성(6기)_상반기,31,instructor,"웹 해킹 보안, 주요 웹 취약점과 공격기법(강사: 이재서 실장) 과목의 강의 만족도(강의 준비 및 스킬 등)는?",불만족,0,0.0,35
2025년 윤리적 해커 양성(6기)_상반기,31,instructor,"웹 해킹 보안, 주요 웹 취약점과 공격기법(강사: 이재서 실장) 과목의 강의 만족도(강의 준비 및 스킬 등)는?",보통,1,2.0,35
2025년 윤리적 해커 양성(6기)_상반기,31,instructor,"웹 해킹 보안, 주요 웹 취약점과 공격기법(강사: 이재서 실장) 과목의 강의 만족도(강의 준비 및 스킬 등)는?",만족,7,20.0,35
2025년 윤리적 해커 양성(6기)_상반기,31,instructor,"웹 해킹 보안, 주요 웹 취약점과 공격기법(강사: 이재서 실장) 과목의 강의 만족도(강의 준비 및 스킬 등)는?",매우 만족,27,77.0,35
2025년 윤리적 해커 양성(6기)_상반기,32,instructor,"웹 해킹 보안, 주요 웹 취약점과 공격기법(강사: 이재서 실장) 과목의 강의 내용 만족도(강의 컨텐츠 구성 등)는?",매우불만족,0,0.0,35
2025년 윤리적 해커 양성(6기)_상반기,32,instructor,"웹 해킹 보안, 주요 웹 취약점과 공격기법(강사: 이재서 실장) 과목의 강의 내용 만족도(강의 컨텐츠 구성 등)는?",불만족,0,0.0,35
2025년 윤리적 해커 양성(6기)_상반기,32,instructor,"웹 해킹 보안, 주요 웹 취약점과 공격기법(강사: 이재서 실장) 과목의 강의 내용 만족도(강의 컨텐츠 구성 등)는?",보통,2,5.0,35
2025년 윤리적 해커 양성(6기)_상반기,32,instructor,"웹 해킹 보안, 주요 웹 취약점과 공격기법(강사: 이재서 실장) 과목의 강의 내용 만족도(강의 컨텐츠 구성 등)는?",만족,7,20.0,35
2025년 윤리적 해커 양성(6기)_상반기,32,instructor,"웹 해킹 보안, 주요 웹 취약점과 공격기법(강사: 이재서 실장) 과목의 강의 내용 만족도(강의 컨텐츠 구성 등)는?",매우 만족,26,74.0,35
2025년 윤리적 해커 양성(6기)_상반기,33,instructor,사이버 실전훈련(강사: 장인숙 책연) 과목의 강의 만족도(강의 준비 및 스킬 등)는?,매우불만족,0,0.0,35
2025년 윤리적 해커 양성(6기)_상반기,33,instructor,사이버 실전훈련(강사: 장인숙 책연) 과목의 강의 만족도(강의 준비 및 스킬 등)는?,불만족,0,0.0,35
2025년 윤리적 해커 양성(6기)_상반기,33,instructor,사이버 실전훈련(강사: 장인숙 책연) 과목의 강의 만족도(강의 준비 및 스킬 등)는?,보통,3,8.0,35
2025년 윤리적 해커 양성(6기)_상반기,33,instructor,사이버 실전훈련(강사: 장인숙 책연) 과목의 강의 만족도(강의 준비 및 스킬 등)는?,만족,9,25.0,35
2025년 윤리적 해커 양성(6기)_상반기,33,instructor,사이버 실전훈련(강사: 장인숙 책연) 과목의 강의 만족도(강의 준비 및 스킬 등)는?,매우 만족,23,65.0,35
2025년 윤리적 해커 양성(6기)_상반기,34,instructor,사이버 실전훈련(강사: 장인숙 책연) 과목의 강의 내용 만족도(강의 컨텐츠 구성 등)는?,매우불만족,0,0.0,35
2025년 윤리적 해커 양성(6기)_상반기,34,instructor,사이버 실전훈련(강사: 장인숙 책연) 과목의 강의 내용 만족도(강의 컨텐츠 구성 등)는?,불만족,0,0.0,35
2025년 윤리적 해커 양성(6기)_상반기,34,instructor,사이버 실전훈련(강사: 장인숙 책연) 과목의 강의 내용 만족도(강의 컨텐츠 구성 등)는?,보통,2,5.0,35
2025년 윤리적 해커 양성(6기)_상반기,34,instructor,사이버 실전훈련(강사: 장인숙 책연) 과목의 강의 내용 만족도(강의 컨텐츠 구성 등)는?,만족,7,20.0,35
2025년 윤리적 해커 양성(6기)_상반기,34,instructor,사이버 실전훈련(강사: 장인숙 책연) 과목의 강의 내용 만족도(강의 컨텐츠 구성 등)는?,매우 만족,26,74.0,35
2025년 윤리적 해커 양성(6기)_하반기,1,other,귀하께서는 어떤 목적으로 이번 사이버안보훈련센터의 교육과정을 수강하셨습니까?,보안 인식 제고,0,0.0,31
2025년 윤리적 해커 양성(6기)_하반기,1,other,귀하께서는 어떤 목적으로 이번 사이버안보훈련센터의 교육과정을 수강하셨습니까?,보안기술 능력 향상,23,74.0,31
2025년 윤리적 해커 양성(6기)_하반기,1,other,귀하께서는 어떤 목적으로 이번 사이버안보훈련센터의 교육과정을 수강하셨습니까?,학습에의 활용,3,9.0,31
2025년 윤리적 해커 양성(6기)_하반기,1,other,귀하께서는 어떤 목적으로 이번 사이버안보훈련센터의 교육과정을 수강하셨습니까?,교육 의무 시간 이수,1,3.0,31
2025년 윤리적 해커 양성(6기)_하반기,1,other,귀하께서는 어떤 목적으로 이번 사이버안보훈련센터의 교육과정을 수강하셨습니까?,교수 / 동료의 추천,4,12.0,31
2025년 윤리적 해커 양성(6기)_하반기,1,other,귀하께서는 어떤 목적으로 이번 사이버안보훈련센터의 교육과정을 수강하셨습니까?,기타,0,0.0,31
2025년 윤리적 해커 양성(6기)_하반기,2,difficulty,이번 교육의 난이도는 어떠하였습니까?,쉽다,0,0.0,31
2025년 윤리적 해커 양성(6기)_하반기,2,difficulty,이번 교육의 난이도는 어떠하였습니까?,적당하다,26,83.0,31
2025년 윤리적 해커 양성(6기)_하반기,2,difficulty,이번 교육의 난이도는 어떠하였습니까?,어렵다,5,16.0,31
2025년 윤리적 해커 양성(6기)_하반기,4,satisfaction,이번 교육의 만족도는 어떠하였습니까?,높음,24,77.0,31
2025년 윤리적 해커 양성(6기)_하반기,4,satisfaction,이번 교육의 만족도는 어떠하였습니까?,보통이다,7,22.0,31
2025년 윤리적 해커 양성(6기)_하반기,4,satisfaction,이번 교육의 만족도는 어떠하였습니까?,낮음,0,0.0,31
2025년 윤리적 해커 양성(6기)_하반기,6,utility,이번 교육의 업무 활용도는 어떠하십니까?,높음,22,70.0,31
2025년 윤리적 해커 양성(6기)_하반기,6,utility,이번 교육의 업무 활용도는 어떠하십니까?,보통이다,9,29.0,31
2025년 윤리적 해커 양성(6기)_하반기,6,utility,이번 교육의 업무 활용도는 어떠하십니까?,낮음,0,0.0,31
2025년 윤리적 해커 양성(6기)_하반기,8,diff_inst,다른 기관과의 교육 차별성은 어떠하십니까?,차별성 있다,26,83.0,31
2025년 윤리적 해커 양성(6기)_하반기,8,diff_inst,다른 기관과의 교육 차별성은 어떠하십니까?,보통이다,5,16.0,31
2025년 윤리적 해커 양성(6기)_하반기,8,diff_inst,다른 기관과의 교육 차별성은 어떠하십니까?,차별성없다,0,0.0,31
2025년 윤리적 해커 양성(6기)_하반기,10,duration,교육 시간은 적절하다고 생각하십니까?,적절하다,19,61.0,31
2025년 윤리적 해커 양성(6기)_하반기,10,duration,교육 시간은 적절하다고 생각하십니까?,보통이다,9,29.0,31
2025년 윤리적 해커 양성(6기)_하반기,10,duration,교육 시간은 적절하다고 생각하십니까?,적절하지 않다,3,9.0,31
2025년 윤리적 해커 양성(6기)_하반기,12,other,본 교육의 가장 적당한 교육기간은 며칠이라고 생각하십니까?,3일,5,16.0,31
2025년 윤리적 해커 양성(6기)_하반기,12,other,본 교육의 가장 적당한 교육기간은 며칠이라고 생각하십니까?,4일,16,51.0,31
2025년 윤리적 해커 양성(6기)_하반기,12,other,본 교육의 가장 적당한 교육기간은 며칠이라고 생각하십니까?,5일 초과,10,32.0,31
2025년 윤리적 해커 양성(6기)_하반기,13,needs,"국가공공 기관 및 정보통신기반시설의 정보화, 정보보호 담당자에게 꼭 필요한 사이버안보 교육에는 어떤 것이 있을까요?",포렌식 분야 교육/훈련,1,3.0,31
2025년 윤리적 해커 양성(6기)_하반기,13,needs,"국가공공 기관 및 정보통신기반시설의 정보화, 정보보호 담당자에게 꼭 필요한 사이버안보 교육에는 어떤 것이 있을까요?",악성코드 분석 교육/훈련,4,12.0,31
2025년 윤리적 해커 양성(6기)_하반기,13,needs,"국가공공 기관 및 정보통신기반시설의 정보화, 정보보호 담당자에게 꼭 필요한 사이버안보 교육에는 어떤 것이 있을까요?",모바일 분야 교육/훈련,0,0.0,31
2025년 윤리적 해커 양성(6기)_하반기,13,needs,"국가공공 기관 및 정보통신기반시설의 정보화, 정보보호 담당자에게 꼭 필요한 사이버안보 교육에는 어떤 것이 있을까요?",무선랜 해킹 관련 교육/훈련,5,16.0,31
2025년 윤리적 해커 양성(6기)_하반기,13,needs,"국가공공 기관 및 정보통신기반시설의 정보화, 정보보호 담당자에게 꼭 필요한 사이버안보 교육에는 어떤 것이 있을까요?",서버 취약점 공격 대응 교육/훈련,9,29.0,31
2025년 윤리적 해커 양성(6기)_하반기,13,needs,"국가공공 기관 및 정보통신기반시설의 정보화, 정보보호 담당자에게 꼭 필요한 사이버안보 교육에는 어떤 것이 있을까요?",시스템 보안강화(System Hardening) 교육/훈련,5,16.0,31
2025년 윤리적 해커 양성(6기)_하반기,13,needs,"국가공공 기관 및 정보통신기반시설의 정보화, 정보보호 담당자에게 꼭 필요한 사이버안보 교육에는 어떤 것이 있을까요?",정보유출 사건에 대한 교육/훈련,4,12.0,31
2025년 윤리적 해커 양성(6기)_하반기,13,needs,"국가공공 기관 및 정보통신기반시설의 정보화, 정보보호 담당자에게 꼭 필요한 사이버안보 교육에는 어떤 것이 있을까요?",정보보호 시스템 관리 교육/훈련,3,9.0,31
2025년 윤리적 해커 양성(6기)_하반기,17,instructor,악성코드 개요 및 최신 동향(강사: 김미희 팀장) 과목의 강의 만족도(강의 준비 및 스킬 등)는?,매우 만족,24,77.0,31
2025년 윤리적 해커 양성(6기)_하반기,17,instructor,악성코드 개요 및 최신 동향(강사: 김미희 팀장) 과목의 강의 만족도(강의 준비 및 스킬 등)는?,만족,5,16.0,31
2025년 윤리적 해커 양성(6기)_하반기,17,instructor,악성코드 개요 및 최신 동향(강사: 김미희 팀장) 과목의 강의 만족도(강의 준비 및 스킬 등)는?,보통,1,3.0,31
2025년 윤리적 해커 양성(6기)_하반기,17,instructor,악성코드 개요 및 최신 동향(강사: 김미희 팀장) 과목의 강의 만족도(강의 준비 및 스킬 등)는?,불만족,1,3.0,31
2025년 윤리적 해커 양성(6기)_하반기,17,instructor,악성코드 개요 및 최신 동향(강사: 김미희 팀장) 과목의 강의 만족도(강의 준비 및 스킬 등)는?,매우 불만족,0,0.0,31
2025년 윤리적 해커 양성(6기)_하반기,18,instructor,악성코드 개요 및 최신 동향(강사: 김미희 팀장) 과목의 강의 내용 만족도(강의 컨텐츠 구성 등)는?,매우 만족,25,80.0,31
2025년 윤리적 해커 양성(6기)_하반기,18,instructor,악성코드 개요 및 최신 동향(강사: 김미희 팀장) 과목의 강의 내용 만족도(강의 컨텐츠 구성 등)는?,만족,5,16.0,31
2025년 윤리적 해커 양성(6기)_하반기,18,instructor,악성코드 개요 및 최신 동향(강사: 김미희 팀장) 과목의 강의 내용 만족도(강의 컨텐츠 구성 등)는?,보통,1,3.0,31
2025년 윤리적 해커 양성(6기)_하반기,18,instructor,악성코드 개요 및 최신 동향(강사: 김미희 팀장) 과목의 강의 내용 만족도(강의 컨텐츠 구성 등)는?,불만족,0,0.0,31
2025년 윤리적 해커 양성(6기)_하반기,18,instructor,악성코드 개요 및 최신 동향(강사: 김미희 팀장) 과목의 강의 내용 만족도(강의 컨텐츠 구성 등)는?,매우 불만족,0,0.0,31
2025년 윤리적 해커 양성(6기)_하반기,19,instructor,웹 보안(강사: 박찬근 주임) 과목의 강의 만족도(강의 준비 및 스킬 등)는?,매우 만족,23,74.0,31
2025년 윤리적 해커 양성(6기)_하반기,19,instructor,웹 보안(강사: 박찬근 주임) 과목의 강의 만족도(강의 준비 및 스킬 등)는?,만족,6,19.0,31
2025년 윤리적 해커 양성(6기)_하반기,19,instructor,웹 보안(강사: 박찬근 주임) 과목의 강의 만족도(강의 준비 및 스킬 등)는?,보통,2,6.0,31
2025년 윤리적 해커 양성(6기)_하반기,19,instructor,웹 보안(강사: 박찬근 주임) 과목의 강의 만족도(강의 준비 및 스킬 등)는?,불만족,0,0.0,31
2025년 윤리적 해커 양성(6기)_하반기,19,instructor,웹 보안(강사: 박찬근 주임) 과목의 강의 만족도(강의 준비 및 스킬 등)는?,매우 불만족,0,0.0,31
2025년 윤리적 해커 양성(6기)_하반기,20,instructor,웹 보안(강사: 박찬근 주임) 과목의 강의 내용 만족도(강의 컨텐츠 구성 등)는?,매우 만족,22,70.0,31
2025년 윤리적 해커 양성(6기)_하반기,20,instructor,웹 보안(강사: 박찬근 주임) 과목의 강의 내용 만족도(강의 컨텐츠 구성 등)는?,만족,7,22.0,31
2025년 윤리적 해커 양성(6기)_하반기,20,instructor,웹 보안(강사: 박찬근 주임) 과목의 강의 내용 만족도(강의 컨텐츠 구성 등)는?,보통,2,6.0,31
2025년 윤리적 해커 양성(6기)_하반기,20,instructor,웹 보안(강사: 박찬근 주임) 과목의 강의 내용 만족도(강의 컨텐츠 구성 등)는?,불만족,0,0.0,31
2025년 윤리적 해커 양성(6기)_하반기,20,instructor,웹 보안(강사: 박찬근 주임) 과목의 강의 내용 만족도(강의 컨텐츠 구성 등)는?,매우 불만족,0,0.0,31
2025년 윤리적 해커 양성(6기)_하반기,21,instructor,시스템 보안(강사: 임영욱 팀장) 과목의 강의 만족도(강의 준비 및 스킬 등)는?,매우 만족,24,77.0,31
2025년 윤리적 해커 양성(6기)_하반기,21,instructor,시스템 보안(강사: 임영욱 팀장) 과목의 강의 만족도(강의 준비 및 스킬 등)는?,만족,6,19.0,31
2025년 윤리적 해커 양성(6기)_하반기,21,instructor,시스템 보안(강사: 임영욱 팀장) 과목의 강의 만족도(강의 준비 및 스킬 등)는?,보통,1,3.0,31
2025년 윤리적 해커 양성(6기)_하반기,21,instructor,시스템 보안(강사: 임영욱 팀장) 과목의 강의 만족도(강의 준비 및 스킬 등)는?,불만족,0,0.0,31
2025년 윤리적 해커 양성(6기)_하반기,21,instructor,시스템 보안(강사: 임영욱 팀장) 과목의 강의 만족도(강의 준비 및 스킬 등)는?,매우 불만족,0,0.0,31
2025년 윤리적 해커 양성(6기)_하반기,22,instructor,시스템 보안(강사: 임영욱 팀장) 과목의 강의 내용 만족도(강의 컨텐츠 구성 등)는?,매우 만족,23,74.0,31
2025년 윤리적 해커 양성(6기)_하반기,22,instructor,시스템 보안(강사: 임영욱 팀장) 과목의 강의 내용 만족도(강의 컨텐츠 구성 등)는?,만족,7,22.0,31
2025년 윤리적 해커 양성(6기)_하반기,22,instructor,시스템 보안(강사: 임영욱 팀장) 과목의 강의 내용 만족도(강의 컨텐츠 구성 등)는?,보통,1,3.0,31
2025년 윤리적 해커 양성(6기)_하반기,22,instructor,시스템 보안(강사: 임영욱 팀장) 과목의 강의 내용 만족도(강의 컨텐츠 구성 등)는?,불만족,0,0.0,31
2025년 윤리적 해커 양성(6기)_하반기,22,instructor,시스템 보안(강사: 임영욱 팀장) 과목의 강의 내용 만족도(강의 컨텐츠 구성 등)는?,매우 불만족,0,0.0,31
2025년 윤리적 해커 양성(6기)_하반기,23,instructor,네트워크 취약점 분석 및 실습_Ⅰ(강사: 진철규 팀장) 과목의 강의 만족도(강의 준비 및 스킬 등)는?,매우 만족,22,70.0,31
2025년 윤리적 해커 양성(6기)_하반기,23,instructor,네트워크 취약점 분석 및 실습_Ⅰ(강사: 진철규 팀장) 과목의 강의 만족도(강의 준비 및 스킬 등)는?,만족,7,22.0,31
2025년 윤리적 해커 양성(6기)_하반기,23,instructor,네트워크 취약점 분석 및 실습_Ⅰ(강사: 진철규 팀장) 과목의 강의 만족도(강의 준비 및 스킬 등)는?,보통,1,3.0,31
2025년 윤리적 해커 양성(6기)_하반기,23,instructor,네트워크 취약점 분석 및 실습_Ⅰ(강사: 진철규 팀장) 과목의 강의 만족도(강의 준비 및 스킬 등)는?,불만족,1,3.0,31
2025년 윤리적 해커 양성(6기)_하반기,23,instructor,네트워크 취약점 분석 및 실습_Ⅰ(강사: 진철규 팀장) 과목의 강의 만족도(강의 준비 및 스킬 등)는?,매우 불만족,0,0.0,31
2025년 윤리적 해커 양성(6기)_하반기,24,instructor,네트워크 취약점 분석 및 실습_Ⅰ(강사: 진철규 팀장) 과목의 강의 내용 만족도(강의 컨텐츠 구성 등)는?,매우 만족,23,74.0,31
2025년 윤리적 해커 양성(6기)_하반기,24,instructor,네트워크 취약점 분석 및 실습_Ⅰ(강사: 진철규 팀장) 과목의 강의 내용 만족도(강의 컨텐츠 구성 등)는?,만족,6,19.0,31
2025년 윤리적 해커 양성(6기)_하반기,24,instructor,네트워크 취약점 분석 및 실습_Ⅰ(강사: 진철규 팀장) 과목의 강의 내용 만족도(강의 컨텐츠 구성 등)는?,보통,2,6.0,31
2025년 윤리적 해커 양성(6기)_하반기,24,instructor,네트워크 취약점 분석 및 실습_Ⅰ(강사: 진철규 팀장) 과목의 강의 내용 만족도(강의 컨텐츠 구성 등)는?,불만족,0,0.0,31
2025년 윤리적 해커 양성(6기)_하반기,24,instructor,네트워크 취약점 분석 및 실습_Ⅰ(강사: 진철규 팀장) 과목의 강의 내용 만족도(강의 컨텐츠 구성 등)는?,매우 불만족,0,0.0,31
2025년 윤리적 해커 양성(6기)_하반기,25,instructor,네트워크 취약점 분석 및 실습_Ⅱ(CTF 실습)(강사: 송명준 선임) 과목의 강의 만족도(강의 준비 및 스킬 등)는?,매우 만족,22,70.0,31
2025년 윤리적 해커 양성(6기)_하반기,25,instructor,네트워크 취약점 분석 및 실습_Ⅱ(CTF 실습)(강사: 송명준 선임) 과목의 강의 만족도(강의 준비 및 스킬 등)는?,만족,6,19.0,31
2025년 윤리적 해커 양성(6기)_하반기,25,instructor,네트워크 취약점 분석 및 실습_Ⅱ(CTF 실습)(강사: 송명준 선임) 과목의 강의 만족도(강의 준비 및 스킬 등)는?,보통,2,6.0,31
2025년 윤리적 해커 양성(6기)_하반기,25,instructor,네트워크 취약점 분석 및 실습_Ⅱ(CTF 실습)(강사: 송명준 선임) 과목의 강의 만족도(강의 준비 및 스킬 등)는?,불만족,1,3.0,31
2025년 윤리적 해커 양성(6기)_하반기,25,instructor,네트워크 취약점 분석 및 실습_Ⅱ(CTF 실습)(강사: 송명준 선임) 과목의 강의 만족도(강의 준비 및 스킬 등)는?,매우 불만족,0,0.0,31
2025년 윤리적 해커 양성(6기)_하반기,26,instructor,네트워크 취약점 분석 및 실습_Ⅱ(CTF 실습)(강사: 송명준 선임) 과목의 강의 내용 만족도(강의 컨텐츠 구성 등)는?,매우 만족,23,74.0,31
2025년 윤리적 해커 양성(6기)_하반기,26,instructor,네트워크 취약점 분석 및 실습_Ⅱ(CTF 실습)(강사: 송명준 선임) 과목의 강의 내용 만족도(강의 컨텐츠 구성 등)는?,만족,7,22.0,31
2025년 윤리적 해커 양성(6기)_하반기,26,instructor,네트워크 취약점 분석 및 실습_Ⅱ(CTF 실습)(강사: 송명준 선임) 과목의 강의 내용 만족도(강의 컨텐츠 구성 등)는?,보통,1,3.0,31
2025년 윤리적 해커 양성(6기)_하반기,26,instructor,네트워크 취약점 분석 및 실습_Ⅱ(CTF 실습)(강사: 송명준 선임) 과목의 강의 내용 만족도(강의 컨텐츠 구성 등)는?,불만족,0,0.0,31
2025년 윤리적 해커 양성(6기)_하반기,26,instructor,네트워크 취약점 분석 및 실습_Ⅱ(CTF 실습)(강사: 송명준 선임) 과목의 강의 내용 만족도(강의 컨텐츠 구성 등)는?,매우 불만족,0,0.0,31
2025년 윤리적 해커 양성(6기)_하반기,27,instructor,AI 보안과 윤리·법·제도·정책 동향(강사: 고정표 변호사) 과목의 강의 만족도(강의 준비 및 스킬 등)는?,매우 만족,24,77.0,31
2025년 윤리적 해커 양성(6기)_하반기,27,instructor,AI 보안과 윤리·법·제도·정책 동향(강사: 고정표 변호사) 과목의 강의 만족도(강의 준비 및 스킬 등)는?, 만족,6,19.0,31
2025년 윤리적 해커 양성(6기)_하반기,27,instructor,AI 보안과 윤리·법·제도·정책 동향(강사: 고정표 변호사) 과목의 강의 만족도(강의 준비 및 스킬 등)는?,보통,1,3.0,31
2025년 윤리적 해커 양성(6기)_하반기,27,instructor,AI 보안과 윤리·법·제도·정책 동향(강사: 고정표 변호사) 과목의 강의 만족도(강의 준비 및 스킬 등)는?,불만족,0,0.0,31
2025년 윤리적 해커 양성(6기)_하반기,27,instructor,AI 보안과 윤리·법·제도·정책 동향(강사: 고정표 변호사) 과목의 강의 만족도(강의 준비 및 스킬 등)는?,매우 불만족,0,0.0,31
2025년 윤리적 해커 양성(6기)_하반기,28,instructor,AI 보안과 윤리·법·제도·정책 동향(강사: 고정표 변호사) 과목의 강의 내용 만족도(강의 컨텐츠 구성 등)는?,매우 만족,23,74.0,31
2025년 윤리적 해커 양성(6기)_하반기,28,instructor,AI 보안과 윤리·법·제도·정책 동향(강사: 고정표 변호사) 과목의 강의 내용 만족도(강의 컨텐츠 구성 등)는?,만족,7,22.0,31
2025년 윤리적 해커 양성(6기)_하반기,28,instructor,AI 보안과 윤리·법·제도·정책 동향(강사: 고정표 변호사) 과목의 강의 내용 만족도(강의 컨텐츠 구성 등)는?,보통,1,3.0,31
2025년 윤리적 해커 양성(6기)_하반기,28,instructor,AI 보안과 윤리·법·제도·정책 동향(강사: 고정표 변호사) 과목의 강의 내용 만족도(강의 컨텐츠 구성 등)는?,불만족,0,0.0,31
2025년 윤리적 해커 양성(6기)_하반기,28,instructor,AI 보안과 윤리·법·제도·정책 동향(강사: 고정표 변호사) 과목의 강의 내용 만족도(강의 컨텐츠 구성 등)는?,매우 불만족,0,0.0,31
2025년 윤리적 해커 양성(6기)_하반기,29,instructor,침해사고 분석 및 실습_Ⅰ(강사: 정솔민 주임) 과목의 강의 만족도(강의 준비 및 스킬 등)는?,매우 만족,24,77.0,31
2025년 윤리적 해커 양성(6기)_하반기,29,instructor,침해사고 분석 및 실습_Ⅰ(강사: 정솔민 주임) 과목의 강의 만족도(강의 준비 및 스킬 등)는?,만족,7,22.0,31
2025년 윤리적 해커 양성(6기)_하반기,29,instructor,침해사고 분석 및 실습_Ⅰ(강사: 정솔민 주임) 과목의 강의 만족도(강의 준비 및 스킬 등)는?,보통,0,0.0,31
2025년 윤리적 해커 양성(6기)_하반기,29,instructor,침해사고 분석 및 실습_Ⅰ(강사: 정솔민 주임) 과목의 강의 만족도(강의 준비 및 스킬 등)는?,불만족,0,0.0,31
2025년 윤리적 해커 양성(6기)_하반기,29,instructor,침해사고 분석 및 실습_Ⅰ(강사: 정솔민 주임) 과목의 강의 만족도(강의 준비 및 스킬 등)는?,매우 불만족,0,0.0,31
2025년 윤리적 해커 양성(6기)_하반기,30,instructor,침해사고 분석 및 실습_Ⅰ(강사: 정솔민 주임) 과목의 강의 내용 만족도(강의 컨텐츠 구성 등)는?,매우 만족,24,77.0,31
2025년 윤리적 해커 양성(6기)_하반기,30,instructor,침해사고 분석 및 실습_Ⅰ(강사: 정솔민 주임) 과목의 강의 내용 만족도(강의 컨텐츠 구성 등)는?,만족,7,22.0,31
2025년 윤리적 해커 양성(6기)_하반기,30,instructor,침해사고 분석 및 실습_Ⅰ(강사: 정솔민 주임) 과목의 강의 내용 만족도(강의 컨텐츠 구성 등)는?,보통,0,0.0,31
2025년 윤리적 해커 양성(6기)_하반기,30,instructor,침해사고 분석 및 실습_Ⅰ(강사: 정솔민 주임) 과목의 강의 내용 만족도(강의 컨텐츠 구성 등)는?,불만족,0,0.0,31
2025년 윤리적 해커 양성(6기)_하반기,30,instructor,침해사고 분석 및 실습_Ⅰ(강사: 정솔민 주임) 과목의 강의 내용 만족도(강의 컨텐츠 구성 등)는?,매우 불만족,0,0.0,31
2025년 윤리적 해커 양성(6기)_하반기,31,instructor,침해사고 분석 및 실습_Ⅱ(강사: 한승원 수석) 과목의 강의 만족도(강의 준비 및 스킬 등)는?,매우 만족,24,77.0,31
2025년 윤리적 해커 양성(6기)_하반기,31,instructor,침해사고 분석 및 실습_Ⅱ(강사: 한승원 수석) 과목의 강의 만족도(강의 준비 및 스킬 등)는?,만족,7,22.0,31
2025년 윤리적 해커 양성(6기)_하반기,31,instructor,침해사고 분석 및 실습_Ⅱ(강사: 한승원 수석) 과목의 강의 만족도(강의 준비 및 스킬 등)는?,보통,0,0.0,31
2025년 윤리적 해커 양성(6기)_하반기,31,instructor,침해사고 분석 및 실습_Ⅱ(강사: 한승원 수석) 과목의 강의 만족도(강의 준비 및 스킬 등)는?,불만족,0,0.0,31
2025년 윤리적 해커 양성(6기)_하반기,31,instructor,침해사고 분석 및 실습_Ⅱ(강사: 한승원 수석) 과목의 강의 만족도(강의 준비 및 스킬 등)는?,매우 불만족,0,0.0,31
2025년 윤리적 해커 양성(6기)_하반기,32,instructor,침해사고 분석 및 실습_Ⅱ(강사: 한승원 수석) 과목의 강의 내용 만족도(강의 컨텐츠 구성 등)는?,매우 만족,24,77.0,31
2025년 윤리적 해커 양성(6기)_하반기,32,instructor,침해사고 분석 및 실습_Ⅱ(강사: 한승원 수석) 과목의 강의 내용 만족도(강의 컨텐츠 구성 등)는?,만족,7,22.0,31
2025년 윤리적 해커 양성(6기)_하반기,32,instructor,침해사고 분석 및 실습_Ⅱ(강사: 한승원 수석) 과목의 강의 내용 만족도(강의 컨텐츠 구성 등)는?,보통,0,0.0,31
2025년 윤리적 해커 양성(6기)_하반기,32,instructor,침해사고 분석 및 실습_Ⅱ(강사: 한승원 수석) 과목의 강의 내용 만족도(강의 컨텐츠 구성 등)는?,불만족,0,0.0,31
2025년 윤리적 해커 양성(6기)_하반기,32,instructor,침해사고 분석 및 실습_Ⅱ(강사: 한승원 수석) 과목의 강의 내용 만족도(강의 컨텐츠 구성 등)는?,매우 불만족,0,0.0,31
2025년 정보보안업무 이해(1차),1,other,귀하께서는 어떤 목적으로 이번 사이버안보훈련센터의 교육과정을 수강하셨습니까?,보안 인식 제고,7,28.0,25
2025년 정보보안업무 이해(1차),1,other,귀하께서는 어떤 목적으로 이번 사이버안보훈련센터의 교육과정을 수강하셨습니까?,보안기술 능력 향상,3,12.0,25
2025년 정보보안업무 이해(1차),1,other,귀하께서는 어떤 목적으로 이번 사이버안보훈련센터의 교육과정을 수강하셨습니까?,업무에의 활용,12,48.0,25
2025년 정보보안업무 이해(1차),1,other,귀하께서는 어떤 목적으로 이번 사이버안보훈련센터의 교육과정을 수강하셨습니까?,교육 의무 시간 이수,2,8.0,25
2025년 정보보안업무 이해(1차),1,other,귀하께서는 어떤 목적으로 이번 사이버안보훈련센터의 교육과정을 수강하셨습니까?,상급자 / 동료의 추천,1,4.0,25
2025년 정보보안업무 이해(1차),1,other,귀하께서는 어떤 목적으로 이번 사이버안보훈련센터의 교육과정을 수강하셨습니까?,기타,0,0.0,25
2025년 정보보안업무 이해(1차),2,difficulty,이번 교육의 난이도는 어떠하였습니까?,쉽다,1,4.0,25
2025년 정보보안업무 이해(1차),2,difficulty,이번 교육의 난이도는 어떠하였습니까?,적당하다,23,92.0,25
2025년 정보보안업무 이해(1차),2,difficulty,이번 교육의 난이도는 어떠하였습니까?,어렵다,1,4.0,25
2025년 정보보안업무 이해(1차),4,satisfaction,이번 교육의 만족도는 어떠하였습니까?,높음,15,60.0,25
2025년 정보보안업무 이해(1차),4,satisfaction,이번 교육의 만족도는 어떠하였습니까?,보통이다,9,36.0,25
2025년 정보보안업무 이해(1차),4,satisfaction,이번 교육의 만족도는 어떠하였습니까?,낮음,1,4.0,25
2025년 정보보안업무 이해(1차),6,utility,이번 교육의 업무 활용도는 어떠하십니까?,높음,12,48.0,25
2025년 정보보안업무 이해(1차),6,utility,이번 교육의 업무 활용도는 어떠하십니까?,보통이다,12,48.0,25
2025년 정보보안업무 이해(1차),6,utility,이번 교육의 업무 활용도는 어떠하십니까?,낮음,1,4.0,25
2025년 정보보안업무 이해(1차),8,diff_inst,다른 기관과의 교육 차별성은 어떠하십니까?,차별성 있다,20,80.0,25
2025년 정보보안업무 이해(1차),8,diff_inst,다른 기관과의 교육 차별성은 어떠하십니까?,보통이다,5,20.0,25
2025년 정보보안업무 이해(1차),8,diff_inst,다른 기관과의 교육 차별성은 어떠하십니까?,차별성없다,0,0.0,25
2025년 정보보안업무 이해(1차),10,duration,교육 시간은 적절하다고 생각하십니까?,적절하다,14,56.0,25
2025년 정보보안업무 이해(1차),10,duration,교육 시간은 적절하다고 생각하십니까?,보통이다,10,40.0,25
2025년 정보보안업무 이해(1차),10,duration,교육 시간은 적절하다고 생각하십니까?,적절하다,1,4.0,25
2025년 정보보안업무 이해(1차),12,other,본 교육의 가장 적당한 교육기간은 며칠이라고 생각하십니까?,3일,7,28.0,25
2025년 정보보안업무 이해(1차),12,other,본 교육의 가장 적당한 교육기간은 며칠이라고 생각하십니까?,4일,15,60.0,25
2025년 정보보안업무 이해(1차),12,other,본 교육의 가장 적당한 교육기간은 며칠이라고 생각하십니까?,4일 초과,3,12.0,25
2025년 정보보안업무 이해(1차),13,needs,"국가공공 기관 및 정보통신기반시설의 정보화, 정보보호 담당자에게 꼭 필요한 사이버안보 교육에는 어떤 것이 있을까요?",포렌식 분야 교육/훈련,1,4.0,25
2025년 정보보안업무 이해(1차),13,needs,"국가공공 기관 및 정보통신기반시설의 정보화, 정보보호 담당자에게 꼭 필요한 사이버안보 교육에는 어떤 것이 있을까요?",악성코드 분석 교육/훈련,4,16.0,25
2025년 정보보안업무 이해(1차),13,needs,"국가공공 기관 및 정보통신기반시설의 정보화, 정보보호 담당자에게 꼭 필요한 사이버안보 교육에는 어떤 것이 있을까요?",모바일 분야 교육/훈련,0,0.0,25
2025년 정보보안업무 이해(1차),13,needs,"국가공공 기관 및 정보통신기반시설의 정보화, 정보보호 담당자에게 꼭 필요한 사이버안보 교육에는 어떤 것이 있을까요?",무선랜 해킹 관련 교육/훈련,0,0.0,25
2025년 정보보안업무 이해(1차),13,needs,"국가공공 기관 및 정보통신기반시설의 정보화, 정보보호 담당자에게 꼭 필요한 사이버안보 교육에는 어떤 것이 있을까요?",서버 취약점 공격 대응 교육/훈련,6,24.0,25
2025년 정보보안업무 이해(1차),13,needs,"국가공공 기관 및 정보통신기반시설의 정보화, 정보보호 담당자에게 꼭 필요한 사이버안보 교육에는 어떤 것이 있을까요?",시스템 보안강화(System Hardening) 교육/훈련,1,4.0,25
2025년 정보보안업무 이해(1차),13,needs,"국가공공 기관 및 정보통신기반시설의 정보화, 정보보호 담당자에게 꼭 필요한 사이버안보 교육에는 어떤 것이 있을까요?",정보유출 사건에 대한 교육/훈련,3,12.0,25
2025년 정보보안업무 이해(1차),13,needs,"국가공공 기관 및 정보통신기반시설의 정보화, 정보보호 담당자에게 꼭 필요한 사이버안보 교육에는 어떤 것이 있을까요?",정보보호 시스템 관리 교육/훈련,10,40.0,25
2025년 정보보안업무 이해(1차),17,instructor,우주 사이버안보 이슈 및 대응(강사: 오일석 박사) 과목의 강의 만족도(강의 준비 및 스킬 등)는?,매우 만족,14,56.0,25
2025년 정보보안업무 이해(1차),17,instructor,우주 사이버안보 이슈 및 대응(강사: 오일석 박사) 과목의 강의 만족도(강의 준비 및 스킬 등)는?,만족,6,24.0,25
2025년 정보보안업무 이해(1차),17,instructor,우주 사이버안보 이슈 및 대응(강사: 오일석 박사) 과목의 강의 만족도(강의 준비 및 스킬 등)는?,보통,4,16.0,25
2025년 정보보안업무 이해(1차),17,instructor,우주 사이버안보 이슈 및 대응(강사: 오일석 박사) 과목의 강의 만족도(강의 준비 및 스킬 등)는?,불만족,1,4.0,25
2025년 정보보안업무 이해(1차),17,instructor,우주 사이버안보 이슈 및 대응(강사: 오일석 박사) 과목의 강의 만족도(강의 준비 및 스킬 등)는?,매우 불만족,0,0.0,25
2025년 정보보안업무 이해(1차),18,instructor,우주 사이버안보 이슈 및 대응(강사: 오일석 박사) 과목의 강의 내용 만족도(강의 컨텐츠 구성 등)는?,매우 만족,13,52.0,25
2025년 정보보안업무 이해(1차),18,instructor,우주 사이버안보 이슈 및 대응(강사: 오일석 박사) 과목의 강의 내용 만족도(강의 컨텐츠 구성 등)는?,만족,6,24.0,25
2025년 정보보안업무 이해(1차),18,instructor,우주 사이버안보 이슈 및 대응(강사: 오일석 박사) 과목의 강의 내용 만족도(강의 컨텐츠 구성 등)는?,보통,5,20.0,25
2025년 정보보안업무 이해(1차),18,instructor,우주 사이버안보 이슈 및 대응(강사: 오일석 박사) 과목의 강의 내용 만족도(강의 컨텐츠 구성 등)는?,불만족,1,4.0,25
2025년 정보보안업무 이해(1차),18,instructor,우주 사이버안보 이슈 및 대응(강사: 오일석 박사) 과목의 강의 내용 만족도(강의 컨텐츠 구성 등)는?,매우 불만족,0,0.0,25
2025년 정보보안업무 이해(1차),19,instructor,랜섬웨어 보안 위협 및 대응(강사: 최석우 실장) 과목의 강의 만족도(강의 준비 및 스킬 등)는?,매우 만족,16,64.0,25
2025년 정보보안업무 이해(1차),19,instructor,랜섬웨어 보안 위협 및 대응(강사: 최석우 실장) 과목의 강의 만족도(강의 준비 및 스킬 등)는?,만족,5,20.0,25
2025년 정보보안업무 이해(1차),19,instructor,랜섬웨어 보안 위협 및 대응(강사: 최석우 실장) 과목의 강의 만족도(강의 준비 및 스킬 등)는?,보통,4,16.0,25
2025년 정보보안업무 이해(1차),19,instructor,랜섬웨어 보안 위협 및 대응(강사: 최석우 실장) 과목의 강의 만족도(강의 준비 및 스킬 등)는?,불만족,0,0.0,25
2025년 정보보안업무 이해(1차),19,instructor,랜섬웨어 보안 위협 및 대응(강사: 최석우 실장) 과목의 강의 만족도(강의 준비 및 스킬 등)는?,매우 불만족,0,0.0,25
2025년 정보보안업무 이해(1차),20,instructor,랜섬웨어 보안 위협 및 대응(강사: 최석우 실장) 과목의 강의 내용 만족도(강의 컨텐츠 구성 등)는?,매우 만족,16,64.0,25
2025년 정보보안업무 이해(1차),20,instructor,랜섬웨어 보안 위협 및 대응(강사: 최석우 실장) 과목의 강의 내용 만족도(강의 컨텐츠 구성 등)는?,만족,5,20.0,25
2025년 정보보안업무 이해(1차),20,instructor,랜섬웨어 보안 위협 및 대응(강사: 최석우 실장) 과목의 강의 내용 만족도(강의 컨텐츠 구성 등)는?,보통,4,16.0,25
2025년 정보보안업무 이해(1차),20,instructor,랜섬웨어 보안 위협 및 대응(강사: 최석우 실장) 과목의 강의 내용 만족도(강의 컨텐츠 구성 등)는?,불만족,0,0.0,25
2025년 정보보안업무 이해(1차),20,instructor,랜섬웨어 보안 위협 및 대응(강사: 최석우 실장) 과목의 강의 내용 만족도(강의 컨텐츠 구성 등)는?,매우 불만족,0,0.0,25
2025년 정보보안업무 이해(1차),21,instructor,서버 보안 실무(강사: 김용배 책연) 과목의 강의 만족도(강의 준비 및 스킬 등)는?,매우 만족,14,56.0,25
2025년 정보보안업무 이해(1차),21,instructor,서버 보안 실무(강사: 김용배 책연) 과목의 강의 만족도(강의 준비 및 스킬 등)는?,만족,8,32.0,25
2025년 정보보안업무 이해(1차),21,instructor,서버 보안 실무(강사: 김용배 책연) 과목의 강의 만족도(강의 준비 및 스킬 등)는?,보통,3,12.0,25
2025년 정보보안업무 이해(1차),21,instructor,서버 보안 실무(강사: 김용배 책연) 과목의 강의 만족도(강의 준비 및 스킬 등)는?,불만족,0,0.0,25
2025년 정보보안업무 이해(1차),21,instructor,서버 보안 실무(강사: 김용배 책연) 과목의 강의 만족도(강의 준비 및 스킬 등)는?,매우 불만족,0,0.0,25
2025년 정보보안업무 이해(1차),22,instructor,서버 보안 실무(강사: 김용배 책연) 과목의 강의 내용 만족도(강의 컨텐츠 구성 등)는?,매우 만족,14,56.0,25
2025년 정보보안업무 이해(1차),22,instructor,서버 보안 실무(강사: 김용배 책연) 과목의 강의 내용 만족도(강의 컨텐츠 구성 등)는?, 만족,7,28.0,25
2025년 정보보안업무 이해(1차),22,instructor,서버 보안 실무(강사: 김용배 책연) 과목의 강의 내용 만족도(강의 컨텐츠 구성 등)는?,보통,4,16.0,25
2025년 정보보안업무 이해(1차),22,instructor,서버 보안 실무(강사: 김용배 책연) 과목의 강의 내용 만족도(강의 컨텐츠 구성 등)는?,불만족,0,0.0,25
2025년 정보보안업무 이해(1차),22,instructor,서버 보안 실무(강사: 김용배 책연) 과목의 강의 내용 만족도(강의 컨텐츠 구성 등)는?,매우 불만족,0,0.0,25
2025년 정보보안업무 이해(1차),23,instructor,제로트러스트 보안(강사: 이석준 교수) 과목의 강의 만족도(강의 준비 및 스킬 등)는?,매우 만족,15,60.0,25
2025년 정보보안업무 이해(1차),23,instructor,제로트러스트 보안(강사: 이석준 교수) 과목의 강의 만족도(강의 준비 및 스킬 등)는?,만족,8,32.0,25
2025년 정보보안업무 이해(1차),23,instructor,제로트러스트 보안(강사: 이석준 교수) 과목의 강의 만족도(강의 준비 및 스킬 등)는?,보통,1,4.0,25
2025년 정보보안업무 이해(1차),23,instructor,제로트러스트 보안(강사: 이석준 교수) 과목의 강의 만족도(강의 준비 및 스킬 등)는?,불만족,0,0.0,25
2025년 정보보안업무 이해(1차),23,instructor,제로트러스트 보안(강사: 이석준 교수) 과목의 강의 만족도(강의 준비 및 스킬 등)는?,매우 불만족,1,4.0,25
2025년 정보보안업무 이해(1차),24,instructor,제로트러스트 보안(강사: 이석준 교수) 과목의 강의 내용 만족도(강의 컨텐츠 구성 등)는?,매우만족 ,15,60.0,25
2025년 정보보안업무 이해(1차),24,instructor,제로트러스트 보안(강사: 이석준 교수) 과목의 강의 내용 만족도(강의 컨텐츠 구성 등)는?,만족,8,32.0,25
2025년 정보보안업무 이해(1차),24,instructor,제로트러스트 보안(강사: 이석준 교수) 과목의 강의 내용 만족도(강의 컨텐츠 구성 등)는?,보통,1,4.0,25
2025년 정보보안업무 이해(1차),24,instructor,제로트러스트 보안(강사: 이석준 교수) 과목의 강의 내용 만족도(강의 컨텐츠 구성 등)는?,불만족,0,0.0,25
2025년 정보보안업무 이해(1차),24,instructor,제로트러스트 보안(강사: 이석준 교수) 과목의 강의 내용 만족도(강의 컨텐츠 구성 등)는?,매우 불만족,1,4.0,25
2025년 정보보안업무 이해(1차),25,instructor,공공부문 민간 클라우드 이용 이슈(강사: 서정훈 이사) 과목의 강의 만족도(강의 준비 및 스킬 등)는?,매우만족 ,15,60.0,25
2025년 정보보안업무 이해(1차),25,instructor,공공부문 민간 클라우드 이용 이슈(강사: 서정훈 이사) 과목의 강의 만족도(강의 준비 및 스킬 등)는?,만족 ,7,28.0,25
2025년 정보보안업무 이해(1차),25,instructor,공공부문 민간 클라우드 이용 이슈(강사: 서정훈 이사) 과목의 강의 만족도(강의 준비 및 스킬 등)는?,보통,2,8.0,25
2025년 정보보안업무 이해(1차),25,instructor,공공부문 민간 클라우드 이용 이슈(강사: 서정훈 이사) 과목의 강의 만족도(강의 준비 및 스킬 등)는?,불만족,0,0.0,25
2025년 정보보안업무 이해(1차),25,instructor,공공부문 민간 클라우드 이용 이슈(강사: 서정훈 이사) 과목의 강의 만족도(강의 준비 및 스킬 등)는?,매우 불만족,1,4.0,25
2025년 정보보안업무 이해(1차),26,instructor,공공부문 민간 클라우드 이용 이슈(강사: 서정훈 이사) 과목의 강의 내용 만족도(강의 컨텐츠 구성 등)는?,매우만족 ,15,60.0,25
2025년 정보보안업무 이해(1차),26,instructor,공공부문 민간 클라우드 이용 이슈(강사: 서정훈 이사) 과목의 강의 내용 만족도(강의 컨텐츠 구성 등)는?,만족 ,7,28.0,25
2025년 정보보안업무 이해(1차),26,instructor,공공부문 민간 클라우드 이용 이슈(강사: 서정훈 이사) 과목의 강의 내용 만족도(강의 컨텐츠 구성 등)는?,보통,2,8.0,25
2025년 정보보안업무 이해(1차),26,instructor,공공부문 민간 클라우드 이용 이슈(강사: 서정훈 이사) 과목의 강의 내용 만족도(강의 컨텐츠 구성 등)는?,불만족,0,0.0,25
2025년 정보보안업무 이해(1차),26,instructor,공공부문 민간 클라우드 이용 이슈(강사: 서정훈 이사) 과목의 강의 내용 만족도(강의 컨텐츠 구성 등)는?,매우 불만족,1,4.0,25
2025년 정보보안업무 이해(1차),27,instructor,ChatGPT 사용과 보안 위협(강사: 김종길 교수) 과목의 강의 만족도(강의 준비 및 스킬 등)는?,매우만족 ,14,56.0,25
2025년 정보보안업무 이해(1차),27,instructor,ChatGPT 사용과 보안 위협(강사: 김종길 교수) 과목의 강의 만족도(강의 준비 및 스킬 등)는?,만족 ,6,24.0,25
2025년 정보보안업무 이해(1차),27,instructor,ChatGPT 사용과 보안 위협(강사: 김종길 교수) 과목의 강의 만족도(강의 준비 및 스킬 등)는?,보통,4,16.0,25
2025년 정보보안업무 이해(1차),27,instructor,ChatGPT 사용과 보안 위협(강사: 김종길 교수) 과목의 강의 만족도(강의 준비 및 스킬 등)는?,불만족,1,4.0,25
2025년 정보보안업무 이해(1차),27,instructor,ChatGPT 사용과 보안 위협(강사: 김종길 교수) 과목의 강의 만족도(강의 준비 및 스킬 등)는?,매우 불만족,0,0.0,25
2025년 정보보안업무 이해(1차),28,instructor,ChatGPT 사용과 보안 위협(강사: 김종길 교수) 과목의 강의 내용 만족도(강의 컨텐츠 구성 등)는?,매우만족 ,14,56.0,25
2025년 정보보안업무 이해(1차),28,instructor,ChatGPT 사용과 보안 위협(강사: 김종길 교수) 과목의 강의 내용 만족도(강의 컨텐츠 구성 등)는?,만족 ,6,24.0,25
2025년 정보보안업무 이해(1차),28,instructor,ChatGPT 사용과 보안 위협(강사: 김종길 교수) 과목의 강의 내용 만족도(강의 컨텐츠 구성 등)는?,보통,4,16.0,25
2025년 정보보안업무 이해(1차),28,instructor,ChatGPT 사용과 보안 위협(강사: 김종길 교수) 과목의 강의 내용 만족도(강의 컨텐츠 구성 등)는?,불만족,1,4.0,25
2025년 정보보안업무 이해(1차),28,instructor,ChatGPT 사용과 보안 위협(강사: 김종길 교수) 과목의 강의 내용 만족도(강의 컨텐츠 구성 등)는?,매우 불만족,0,0.0,25
2025년 정보보안업무 이해(1차),29,instructor,망 분리 기술의 보안 위협 및 대응(강사: 박정수 교수) 과목의 강의 만족도(강의 준비 및 스킬 등)는?,매우만족 ,15,60.0,25
2025년 정보보안업무 이해(1차),29,instructor,망 분리 기술의 보안 위협 및 대응(강사: 박정수 교수) 과목의 강의 만족도(강의 준비 및 스킬 등)는?,만족 ,8,32.0,25
2025년 정보보안업무 이해(1차),29,instructor,망 분리 기술의 보안 위협 및 대응(강사: 박정수 교수) 과목의 강의 만족도(강의 준비 및 스킬 등)는?,보통,2,8.0,25
2025년 정보보안업무 이해(1차),29,instructor,망 분리 기술의 보안 위협 및 대응(강사: 박정수 교수) 과목의 강의 만족도(강의 준비 및 스킬 등)는?,불만족,0,0.0,25
2025년 정보보안업무 이해(1차),29,instructor,망 분리 기술의 보안 위협 및 대응(강사: 박정수 교수) 과목의 강의 만족도(강의 준비 및 스킬 등)는?,매우 불만족,0,0.0,25
2025년 정보보안업무 이해(1차),30,instructor,망 분리 기술의 보안 위협 및 대응(강사: 박정수 교수) 과목의 강의 내용 만족도(강의 컨텐츠 구성 등)는?,매우만족 ,15,60.0,25
2025년 정보보안업무 이해(1차),30,instructor,망 분리 기술의 보안 위협 및 대응(강사: 박정수 교수) 과목의 강의 내용 만족도(강의 컨텐츠 구성 등)는?,만족 ,8,32.0,25
2025년 정보보안업무 이해(1차),30,instructor,망 분리 기술의 보안 위협 및 대응(강사: 박정수 교수) 과목의 강의 내용 만족도(강의 컨텐츠 구성 등)는?,보통,2,8.0,25
2025년 정보보안업무 이해(1차),30,instructor,망 분리 기술의 보안 위협 및 대응(강사: 박정수 교수) 과목의 강의 내용 만족도(강의 컨텐츠 구성 등)는?,불만족,0,0.0,25
2025년 정보보안업무 이해(1차),30,instructor,망 분리 기술의 보안 위협 및 대응(강사: 박정수 교수) 과목의 강의 내용 만족도(강의 컨텐츠 구성 등)는?,매우 불만족,0,0.0,25
2025년 정보보안업무 이해(1차),31,instructor,프라이버시 기반 서비스 기획/설계(강사: 김지은 교수) 과목의 강의 만족도(강의 준비 및 스킬 등)는?,매우만족 ,16,64.0,25
2025년 정보보안업무 이해(1차),31,instructor,프라이버시 기반 서비스 기획/설계(강사: 김지은 교수) 과목의 강의 만족도(강의 준비 및 스킬 등)는?,만족 ,6,24.0,25
2025년 정보보안업무 이해(1차),31,instructor,프라이버시 기반 서비스 기획/설계(강사: 김지은 교수) 과목의 강의 만족도(강의 준비 및 스킬 등)는?,보통,2,8.0,25
2025년 정보보안업무 이해(1차),31,instructor,프라이버시 기반 서비스 기획/설계(강사: 김지은 교수) 과목의 강의 만족도(강의 준비 및 스킬 등)는?,불만족,1,4.0,25
2025년 정보보안업무 이해(1차),31,instructor,프라이버시 기반 서비스 기획/설계(강사: 김지은 교수) 과목의 강의 만족도(강의 준비 및 스킬 등)는?,매우 불만족,0,0.0,25
2025년 정보보안업무 이해(1차),32,instructor,프라이버시 기반 서비스 기획/설계(강사: 김지은 교수) 과목의 강의 내용 만족도(강의 컨텐츠 구성 등)는?,매우만족 ,16,64.0,25
2025년 정보보안업무 이해(1차),32,instructor,프라이버시 기반 서비스 기획/설계(강사: 김지은 교수) 과목의 강의 내용 만족도(강의 컨텐츠 구성 등)는?,만족 ,6,24.0,25
2025년 정보보안업무 이해(1차),32,instructor,프라이버시 기반 서비스 기획/설계(강사: 김지은 교수) 과목의 강의 내용 만족도(강의 컨텐츠 구성 등)는?,보통,3,12.0,25
2025년 정보보안업무 이해(1차),32,instructor,프라이버시 기반 서비스 기획/설계(강사: 김지은 교수) 과목의 강의 내용 만족도(강의 컨텐츠 구성 등)는?,불만족,0,0.0,25
2025년 정보보안업무 이해(1차),32,instructor,프라이버시 기반 서비스 기획/설계(강사: 김지은 교수) 과목의 강의 내용 만족도(강의 컨텐츠 구성 등)는?,매우 불만족,0,0.0,25
2025년 정보보안업무 이해(1차),33,instructor,보안 취약점 관리와 모의해킹 이해(강사: 김영주 대표) 과목의 강의 만족도(강의 준비 및 스킬 등)는?,매우만족 ,13,52.0,25
2025년 정보보안업무 이해(1차),33,instructor,보안 취약점 관리와 모의해킹 이해(강사: 김영주 대표) 과목의 강의 만족도(강의 준비 및 스킬 등)는?,만족 ,9,36.0,25
2025년 정보보안업무 이해(1차),33,instructor,보안 취약점 관리와 모의해킹 이해(강사: 김영주 대표) 과목의 강의 만족도(강의 준비 및 스킬 등)는?,보통,3,12.0,25
2025년 정보보안업무 이해(1차),33,instructor,보안 취약점 관리와 모의해킹 이해(강사: 김영주 대표) 과목의 강의 만족도(강의 준비 및 스킬 등)는?,불만족,0,0.0,25
2025년 정보보안업무 이해(1차),33,instructor,보안 취약점 관리와 모의해킹 이해(강사: 김영주 대표) 과목의 강의 만족도(강의 준비 및 스킬 등)는?,매우 불만족,0,0.0,25
2025년 정보보안업무 이해(1차),34,instructor,보안 취약점 관리와 모의해킹 이해(강사: 김영주 대표) 과목의 강의 내용 만족도(강의 컨텐츠 구성 등)는?,매우만족 ,13,52.0,25
2025년 정보보안업무 이해(1차),34,instructor,보안 취약점 관리와 모의해킹 이해(강사: 김영주 대표) 과목의 강의 내용 만족도(강의 컨텐츠 구성 등)는?,만족 ,9,36.0,25
2025년 정보보안업무 이해(1차),34,instructor,보안 취약점 관리와 모의해킹 이해(강사: 김영주 대표) 과목의 강의 내용 만족도(강의 컨텐츠 구성 등)는?,보통,3,12.0,25
2025년 정보보안업무 이해(1차),34,instructor,보안 취약점 관리와 모의해킹 이해(강사: 김영주 대표) 과목의 강의 내용 만족도(강의 컨텐츠 구성 등)는?,불만족,0,0.0,25
2025년 정보보안업무 이해(1차),34,instructor,보안 취약점 관리와 모의해킹 이해(강사: 김영주 대표) 과목의 강의 내용 만족도(강의 컨텐츠 구성 등)는?,매우 불만족,0,0.0,25
2025년 정보보안업무 이해(1차),35,instructor,PC 보안 실무(강사: 채수영 교수) 과목의 강의 만족도(강의 준비 및 스킬 등)는?,매우만족 ,16,64.0,25
2025년 정보보안업무 이해(1차),35,instructor,PC 보안 실무(강사: 채수영 교수) 과목의 강의 만족도(강의 준비 및 스킬 등)는?,만족 ,6,24.0,25
2025년 정보보안업무 이해(1차),35,instructor,PC 보안 실무(강사: 채수영 교수) 과목의 강의 만족도(강의 준비 및 스킬 등)는?,보통,3,12.0,25
2025년 정보보안업무 이해(1차),35,instructor,PC 보안 실무(강사: 채수영 교수) 과목의 강의 만족도(강의 준비 및 스킬 등)는?,불만족,0,0.0,25
2025년 정보보안업무 이해(1차),35,instructor,PC 보안 실무(강사: 채수영 교수) 과목의 강의 만족도(강의 준비 및 스킬 등)는?,매우 불만족,0,0.0,25
2025년 정보보안업무 이해(1차),36,instructor,PC 보안 실무(강사: 채수영 교수) 과목의 강의 내용 만족도(강의 컨텐츠 구성 등)는?,매우만족 ,17,68.0,25
2025년 정보보안업무 이해(1차),36,instructor,PC 보안 실무(강사: 채수영 교수) 과목의 강의 내용 만족도(강의 컨텐츠 구성 등)는?,만족 ,5,20.0,25
2025년 정보보안업무 이해(1차),36,instructor,PC 보안 실무(강사: 채수영 교수) 과목의 강의 내용 만족도(강의 컨텐츠 구성 등)는?,보통,3,12.0,25
2025년 정보보안업무 이해(1차),36,instructor,PC 보안 실무(강사: 채수영 교수) 과목의 강의 내용 만족도(강의 컨텐츠 구성 등)는?,불만족,0,0.0,25
2025년 정보보안업무 이해(1차),36,instructor,PC 보안 실무(강사: 채수영 교수) 과목의 강의 내용 만족도(강의 컨텐츠 구성 등)는?,매우 불만족,0,0.0,25
2025년 정보보안업무 이해(2차),1,other,귀하께서는 어떤 목적으로 이번 사이버안보훈련센터의 교육과정을 수강하셨습니까?,보안 인식 제고,2,8.0,23
2025년 정보보안업무 이해(2차),1,other,귀하께서는 어떤 목적으로 이번 사이버안보훈련센터의 교육과정을 수강하셨습니까?,보안기술 능력 향상,3,13.0,23
2025년 정보보안업무 이해(2차),1,other,귀하께서는 어떤 목적으로 이번 사이버안보훈련센터의 교육과정을 수강하셨습니까?,업무에의 활용,16,69.0,23
2025년 정보보안업무 이해(2차),1,other,귀하께서는 어떤 목적으로 이번 사이버안보훈련센터의 교육과정을 수강하셨습니까?,교육 의무 시간 이수,2,8.0,23
2025년 정보보안업무 이해(2차),1,other,귀하께서는 어떤 목적으로 이번 사이버안보훈련센터의 교육과정을 수강하셨습니까?,상급자 / 동료의 추천,0,0.0,23
2025년 정보보안업무 이해(2차),1,other,귀하께서는 어떤 목적으로 이번 사이버안보훈련센터의 교육과정을 수강하셨습니까?,기타,0,0.0,23
2025년 정보보안업무 이해(2차),2,difficulty,이번 교육의 난이도는 어떠하였습니까?,쉽다,0,0.0,23
2025년 정보보안업무 이해(2차),2,difficulty,이번 교육의 난이도는 어떠하였습니까?,적당하다,23,100.0,23
2025년 정보보안업무 이해(2차),2,difficulty,이번 교육의 난이도는 어떠하였습니까?,어렵다,0,0.0,23
2025년 정보보안업무 이해(2차),4,satisfaction,이번 교육의 만족도는 어떠하였습니까?,높음,18,78.0,23
2025년 정보보안업무 이해(2차),4,satisfaction,이번 교육의 만족도는 어떠하였습니까?,보통이다,5,21.0,23
2025년 정보보안업무 이해(2차),4,satisfaction,이번 교육의 만족도는 어떠하였습니까?,낮음,0,0.0,23
2025년 정보보안업무 이해(2차),6,utility,이번 교육의 업무 활용도는 어떠하십니까?,높음,17,73.0,23
2025년 정보보안업무 이해(2차),6,utility,이번 교육의 업무 활용도는 어떠하십니까?,보통이다,5,21.0,23
2025년 정보보안업무 이해(2차),6,utility,이번 교육의 업무 활용도는 어떠하십니까?,낮음,1,4.0,23
2025년 정보보안업무 이해(2차),8,diff_inst,다른 기관과의 교육 차별성은 어떠하십니까?,차별성 있다,18,78.0,23
2025년 정보보안업무 이해(2차),8,diff_inst,다른 기관과의 교육 차별성은 어떠하십니까?,보통이다,5,21.0,23
2025년 정보보안업무 이해(2차),8,diff_inst,다른 기관과의 교육 차별성은 어떠하십니까?,차별성없다,0,0.0,23
2025년 정보보안업무 이해(2차),10,duration,교육 시간은 적절하다고 생각하십니까?,적절하다,18,78.0,23
2025년 정보보안업무 이해(2차),10,duration,교육 시간은 적절하다고 생각하십니까?,보통이다,4,17.0,23
2025년 정보보안업무 이해(2차),10,duration,교육 시간은 적절하다고 생각하십니까?,적절하지 않다,1,4.0,23
2025년 정보보안업무 이해(2차),12,other,본 교육의 가장 적당한 교육기간은 며칠이라고 생각하십니까?,4일,16,69.0,23
2025년 정보보안업무 이해(2차),12,other,본 교육의 가장 적당한 교육기간은 며칠이라고 생각하십니까?,5일,7,30.0,23
2025년 정보보안업무 이해(2차),12,other,본 교육의 가장 적당한 교육기간은 며칠이라고 생각하십니까?,5일 초과,0,0.0,23
2025년 정보보안업무 이해(2차),13,needs,"국가공공 기관 및 정보통신기반시설의 정보화, 정보보호 담당자에게 꼭 필요한 사이버안보 교육에는 어떤 것이 있을까요?",포렌식 분야 교육/훈련,1,4.0,23
2025년 정보보안업무 이해(2차),13,needs,"국가공공 기관 및 정보통신기반시설의 정보화, 정보보호 담당자에게 꼭 필요한 사이버안보 교육에는 어떤 것이 있을까요?",악성코드 분석 교육/훈련,1,4.0,23
2025년 정보보안업무 이해(2차),13,needs,"국가공공 기관 및 정보통신기반시설의 정보화, 정보보호 담당자에게 꼭 필요한 사이버안보 교육에는 어떤 것이 있을까요?",모바일 분야 교육/훈련,1,4.0,23
2025년 정보보안업무 이해(2차),13,needs,"국가공공 기관 및 정보통신기반시설의 정보화, 정보보호 담당자에게 꼭 필요한 사이버안보 교육에는 어떤 것이 있을까요?",무선랜 해킹 관련 교육/훈련,2,8.0,23
2025년 정보보안업무 이해(2차),13,needs,"국가공공 기관 및 정보통신기반시설의 정보화, 정보보호 담당자에게 꼭 필요한 사이버안보 교육에는 어떤 것이 있을까요?",서버 취약점 공격 대응 교육/훈련,3,13.0,23
2025년 정보보안업무 이해(2차),13,needs,"국가공공 기관 및 정보통신기반시설의 정보화, 정보보호 담당자에게 꼭 필요한 사이버안보 교육에는 어떤 것이 있을까요?",시스템 보안강화(System Hardening) 교육/훈련,3,13.0,23
2025년 정보보안업무 이해(2차),13,needs,"국가공공 기관 및 정보통신기반시설의 정보화, 정보보호 담당자에게 꼭 필요한 사이버안보 교육에는 어떤 것이 있을까요?",정보유출 사건에 대한 교육/훈련,2,8.0,23
2025년 정보보안업무 이해(2차),13,needs,"국가공공 기관 및 정보통신기반시설의 정보화, 정보보호 담당자에게 꼭 필요한 사이버안보 교육에는 어떤 것이 있을까요?",정보보호 시스템 관리 교육/훈련,10,43.0,23
2025년 정보보안업무 이해(2차),17,instructor,우주 사이버안보 이슈 및 대응(강사: 오일석 박사) 과목의 강의 만족도(강의 준비 및 스킬 등)는?,매우 만족,10,43.0,23
2025년 정보보안업무 이해(2차),17,instructor,우주 사이버안보 이슈 및 대응(강사: 오일석 박사) 과목의 강의 만족도(강의 준비 및 스킬 등)는?,만족,7,30.0,23
2025년 정보보안업무 이해(2차),17,instructor,우주 사이버안보 이슈 및 대응(강사: 오일석 박사) 과목의 강의 만족도(강의 준비 및 스킬 등)는?,보통,6,26.0,23
2025년 정보보안업무 이해(2차),17,instructor,우주 사이버안보 이슈 및 대응(강사: 오일석 박사) 과목의 강의 만족도(강의 준비 및 스킬 등)는?,불만족,0,0.0,23
2025년 정보보안업무 이해(2차),17,instructor,우주 사이버안보 이슈 및 대응(강사: 오일석 박사) 과목의 강의 만족도(강의 준비 및 스킬 등)는?,매우 불만족,0,0.0,23
2025년 정보보안업무 이해(2차),18,instructor,우주 사이버안보 이슈 및 대응(강사: 오일석 박사) 과목의 강의 내용 만족도(강의 컨텐츠 구성 등)는?,매우 만족,10,43.0,23
2025년 정보보안업무 이해(2차),18,instructor,우주 사이버안보 이슈 및 대응(강사: 오일석 박사) 과목의 강의 내용 만족도(강의 컨텐츠 구성 등)는?,만족,5,21.0,23
2025년 정보보안업무 이해(2차),18,instructor,우주 사이버안보 이슈 및 대응(강사: 오일석 박사) 과목의 강의 내용 만족도(강의 컨텐츠 구성 등)는?,보통,8,34.0,23
2025년 정보보안업무 이해(2차),18,instructor,우주 사이버안보 이슈 및 대응(강사: 오일석 박사) 과목의 강의 내용 만족도(강의 컨텐츠 구성 등)는?,불만족,0,0.0,23
2025년 정보보안업무 이해(2차),18,instructor,우주 사이버안보 이슈 및 대응(강사: 오일석 박사) 과목의 강의 내용 만족도(강의 컨텐츠 구성 등)는?,매우 불만족,0,0.0,23
2025년 정보보안업무 이해(2차),19,instructor,랜섬웨어 보안 위협 및 대응(강사: 최석우 실장) 과목의 강의 만족도(강의 준비 및 스킬 등)는?,매우 만족,12,52.0,23
2025년 정보보안업무 이해(2차),19,instructor,랜섬웨어 보안 위협 및 대응(강사: 최석우 실장) 과목의 강의 만족도(강의 준비 및 스킬 등)는?,만족,9,39.0,23
2025년 정보보안업무 이해(2차),19,instructor,랜섬웨어 보안 위협 및 대응(강사: 최석우 실장) 과목의 강의 만족도(강의 준비 및 스킬 등)는?,보통,2,8.0,23
2025년 정보보안업무 이해(2차),19,instructor,랜섬웨어 보안 위협 및 대응(강사: 최석우 실장) 과목의 강의 만족도(강의 준비 및 스킬 등)는?,불만족,0,0.0,23
2025년 정보보안업무 이해(2차),19,instructor,랜섬웨어 보안 위협 및 대응(강사: 최석우 실장) 과목의 강의 만족도(강의 준비 및 스킬 등)는?,매우 불만족,0,0.0,23
2025년 정보보안업무 이해(2차),20,instructor,랜섬웨어 보안 위협 및 대응(강사: 최석우 실장) 과목의 강의 내용 만족도(강의 컨텐츠 구성 등)는?,매우 만족,13,56.0,23
2025년 정보보안업무 이해(2차),20,instructor,랜섬웨어 보안 위협 및 대응(강사: 최석우 실장) 과목의 강의 내용 만족도(강의 컨텐츠 구성 등)는?,만족,8,34.0,23
2025년 정보보안업무 이해(2차),20,instructor,랜섬웨어 보안 위협 및 대응(강사: 최석우 실장) 과목의 강의 내용 만족도(강의 컨텐츠 구성 등)는?,보통,2,8.0,23
2025년 정보보안업무 이해(2차),20,instructor,랜섬웨어 보안 위협 및 대응(강사: 최석우 실장) 과목의 강의 내용 만족도(강의 컨텐츠 구성 등)는?,불만족,0,0.0,23
2025년 정보보안업무 이해(2차),20,instructor,랜섬웨어 보안 위협 및 대응(강사: 최석우 실장) 과목의 강의 내용 만족도(강의 컨텐츠 구성 등)는?,매우 불만족,0,0.0,23
2025년 정보보안업무 이해(2차),21,instructor,제로트러스트 보안(강사: 양경아 책연) 과목의 강의 만족도(강의 준비 및 스킬 등)는?,매우 만족,16,69.0,23
2025년 정보보안업무 이해(2차),21,instructor,제로트러스트 보안(강사: 양경아 책연) 과목의 강의 만족도(강의 준비 및 스킬 등)는?,만족,6,26.0,23
2025년 정보보안업무 이해(2차),21,instructor,제로트러스트 보안(강사: 양경아 책연) 과목의 강의 만족도(강의 준비 및 스킬 등)는?,보통,1,4.0,23
2025년 정보보안업무 이해(2차),21,instructor,제로트러스트 보안(강사: 양경아 책연) 과목의 강의 만족도(강의 준비 및 스킬 등)는?,불만족,0,0.0,23
2025년 정보보안업무 이해(2차),21,instructor,제로트러스트 보안(강사: 양경아 책연) 과목의 강의 만족도(강의 준비 및 스킬 등)는?,매우 불만족,0,0.0,23
2025년 정보보안업무 이해(2차),22,instructor,제로트러스트 보안(강사: 양경아 책연) 과목의 강의 내용 만족도(강의 컨텐츠 구성 등)는?,매우 만족,17,73.0,23
2025년 정보보안업무 이해(2차),22,instructor,제로트러스트 보안(강사: 양경아 책연) 과목의 강의 내용 만족도(강의 컨텐츠 구성 등)는?,만족,5,21.0,23
2025년 정보보안업무 이해(2차),22,instructor,제로트러스트 보안(강사: 양경아 책연) 과목의 강의 내용 만족도(강의 컨텐츠 구성 등)는?,보통,1,4.0,23
2025년 정보보안업무 이해(2차),22,instructor,제로트러스트 보안(강사: 양경아 책연) 과목의 강의 내용 만족도(강의 컨텐츠 구성 등)는?,불만족,0,0.0,23
2025년 정보보안업무 이해(2차),22,instructor,제로트러스트 보안(강사: 양경아 책연) 과목의 강의 내용 만족도(강의 컨텐츠 구성 등)는?,매우 불만족,0,0.0,23
2025년 정보보안업무 이해(2차),23,instructor,서버 보안 실무(강사: 김용배 책연) 과목의 강의 만족도(강의 준비 및 스킬 등)는?,매우 만족,12,52.0,23
2025년 정보보안업무 이해(2차),23,instructor,서버 보안 실무(강사: 김용배 책연) 과목의 강의 만족도(강의 준비 및 스킬 등)는?,만족,8,34.0,23
2025년 정보보안업무 이해(2차),23,instructor,서버 보안 실무(강사: 김용배 책연) 과목의 강의 만족도(강의 준비 및 스킬 등)는?,보통,3,13.0,23
2025년 정보보안업무 이해(2차),23,instructor,서버 보안 실무(강사: 김용배 책연) 과목의 강의 만족도(강의 준비 및 스킬 등)는?,불만족,0,0.0,23
2025년 정보보안업무 이해(2차),23,instructor,서버 보안 실무(강사: 김용배 책연) 과목의 강의 만족도(강의 준비 및 스킬 등)는?,매우 불만족,0,0.0,23
2025년 정보보안업무 이해(2차),24,instructor,서버 보안 실무(강사: 김용배 책연) 과목의 강의 내용 만족도(강의 컨텐츠 구성 등)는?,매우 만족,15,65.0,23
2025년 정보보안업무 이해(2차),24,instructor,서버 보안 실무(강사: 김용배 책연) 과목의 강의 내용 만족도(강의 컨텐츠 구성 등)는?,만족,5,21.0,23
2025년 정보보안업무 이해(2차),24,instructor,서버 보안 실무(강사: 김용배 책연) 과목의 강의 내용 만족도(강의 컨텐츠 구성 등)는?,보통,3,13.0,23
2025년 정보보안업무 이해(2차),24,instructor,서버 보안 실무(강사: 김용배 책연) 과목의 강의 내용 만족도(강의 컨텐츠 구성 등)는?,불만족,0,0.0,23
2025년 정보보안업무 이해(2차),24,instructor,서버 보안 실무(강사: 김용배 책연) 과목의 강의 내용 만족도(강의 컨텐츠 구성 등)는?,매우 불만족,0,0.0,23
2025년 정보보안업무 이해(2차),25,instructor, ChatGPT 사용과 보안 위협(강사: 김종길 교수) 과목의 강의 만족도(강의 준비 및 스킬 등)는?,매우 만족,14,60.0,23
2025년 정보보안업무 이해(2차),25,instructor, ChatGPT 사용과 보안 위협(강사: 김종길 교수) 과목의 강의 만족도(강의 준비 및 스킬 등)는?,만족,7,30.0,23
2025년 정보보안업무 이해(2차),25,instructor, ChatGPT 사용과 보안 위협(강사: 김종길 교수) 과목의 강의 만족도(강의 준비 및 스킬 등)는?,보통,2,8.0,23
2025년 정보보안업무 이해(2차),25,instructor, ChatGPT 사용과 보안 위협(강사: 김종길 교수) 과목의 강의 만족도(강의 준비 및 스킬 등)는?,불만족,0,0.0,23
2025년 정보보안업무 이해(2차),25,instructor, ChatGPT 사용과 보안 위협(강사: 김종길 교수) 과목의 강의 만족도(강의 준비 및 스킬 등)는?,매우 불만족,0,0.0,23
2025년 정보보안업무 이해(2차),26,instructor,ChatGPT 사용과 보안 위협(강사: 김종길 교수) 과목의 강의 내용 만족도(강의 컨텐츠 구성 등)는?,매우 만족,13,56.0,23
2025년 정보보안업무 이해(2차),26,instructor,ChatGPT 사용과 보안 위협(강사: 김종길 교수) 과목의 강의 내용 만족도(강의 컨텐츠 구성 등)는?,만족,7,30.0,23
2025년 정보보안업무 이해(2차),26,instructor,ChatGPT 사용과 보안 위협(강사: 김종길 교수) 과목의 강의 내용 만족도(강의 컨텐츠 구성 등)는?,보통,3,13.0,23
2025년 정보보안업무 이해(2차),26,instructor,ChatGPT 사용과 보안 위협(강사: 김종길 교수) 과목의 강의 내용 만족도(강의 컨텐츠 구성 등)는?,불만족,0,0.0,23
2025년 정보보안업무 이해(2차),26,instructor,ChatGPT 사용과 보안 위협(강사: 김종길 교수) 과목의 강의 내용 만족도(강의 컨텐츠 구성 등)는?,매우불만족,0,0.0,23
2025년 정보보안업무 이해(2차),27,instructor,망 분리 기술의 보안 위협 및 대응(강사: 박정수 교수) 과목의 강의 만족도(강의 준비 및 스킬 등)는?,매우 만족,16,69.0,23
2025년 정보보안업무 이해(2차),27,instructor,망 분리 기술의 보안 위협 및 대응(강사: 박정수 교수) 과목의 강의 만족도(강의 준비 및 스킬 등)는?,만족,5,21.0,23
2025년 정보보안업무 이해(2차),27,instructor,망 분리 기술의 보안 위협 및 대응(강사: 박정수 교수) 과목의 강의 만족도(강의 준비 및 스킬 등)는?,보통,2,8.0,23
2025년 정보보안업무 이해(2차),27,instructor,망 분리 기술의 보안 위협 및 대응(강사: 박정수 교수) 과목의 강의 만족도(강의 준비 및 스킬 등)는?,불만족,0,0.0,23
2025년 정보보안업무 이해(2차),27,instructor,망 분리 기술의 보안 위협 및 대응(강사: 박정수 교수) 과목의 강의 만족도(강의 준비 및 스킬 등)는?,매우 불만족,0,0.0,23
2025년 정보보안업무 이해(2차),28,instructor,망 분리 기술의 보안 위협 및 대응(강사: 박정수 교수) 과목의 강의 내용 만족도(강의 컨텐츠 구성 등)는?,매우 만족,17,73.0,23
2025년 정보보안업무 이해(2차),28,instructor,망 분리 기술의 보안 위협 및 대응(강사: 박정수 교수) 과목의 강의 내용 만족도(강의 컨텐츠 구성 등)는?,만족,4,17.0,23
2025년 정보보안업무 이해(2차),28,instructor,망 분리 기술의 보안 위협 및 대응(강사: 박정수 교수) 과목의 강의 내용 만족도(강의 컨텐츠 구성 등)는?,보통,2,8.0,23
2025년 정보보안업무 이해(2차),28,instructor,망 분리 기술의 보안 위협 및 대응(강사: 박정수 교수) 과목의 강의 내용 만족도(강의 컨텐츠 구성 등)는?,불만족,0,0.0,23
2025년 정보보안업무 이해(2차),28,instructor,망 분리 기술의 보안 위협 및 대응(강사: 박정수 교수) 과목의 강의 내용 만족도(강의 컨텐츠 구성 등)는?,매우 불만족,0,0.0,23
2025년 정보보안업무 이해(2차),29,instructor,정보시스템 구축 운영 실무(강사: 백승준 실장) 과목의 강의 만족도(강의 준비 및 스킬 등)는?,매우 만족,16,69.0,23
2025년 정보보안업무 이해(2차),29,instructor,정보시스템 구축 운영 실무(강사: 백승준 실장) 과목의 강의 만족도(강의 준비 및 스킬 등)는?, 만족,4,17.0,23
2025년 정보보안업무 이해(2차),29,instructor,정보시스템 구축 운영 실무(강사: 백승준 실장) 과목의 강의 만족도(강의 준비 및 스킬 등)는?,보통,3,13.0,23
2025년 정보보안업무 이해(2차),29,instructor,정보시스템 구축 운영 실무(강사: 백승준 실장) 과목의 강의 만족도(강의 준비 및 스킬 등)는?,불만족,0,0.0,23
2025년 정보보안업무 이해(2차),29,instructor,정보시스템 구축 운영 실무(강사: 백승준 실장) 과목의 강의 만족도(강의 준비 및 스킬 등)는?,매우 불만족,0,0.0,23
2025년 정보보안업무 이해(2차),30,instructor,정보시스템 구축 운영 실무(강사: 백승준 실장) 과목의 강의 내용 만족도(강의 컨텐츠 구성 등)는?,매우 만족,15,65.0,23
2025년 정보보안업무 이해(2차),30,instructor,정보시스템 구축 운영 실무(강사: 백승준 실장) 과목의 강의 내용 만족도(강의 컨텐츠 구성 등)는?,만족,5,21.0,23
2025년 정보보안업무 이해(2차),30,instructor,정보시스템 구축 운영 실무(강사: 백승준 실장) 과목의 강의 내용 만족도(강의 컨텐츠 구성 등)는?,보통,3,13.0,23
2025년 정보보안업무 이해(2차),30,instructor,정보시스템 구축 운영 실무(강사: 백승준 실장) 과목의 강의 내용 만족도(강의 컨텐츠 구성 등)는?,불만족,0,0.0,23
2025년 정보보안업무 이해(2차),30,instructor,정보시스템 구축 운영 실무(강사: 백승준 실장) 과목의 강의 내용 만족도(강의 컨텐츠 구성 등)는?,매우 불만족,0,0.0,23
2025년 정보보안업무 이해(2차),31,instructor,보안 취약점 관리와 모의해킹 이해(강사: 김영주 대표) 과목의 강의 만족도(강의 준비 및 스킬 등)는?,매우 만족,12,52.0,23
2025년 정보보안업무 이해(2차),31,instructor,보안 취약점 관리와 모의해킹 이해(강사: 김영주 대표) 과목의 강의 만족도(강의 준비 및 스킬 등)는?,만족,7,30.0,23
2025년 정보보안업무 이해(2차),31,instructor,보안 취약점 관리와 모의해킹 이해(강사: 김영주 대표) 과목의 강의 만족도(강의 준비 및 스킬 등)는?,보통,4,17.0,23
2025년 정보보안업무 이해(2차),31,instructor,보안 취약점 관리와 모의해킹 이해(강사: 김영주 대표) 과목의 강의 만족도(강의 준비 및 스킬 등)는?,불만족,0,0.0,23
2025년 정보보안업무 이해(2차),31,instructor,보안 취약점 관리와 모의해킹 이해(강사: 김영주 대표) 과목의 강의 만족도(강의 준비 및 스킬 등)는?,매우 불만족,0,0.0,23
2025년 정보보안업무 이해(2차),32,instructor,보안 취약점 관리와 모의해킹 이해(강사: 김영주 대표) 과목의 강의 내용 만족도(강의 컨텐츠 구성 등)는?,매우 만족,12,52.0,23
2025년 정보보안업무 이해(2차),32,instructor,보안 취약점 관리와 모의해킹 이해(강사: 김영주 대표) 과목의 강의 내용 만족도(강의 컨텐츠 구성 등)는?,만족,8,34.0,23
2025년 정보보안업무 이해(2차),32,instructor,보안 취약점 관리와 모의해킹 이해(강사: 김영주 대표) 과목의 강의 내용 만족도(강의 컨텐츠 구성 등)는?,보통,3,13.0,23
2025년 정보보안업무 이해(2차),32,instructor,보안 취약점 관리와 모의해킹 이해(강사: 김영주 대표) 과목의 강의 내용 만족도(강의 컨텐츠 구성 등)는?,불만족,0,0.0,23
2025년 정보보안업무 이해(2차),32,instructor,보안 취약점 관리와 모의해킹 이해(강사: 김영주 대표) 과목의 강의 내용 만족도(강의 컨텐츠 구성 등)는?,매우 불만족,0,0.0,23
2025년 정보보안업무 이해(2차),33,instructor,PC 보안 실무(강사: 채수영 책연) 과목의 강의 만족도(강의 준비 및 스킬 등)는?,매우 만족,17,73.0,23
2025년 정보보안업무 이해(2차),33,instructor,PC 보안 실무(강사: 채수영 책연) 과목의 강의 만족도(강의 준비 및 스킬 등)는?,만족,4,17.0,23
2025년 정보보안업무 이해(2차),33,instructor,PC 보안 실무(강사: 채수영 책연) 과목의 강의 만족도(강의 준비 및 스킬 등)는?,보통,2,8.0,23
2025년 정보보안업무 이해(2차),33,instructor,PC 보안 실무(강사: 채수영 책연) 과목의 강의 만족도(강의 준비 및 스킬 등)는?,불만족,0,0.0,23
2025년 정보보안업무 이해(2차),33,instructor,PC 보안 실무(강사: 채수영 책연) 과목의 강의 만족도(강의 준비 및 스킬 등)는?,매우 불만족,0,0.0,23
2025년 정보보안업무 이해(2차),34,instructor,PC 보안 실무(강사: 채수영 책연) 과목의 강의 내용 만족도(강의 컨텐츠 구성 등)는?,매우 만족,17,73.0,23
2025년 정보보안업무 이해(2차),34,instructor,PC 보안 실무(강사: 채수영 책연) 과목의 강의 내용 만족도(강의 컨텐츠 구성 등)는?,만족,4,17.0,23
2025년 정보보안업무 이해(2차),34,instructor,PC 보안 실무(강사: 채수영 책연) 과목의 강의 내용 만족도(강의 컨텐츠 구성 등)는?,보통,2,8.0,23
2025년 정보보안업무 이해(2차),34,instructor,PC 보안 실무(강사: 채수영 책연) 과목의 강의 내용 만족도(강의 컨텐츠 구성 등)는?,불만족,0,0.0,23
2025년 정보보안업무 이해(2차),34,instructor,PC 보안 실무(강사: 채수영 책연) 과목의 강의 내용 만족도(강의 컨텐츠 구성 등)는?,매우 불만족,0,0.0,23
2025년 정보보안업무 이해(3차),1,other,귀하께서는 어떤 목적으로 이번 사이버안보훈련센터의 교육과정을 수강하셨습니까?,보안 인식 제고,4,20.0,20
2025년 정보보안업무 이해(3차),1,other,귀하께서는 어떤 목적으로 이번 사이버안보훈련센터의 교육과정을 수강하셨습니까?,보안기술 능력 향상,6,30.0,20
2025년 정보보안업무 이해(3차),1,other,귀하께서는 어떤 목적으로 이번 사이버안보훈련센터의 교육과정을 수강하셨습니까?,업무에의 활용,9,45.0,20
2025년 정보보안업무 이해(3차),1,other,귀하께서는 어떤 목적으로 이번 사이버안보훈련센터의 교육과정을 수강하셨습니까?,교육 의무 시간 이수,0,0.0,20
2025년 정보보안업무 이해(3차),1,other,귀하께서는 어떤 목적으로 이번 사이버안보훈련센터의 교육과정을 수강하셨습니까?,상급자 / 동료의 추천,1,5.0,20
2025년 정보보안업무 이해(3차),1,other,귀하께서는 어떤 목적으로 이번 사이버안보훈련센터의 교육과정을 수강하셨습니까?,기타,0,0.0,20
2025년 정보보안업무 이해(3차),2,difficulty,이번 교육의 난이도는 어떠하였습니까?,쉽다,1,5.0,20
2025년 정보보안업무 이해(3차),2,difficulty,이번 교육의 난이도는 어떠하였습니까?,적당하다,17,85.0,20
2025년 정보보안업무 이해(3차),2,difficulty,이번 교육의 난이도는 어떠하였습니까?,어렵다,2,10.0,20
2025년 정보보안업무 이해(3차),4,satisfaction,이번 교육의 만족도는 어떠하였습니까?,높음,17,85.0,20
2025년 정보보안업무 이해(3차),4,satisfaction,이번 교육의 만족도는 어떠하였습니까?,보통이다,3,15.0,20
2025년 정보보안업무 이해(3차),4,satisfaction,이번 교육의 만족도는 어떠하였습니까?,낮음,0,0.0,20
2025년 정보보안업무 이해(3차),6,utility,이번 교육의 업무 활용도는 어떠하십니까?,높음,13,65.0,20
2025년 정보보안업무 이해(3차),6,utility,이번 교육의 업무 활용도는 어떠하십니까?,보통이다,7,35.0,20
2025년 정보보안업무 이해(3차),6,utility,이번 교육의 업무 활용도는 어떠하십니까?,낮음,0,0.0,20
2025년 정보보안업무 이해(3차),8,diff_inst,다른 기관과의 교육 차별성은 어떠하십니까?,차별성 있다,18,90.0,20
2025년 정보보안업무 이해(3차),8,diff_inst,다른 기관과의 교육 차별성은 어떠하십니까?,보통이다,2,10.0,20
2025년 정보보안업무 이해(3차),8,diff_inst,다른 기관과의 교육 차별성은 어떠하십니까?,차별성없다,0,0.0,20
2025년 정보보안업무 이해(3차),10,duration,교육 시간은 적절하다고 생각하십니까?,적절하다,18,90.0,20
2025년 정보보안업무 이해(3차),10,duration,교육 시간은 적절하다고 생각하십니까?,보통이다,1,5.0,20
2025년 정보보안업무 이해(3차),10,duration,교육 시간은 적절하다고 생각하십니까?,적절하지 않다,1,5.0,20
2025년 정보보안업무 이해(3차),12,other,본 교육의 가장 적당한 교육기간은 며칠이라고 생각하십니까?,3일,1,5.0,20
2025년 정보보안업무 이해(3차),12,other,본 교육의 가장 적당한 교육기간은 며칠이라고 생각하십니까?,4일,14,70.0,20
2025년 정보보안업무 이해(3차),12,other,본 교육의 가장 적당한 교육기간은 며칠이라고 생각하십니까?,4일 초과,5,25.0,20
2025년 정보보안업무 이해(3차),13,needs,"국가공공 기관 및 정보통신기반시설의 정보화, 정보보호 담당자에게 꼭 필요한 사이버안보 교육에는 어떤 것이 있을까요?",포렌식 분야 교육/훈련,0,0.0,20
2025년 정보보안업무 이해(3차),13,needs,"국가공공 기관 및 정보통신기반시설의 정보화, 정보보호 담당자에게 꼭 필요한 사이버안보 교육에는 어떤 것이 있을까요?",악성코드 분석 교육/훈련,0,0.0,20
2025년 정보보안업무 이해(3차),13,needs,"국가공공 기관 및 정보통신기반시설의 정보화, 정보보호 담당자에게 꼭 필요한 사이버안보 교육에는 어떤 것이 있을까요?",모바일 분야 교육/훈련,0,0.0,20
2025년 정보보안업무 이해(3차),13,needs,"국가공공 기관 및 정보통신기반시설의 정보화, 정보보호 담당자에게 꼭 필요한 사이버안보 교육에는 어떤 것이 있을까요?",무선랜 해킹 관련 교육/훈련,1,5.0,20
2025년 정보보안업무 이해(3차),13,needs,"국가공공 기관 및 정보통신기반시설의 정보화, 정보보호 담당자에게 꼭 필요한 사이버안보 교육에는 어떤 것이 있을까요?",서버 취약점 공격 대응 교육/훈련,5,25.0,20
2025년 정보보안업무 이해(3차),13,needs,"국가공공 기관 및 정보통신기반시설의 정보화, 정보보호 담당자에게 꼭 필요한 사이버안보 교육에는 어떤 것이 있을까요?",시스템 보안강화(System Hardening) 교육/훈련,2,10.0,20
2025년 정보보안업무 이해(3차),13,needs,"국가공공 기관 및 정보통신기반시설의 정보화, 정보보호 담당자에게 꼭 필요한 사이버안보 교육에는 어떤 것이 있을까요?",정보유출 사건에 대한 교육/훈련,5,25.0,20
2025년 정보보안업무 이해(3차),13,needs,"국가공공 기관 및 정보통신기반시설의 정보화, 정보보호 담당자에게 꼭 필요한 사이버안보 교육에는 어떤 것이 있을까요?",정보보호 시스템 관리 교육/훈련,7,35.0,20
2025년 정보보안업무 이해(3차),16,instructor,우주 사이버안보 이슈 및 대응(강사: 박현동 실장) 과목의 강의 만족도(강의 준비 및 스킬 등)는?,매우 만족,13,65.0,20
2025년 정보보안업무 이해(3차),16,instructor,우주 사이버안보 이슈 및 대응(강사: 박현동 실장) 과목의 강의 만족도(강의 준비 및 스킬 등)는?,만족,7,35.0,20
2025년 정보보안업무 이해(3차),16,instructor,우주 사이버안보 이슈 및 대응(강사: 박현동 실장) 과목의 강의 만족도(강의 준비 및 스킬 등)는?,보통,0,0.0,20
2025년 정보보안업무 이해(3차),16,instructor,우주 사이버안보 이슈 및 대응(강사: 박현동 실장) 과목의 강의 만족도(강의 준비 및 스킬 등)는?,불만족,0,0.0,20
2025년 정보보안업무 이해(3차),16,instructor,우주 사이버안보 이슈 및 대응(강사: 박현동 실장) 과목의 강의 만족도(강의 준비 및 스킬 등)는?,매우 붕만족,0,0.0,20
2025년 정보보안업무 이해(3차),17,instructor,우주 사이버안보 이슈 및 대응(강사: 박현동 실장) 과목의 강의 내용 만족도(강의 컨텐츠 구성 등)는?,매우 만족,13,65.0,20
2025년 정보보안업무 이해(3차),17,instructor,우주 사이버안보 이슈 및 대응(강사: 박현동 실장) 과목의 강의 내용 만족도(강의 컨텐츠 구성 등)는?,만족,7,35.0,20
2025년 정보보안업무 이해(3차),17,instructor,우주 사이버안보 이슈 및 대응(강사: 박현동 실장) 과목의 강의 내용 만족도(강의 컨텐츠 구성 등)는?,보통,0,0.0,20
2025년 정보보안업무 이해(3차),17,instructor,우주 사이버안보 이슈 및 대응(강사: 박현동 실장) 과목의 강의 내용 만족도(강의 컨텐츠 구성 등)는?,불만족,0,0.0,20
2025년 정보보안업무 이해(3차),17,instructor,우주 사이버안보 이슈 및 대응(강사: 박현동 실장) 과목의 강의 내용 만족도(강의 컨텐츠 구성 등)는?,매우 불만족,0,0.0,20
2025년 정보보안업무 이해(3차),18,instructor,제로트러스트 보안(강사: 양경아 책연) 과목의 강의 만족도(강의 준비 및 스킬 등)는?,매우 만족,15,75.0,20
2025년 정보보안업무 이해(3차),18,instructor,제로트러스트 보안(강사: 양경아 책연) 과목의 강의 만족도(강의 준비 및 스킬 등)는?,만족,4,20.0,20
2025년 정보보안업무 이해(3차),18,instructor,제로트러스트 보안(강사: 양경아 책연) 과목의 강의 만족도(강의 준비 및 스킬 등)는?,보통,1,5.0,20
2025년 정보보안업무 이해(3차),18,instructor,제로트러스트 보안(강사: 양경아 책연) 과목의 강의 만족도(강의 준비 및 스킬 등)는?,불만족,0,0.0,20
2025년 정보보안업무 이해(3차),18,instructor,제로트러스트 보안(강사: 양경아 책연) 과목의 강의 만족도(강의 준비 및 스킬 등)는?,매우 불만족,0,0.0,20
2025년 정보보안업무 이해(3차),19,instructor,제로트러스트 보안(강사: 양경아 책연) 과목의 강의 내용 만족도(강의 컨텐츠 구성 등)는?,매우 만족,16,80.0,20
2025년 정보보안업무 이해(3차),19,instructor,제로트러스트 보안(강사: 양경아 책연) 과목의 강의 내용 만족도(강의 컨텐츠 구성 등)는?,만족,4,20.0,20
2025년 정보보안업무 이해(3차),19,instructor,제로트러스트 보안(강사: 양경아 책연) 과목의 강의 내용 만족도(강의 컨텐츠 구성 등)는?,보통,0,0.0,20
2025년 정보보안업무 이해(3차),19,instructor,제로트러스트 보안(강사: 양경아 책연) 과목의 강의 내용 만족도(강의 컨텐츠 구성 등)는?,불만족,0,0.0,20
2025년 정보보안업무 이해(3차),19,instructor,제로트러스트 보안(강사: 양경아 책연) 과목의 강의 내용 만족도(강의 컨텐츠 구성 등)는?,매우 불만족,0,0.0,20
2025년 정보보안업무 이해(3차),20,instructor,국가 전산망 보안장비의 이해(강사: 김현준 실장) 과목의 강의 만족도(강의 준비 및 스킬 등)는?,매우 만족,16,80.0,20
2025년 정보보안업무 이해(3차),20,instructor,국가 전산망 보안장비의 이해(강사: 김현준 실장) 과목의 강의 만족도(강의 준비 및 스킬 등)는?,만족,4,20.0,20
2025년 정보보안업무 이해(3차),20,instructor,국가 전산망 보안장비의 이해(강사: 김현준 실장) 과목의 강의 만족도(강의 준비 및 스킬 등)는?,보통,0,0.0,20
2025년 정보보안업무 이해(3차),20,instructor,국가 전산망 보안장비의 이해(강사: 김현준 실장) 과목의 강의 만족도(강의 준비 및 스킬 등)는?,불만족,0,0.0,20
2025년 정보보안업무 이해(3차),20,instructor,국가 전산망 보안장비의 이해(강사: 김현준 실장) 과목의 강의 만족도(강의 준비 및 스킬 등)는?,매우 불만족,0,0.0,20
2025년 정보보안업무 이해(3차),21,instructor,국가 전산망 보안장비의 이해(강사: 김현준 실장) 과목의 강의 내용 만족도(강의 컨텐츠 구성 등)는?,매우 만족,15,75.0,20
2025년 정보보안업무 이해(3차),21,instructor,국가 전산망 보안장비의 이해(강사: 김현준 실장) 과목의 강의 내용 만족도(강의 컨텐츠 구성 등)는?,만족,5,25.0,20
2025년 정보보안업무 이해(3차),21,instructor,국가 전산망 보안장비의 이해(강사: 김현준 실장) 과목의 강의 내용 만족도(강의 컨텐츠 구성 등)는?,보통,0,0.0,20
2025년 정보보안업무 이해(3차),21,instructor,국가 전산망 보안장비의 이해(강사: 김현준 실장) 과목의 강의 내용 만족도(강의 컨텐츠 구성 등)는?,불만족,0,0.0,20
2025년 정보보안업무 이해(3차),21,instructor,국가 전산망 보안장비의 이해(강사: 김현준 실장) 과목의 강의 내용 만족도(강의 컨텐츠 구성 등)는?,매우 불만족,0,0.0,20
2025년 정보보안업무 이해(3차),22,instructor,서버 보안 실무(강사: 이종문 책연) 과목의 강의 만족도(강의 준비 및 스킬 등)는?,매우 만족,13,65.0,20
2025년 정보보안업무 이해(3차),22,instructor,서버 보안 실무(강사: 이종문 책연) 과목의 강의 만족도(강의 준비 및 스킬 등)는?,만족,6,30.0,20
2025년 정보보안업무 이해(3차),22,instructor,서버 보안 실무(강사: 이종문 책연) 과목의 강의 만족도(강의 준비 및 스킬 등)는?,보통,1,5.0,20
2025년 정보보안업무 이해(3차),22,instructor,서버 보안 실무(강사: 이종문 책연) 과목의 강의 만족도(강의 준비 및 스킬 등)는?,불만족,0,0.0,20
2025년 정보보안업무 이해(3차),22,instructor,서버 보안 실무(강사: 이종문 책연) 과목의 강의 만족도(강의 준비 및 스킬 등)는?,매우 불만족,0,0.0,20
2025년 정보보안업무 이해(3차),23,instructor,서버 보안 실무(강사: 이종문 책연) 과목의 강의 내용 만족도(강의 컨텐츠 구성 등)는?,매우 만족,12,60.0,20
2025년 정보보안업무 이해(3차),23,instructor,서버 보안 실무(강사: 이종문 책연) 과목의 강의 내용 만족도(강의 컨텐츠 구성 등)는?, 만족,8,40.0,20
2025년 정보보안업무 이해(3차),23,instructor,서버 보안 실무(강사: 이종문 책연) 과목의 강의 내용 만족도(강의 컨텐츠 구성 등)는?,보통,0,0.0,20
2025년 정보보안업무 이해(3차),23,instructor,서버 보안 실무(강사: 이종문 책연) 과목의 강의 내용 만족도(강의 컨텐츠 구성 등)는?,불만족,0,0.0,20
2025년 정보보안업무 이해(3차),23,instructor,서버 보안 실무(강사: 이종문 책연) 과목의 강의 내용 만족도(강의 컨텐츠 구성 등)는?,매우 불만족,0,0.0,20
2025년 정보보안업무 이해(3차),24,instructor,AI 중심 보안 전략(강사: 강명철 선연) 과목의 강의 만족도(강의 준비 및 스킬 등)는?,매우 만족,14,70.0,20
2025년 정보보안업무 이해(3차),24,instructor,AI 중심 보안 전략(강사: 강명철 선연) 과목의 강의 만족도(강의 준비 및 스킬 등)는?,만족,6,30.0,20
2025년 정보보안업무 이해(3차),24,instructor,AI 중심 보안 전략(강사: 강명철 선연) 과목의 강의 만족도(강의 준비 및 스킬 등)는?,보통,0,0.0,20
2025년 정보보안업무 이해(3차),24,instructor,AI 중심 보안 전략(강사: 강명철 선연) 과목의 강의 만족도(강의 준비 및 스킬 등)는?,불만족,0,0.0,20
2025년 정보보안업무 이해(3차),24,instructor,AI 중심 보안 전략(강사: 강명철 선연) 과목의 강의 만족도(강의 준비 및 스킬 등)는?,매우 불만족,0,0.0,20
2025년 정보보안업무 이해(3차),25,instructor,AI 중심 보안 전략(강사: 강명철 선연) 과목의 강의 내용 만족도(강의 컨텐츠 구성 등)는?,매우 만족,14,70.0,20
2025년 정보보안업무 이해(3차),25,instructor,AI 중심 보안 전략(강사: 강명철 선연) 과목의 강의 내용 만족도(강의 컨텐츠 구성 등)는?,만족,6,30.0,20
2025년 정보보안업무 이해(3차),25,instructor,AI 중심 보안 전략(강사: 강명철 선연) 과목의 강의 내용 만족도(강의 컨텐츠 구성 등)는?,보통,0,0.0,20
2025년 정보보안업무 이해(3차),25,instructor,AI 중심 보안 전략(강사: 강명철 선연) 과목의 강의 내용 만족도(강의 컨텐츠 구성 등)는?,불만족,0,0.0,20
2025년 정보보안업무 이해(3차),25,instructor,AI 중심 보안 전략(강사: 강명철 선연) 과목의 강의 내용 만족도(강의 컨텐츠 구성 등)는?,매우 불만족,0,0.0,20
2025년 정보보안업무 이해(3차),26,instructor,랜섬웨어 보안 위협 및 대응(강사: 최영한 책연) 과목의 강의 만족도(강의 준비 및 스킬 등)는?,매우 만족,14,70.0,20
2025년 정보보안업무 이해(3차),26,instructor,랜섬웨어 보안 위협 및 대응(강사: 최영한 책연) 과목의 강의 만족도(강의 준비 및 스킬 등)는?,만족,5,25.0,20
2025년 정보보안업무 이해(3차),26,instructor,랜섬웨어 보안 위협 및 대응(강사: 최영한 책연) 과목의 강의 만족도(강의 준비 및 스킬 등)는?,보통,1,5.0,20
2025년 정보보안업무 이해(3차),26,instructor,랜섬웨어 보안 위협 및 대응(강사: 최영한 책연) 과목의 강의 만족도(강의 준비 및 스킬 등)는?,불만족,0,0.0,20
2025년 정보보안업무 이해(3차),26,instructor,랜섬웨어 보안 위협 및 대응(강사: 최영한 책연) 과목의 강의 만족도(강의 준비 및 스킬 등)는?,매우 불만족,0,0.0,20
2025년 정보보안업무 이해(3차),27,instructor,랜섬웨어 보안 위협 및 대응(강사: 최영한 책연) 과목의 강의 내용 만족도(강의 컨텐츠 구성 등)는?,매우 만족,14,70.0,20
2025년 정보보안업무 이해(3차),27,instructor,랜섬웨어 보안 위협 및 대응(강사: 최영한 책연) 과목의 강의 내용 만족도(강의 컨텐츠 구성 등)는?,만족,4,20.0,20
2025년 정보보안업무 이해(3차),27,instructor,랜섬웨어 보안 위협 및 대응(강사: 최영한 책연) 과목의 강의 내용 만족도(강의 컨텐츠 구성 등)는?,보통,2,10.0,20
2025년 정보보안업무 이해(3차),27,instructor,랜섬웨어 보안 위협 및 대응(강사: 최영한 책연) 과목의 강의 내용 만족도(강의 컨텐츠 구성 등)는?,불만족,0,0.0,20
2025년 정보보안업무 이해(3차),27,instructor,랜섬웨어 보안 위협 및 대응(강사: 최영한 책연) 과목의 강의 내용 만족도(강의 컨텐츠 구성 등)는?,매우 불만족,0,0.0,20
2025년 정보보안업무 이해(3차),28,instructor,보안 취약점 관리와 모의해킹 이해(강사: 이상원 선연) 과목의 강의 만족도(강의 준비 및 스킬 등)는?,매우 만족,14,70.0,20
2025년 정보보안업무 이해(3차),28,instructor,보안 취약점 관리와 모의해킹 이해(강사: 이상원 선연) 과목의 강의 만족도(강의 준비 및 스킬 등)는?,만족,6,30.0,20
2025년 정보보안업무 이해(3차),28,instructor,보안 취약점 관리와 모의해킹 이해(강사: 이상원 선연) 과목의 강의 만족도(강의 준비 및 스킬 등)는?,보통,0,0.0,20
2025년 정보보안업무 이해(3차),28,instructor,보안 취약점 관리와 모의해킹 이해(강사: 이상원 선연) 과목의 강의 만족도(강의 준비 및 스킬 등)는?,불만족,0,0.0,20
2025년 정보보안업무 이해(3차),28,instructor,보안 취약점 관리와 모의해킹 이해(강사: 이상원 선연) 과목의 강의 만족도(강의 준비 및 스킬 등)는?,매우 불만족,0,0.0,20
2025년 정보보안업무 이해(3차),29,instructor,보안 취약점 관리와 모의해킹 이해(강사: 이상원 선연) 과목의 강의 내용 만족도(강의 컨텐츠 구성 등)는?,매우 만족,14,70.0,20
2025년 정보보안업무 이해(3차),29,instructor,보안 취약점 관리와 모의해킹 이해(강사: 이상원 선연) 과목의 강의 내용 만족도(강의 컨텐츠 구성 등)는?, 만족,5,25.0,20
2025년 정보보안업무 이해(3차),29,instructor,보안 취약점 관리와 모의해킹 이해(강사: 이상원 선연) 과목의 강의 내용 만족도(강의 컨텐츠 구성 등)는?,보통,1,5.0,20
2025년 정보보안업무 이해(3차),29,instructor,보안 취약점 관리와 모의해킹 이해(강사: 이상원 선연) 과목의 강의 내용 만족도(강의 컨텐츠 구성 등)는?,불만족,0,0.0,20
2025년 정보보안업무 이해(3차),29,instructor,보안 취약점 관리와 모의해킹 이해(강사: 이상원 선연) 과목의 강의 내용 만족도(강의 컨텐츠 구성 등)는?,매우 불만족,0,0.0,20
2025년 정보보안업무 이해(3차),30,instructor,PC 보안 실무(강사: 채수영 전문위원) 과목의 강의 만족도(강의 준비 및 스킬 등)는?,매우 만족,13,65.0,20
2025년 정보보안업무 이해(3차),30,instructor,PC 보안 실무(강사: 채수영 전문위원) 과목의 강의 만족도(강의 준비 및 스킬 등)는?,만족,7,35.0,20
2025년 정보보안업무 이해(3차),30,instructor,PC 보안 실무(강사: 채수영 전문위원) 과목의 강의 만족도(강의 준비 및 스킬 등)는?,보통,0,0.0,20
2025년 정보보안업무 이해(3차),30,instructor,PC 보안 실무(강사: 채수영 전문위원) 과목의 강의 만족도(강의 준비 및 스킬 등)는?,불만족,0,0.0,20
2025년 정보보안업무 이해(3차),30,instructor,PC 보안 실무(강사: 채수영 전문위원) 과목의 강의 만족도(강의 준비 및 스킬 등)는?,매우 불만족,0,0.0,20
2025년 정보보안업무 이해(3차),31,instructor,PC 보안 실무(강사: 채수영 전문위원) 과목의 강의 내용 만족도(강의 컨텐츠 구성 등)는?,매우 만족,14,70.0,20
2025년 정보보안업무 이해(3차),31,instructor,PC 보안 실무(강사: 채수영 전문위원) 과목의 강의 내용 만족도(강의 컨텐츠 구성 등)는?,만족,6,30.0,20
2025년 정보보안업무 이해(3차),31,instructor,PC 보안 실무(강사: 채수영 전문위원) 과목의 강의 내용 만족도(강의 컨텐츠 구성 등)는?,보통,0,0.0,20
2025년 정보보안업무 이해(3차),31,instructor,PC 보안 실무(강사: 채수영 전문위원) 과목의 강의 내용 만족도(강의 컨텐츠 구성 등)는?,불만족,0,0.0,20
2025년 정보보안업무 이해(3차),31,instructor,PC 보안 실무(강사: 채수영 전문위원) 과목의 강의 내용 만족도(강의 컨텐츠 구성 등)는?,매우 불만족,0,0.0,20
2025년 정보시스템 구축 운영 실무(1차),1,other,귀하께서는 어떤 목적으로 이번 사이버안보훈련센터의 교육과정을 수강하셨습니까?,보안 인식 제고,1,4.0,19
2025년 정보시스템 구축 운영 실무(1차),1,other,귀하께서는 어떤 목적으로 이번 사이버안보훈련센터의 교육과정을 수강하셨습니까?,보안기술 능력 향상,2,9.0,19
2025년 정보시스템 구축 운영 실무(1차),1,other,귀하께서는 어떤 목적으로 이번 사이버안보훈련센터의 교육과정을 수강하셨습니까?,업무에의 활용,18,81.0,19
2025년 정보시스템 구축 운영 실무(1차),1,other,귀하께서는 어떤 목적으로 이번 사이버안보훈련센터의 교육과정을 수강하셨습니까?,교육 의무 시간 이수,1,4.0,19
2025년 정보시스템 구축 운영 실무(1차),1,other,귀하께서는 어떤 목적으로 이번 사이버안보훈련센터의 교육과정을 수강하셨습니까?,상급자 / 동료의 추천,0,0.0,19
2025년 정보시스템 구축 운영 실무(1차),1,other,귀하께서는 어떤 목적으로 이번 사이버안보훈련센터의 교육과정을 수강하셨습니까?,기타,0,0.0,19
2025년 정보시스템 구축 운영 실무(1차),4,difficulty,이번 교육의 난이도는 어떠하였습니까?,쉽다,3,13.0,19
2025년 정보시스템 구축 운영 실무(1차),4,difficulty,이번 교육의 난이도는 어떠하였습니까?,적당하다,19,86.0,19
2025년 정보시스템 구축 운영 실무(1차),4,difficulty,이번 교육의 난이도는 어떠하였습니까?,어렵다,0,0.0,19
2025년 정보시스템 구축 운영 실무(1차),6,satisfaction,이번 교육의 만족도는 어떠하였습니까?,높음,19,86.0,19
2025년 정보시스템 구축 운영 실무(1차),6,satisfaction,이번 교육의 만족도는 어떠하였습니까?,보통,3,13.0,19
2025년 정보시스템 구축 운영 실무(1차),6,satisfaction,이번 교육의 만족도는 어떠하였습니까?,낮음,0,0.0,19
2025년 정보시스템 구축 운영 실무(1차),8,utility,이번 교육의 업무 활용도는 어떠하십니까?,높음,17,77.0,19
2025년 정보시스템 구축 운영 실무(1차),8,utility,이번 교육의 업무 활용도는 어떠하십니까?,보통,5,22.0,19
2025년 정보시스템 구축 운영 실무(1차),8,utility,이번 교육의 업무 활용도는 어떠하십니까?,낮음,0,0.0,19
2025년 정보시스템 구축 운영 실무(1차),10,diff_inst,다른 기관과의 교육 차별성은 어떠하십니까?,차별성 있다,11,50.0,19
2025년 정보시스템 구축 운영 실무(1차),10,diff_inst,다른 기관과의 교육 차별성은 어떠하십니까?,보통이다,11,50.0,19
2025년 정보시스템 구축 운영 실무(1차),10,diff_inst,다른 기관과의 교육 차별성은 어떠하십니까?,차별성없다,0,0.0,19
2025년 정보시스템 구축 운영 실무(1차),12,duration,교육 시간은 적절하다고 생각하십니까?,부족하다,4,18.0,19
2025년 정보시스템 구축 운영 실무(1차),12,duration,교육 시간은 적절하다고 생각하십니까?,적절하다,18,81.0,19
2025년 정보시스템 구축 운영 실무(1차),12,duration,교육 시간은 적절하다고 생각하십니까?,길다,0,0.0,19
2025년 정보시스템 구축 운영 실무(1차),16,instructor,"[운영지침] 과목의 강의(강의 준비 및 강의 스킬, 강의 콘텐츠 구성 등) 만족도는?",매우 불만족,1,4.0,19
2025년 정보시스템 구축 운영 실무(1차),16,instructor,"[운영지침] 과목의 강의(강의 준비 및 강의 스킬, 강의 콘텐츠 구성 등) 만족도는?",불만족,0,0.0,19
2025년 정보시스템 구축 운영 실무(1차),16,instructor,"[운영지침] 과목의 강의(강의 준비 및 강의 스킬, 강의 콘텐츠 구성 등) 만족도는?",보통,2,9.0,19
2025년 정보시스템 구축 운영 실무(1차),16,instructor,"[운영지침] 과목의 강의(강의 준비 및 강의 스킬, 강의 콘텐츠 구성 등) 만족도는?",만족,9,40.0,19
2025년 정보시스템 구축 운영 실무(1차),16,instructor,"[운영지침] 과목의 강의(강의 준비 및 강의 스킬, 강의 콘텐츠 구성 등) 만족도는?",매우 만족,10,45.0,19
2025년 정보시스템 구축 운영 실무(1차),17,instructor,"[공공SW사업] 과목의 강의(강의 준비 및 강의 스킬, 강의 콘텐츠 구성 등) 만족도는?",매우 불만족,1,4.0,19
2025년 정보시스템 구축 운영 실무(1차),17,instructor,"[공공SW사업] 과목의 강의(강의 준비 및 강의 스킬, 강의 콘텐츠 구성 등) 만족도는?",불만족,0,0.0,19
2025년 정보시스템 구축 운영 실무(1차),17,instructor,"[공공SW사업] 과목의 강의(강의 준비 및 강의 스킬, 강의 콘텐츠 구성 등) 만족도는?",보통,2,9.0,19
2025년 정보시스템 구축 운영 실무(1차),17,instructor,"[공공SW사업] 과목의 강의(강의 준비 및 강의 스킬, 강의 콘텐츠 구성 등) 만족도는?",만족,5,22.0,19
2025년 정보시스템 구축 운영 실무(1차),17,instructor,"[공공SW사업] 과목의 강의(강의 준비 및 강의 스킬, 강의 콘텐츠 구성 등) 만족도는?",매우 만족,14,63.0,19
2025년 정보시스템 구축 운영 실무(2차),1,other,귀하께서는 어떤 목적으로 이번 사이버안보훈련센터의 교육과정을 수강하셨습니까?,보안 인식 제고,0,0.0,17
2025년 정보시스템 구축 운영 실무(2차),1,other,귀하께서는 어떤 목적으로 이번 사이버안보훈련센터의 교육과정을 수강하셨습니까?,보안기술 능력 향상,2,11.0,17
2025년 정보시스템 구축 운영 실무(2차),1,other,귀하께서는 어떤 목적으로 이번 사이버안보훈련센터의 교육과정을 수강하셨습니까?,업무에의 활용,12,70.0,17
2025년 정보시스템 구축 운영 실무(2차),1,other,귀하께서는 어떤 목적으로 이번 사이버안보훈련센터의 교육과정을 수강하셨습니까?,교육 의무 시간 이수,3,17.0,17
2025년 정보시스템 구축 운영 실무(2차),1,other,귀하께서는 어떤 목적으로 이번 사이버안보훈련센터의 교육과정을 수강하셨습니까?,상급자 / 동료의 추천,0,0.0,17
2025년 정보시스템 구축 운영 실무(2차),1,other,귀하께서는 어떤 목적으로 이번 사이버안보훈련센터의 교육과정을 수강하셨습니까?,기타,0,0.0,17
2025년 정보시스템 구축 운영 실무(2차),4,difficulty,이번 교육의 난이도는 어떠하였습니까?,쉽다,0,0.0,17
2025년 정보시스템 구축 운영 실무(2차),4,difficulty,이번 교육의 난이도는 어떠하였습니까?,적당하다,16,94.0,17
2025년 정보시스템 구축 운영 실무(2차),4,difficulty,이번 교육의 난이도는 어떠하였습니까?,어렵다,1,5.0,17
2025년 정보시스템 구축 운영 실무(2차),6,satisfaction,이번 교육의 만족도는 어떠하였습니까?,높음,13,76.0,17
2025년 정보시스템 구축 운영 실무(2차),6,satisfaction,이번 교육의 만족도는 어떠하였습니까?,보통,4,23.0,17
2025년 정보시스템 구축 운영 실무(2차),6,satisfaction,이번 교육의 만족도는 어떠하였습니까?,낮음,0,0.0,17
2025년 정보시스템 구축 운영 실무(2차),8,utility,이번 교육의 업무 활용도는 어떠하십니까?,높음,15,88.0,17
2025년 정보시스템 구축 운영 실무(2차),8,utility,이번 교육의 업무 활용도는 어떠하십니까?,보통,2,11.0,17
2025년 정보시스템 구축 운영 실무(2차),8,utility,이번 교육의 업무 활용도는 어떠하십니까?,낮음,0,0.0,17
2025년 정보시스템 구축 운영 실무(2차),10,diff_inst,다른 기관과의 교육 차별성은 어떠하십니까?,차별성 있다,11,64.0,17
2025년 정보시스템 구축 운영 실무(2차),10,diff_inst,다른 기관과의 교육 차별성은 어떠하십니까?,보통이다,6,35.0,17
2025년 정보시스템 구축 운영 실무(2차),10,diff_inst,다른 기관과의 교육 차별성은 어떠하십니까?,차별성없다,0,0.0,17
2025년 정보시스템 구축 운영 실무(2차),12,duration,교육 시간은 적절하다고 생각하십니까?,부족하다,5,29.0,17
2025년 정보시스템 구축 운영 실무(2차),12,duration,교육 시간은 적절하다고 생각하십니까?,적절하다,12,70.0,17
2025년 정보시스템 구축 운영 실무(2차),12,duration,교육 시간은 적절하다고 생각하십니까?,길다,0,0.0,17
2025년 정보시스템 구축 운영 실무(2차),16,instructor,"[운영지침] 과목의 강의(강의 준비 및 강의 스킬, 강의 콘텐츠 구성 등) 만족도는?",매우 불만족,0,0.0,17
2025년 정보시스템 구축 운영 실무(2차),16,instructor,"[운영지침] 과목의 강의(강의 준비 및 강의 스킬, 강의 콘텐츠 구성 등) 만족도는?",불만족,0,0.0,17
2025년 정보시스템 구축 운영 실무(2차),16,instructor,"[운영지침] 과목의 강의(강의 준비 및 강의 스킬, 강의 콘텐츠 구성 등) 만족도는?",보통,1,5.0,17
2025년 정보시스템 구축 운영 실무(2차),16,instructor,"[운영지침] 과목의 강의(강의 준비 및 강의 스킬, 강의 콘텐츠 구성 등) 만족도는?",만족,8,47.0,17
2025년 정보시스템 구축 운영 실무(2차),16,instructor,"[운영지침] 과목의 강의(강의 준비 및 강의 스킬, 강의 콘텐츠 구성 등) 만족도는?",매우 만족,8,47.0,17
2025년 정보시스템 구축 운영 실무(2차),17,instructor,"[공공SW사업] 과목의 강의(강의 준비 및 강의 스킬, 강의 콘텐츠 구성 등) 만족도는?",매우 불만족,0,0.0,17
2025년 정보시스템 구축 운영 실무(2차),17,instructor,"[공공SW사업] 과목의 강의(강의 준비 및 강의 스킬, 강의 콘텐츠 구성 등) 만족도는?",불만족,0,0.0,17
2025년 정보시스템 구축 운영 실무(2차),17,instructor,"[공공SW사업] 과목의 강의(강의 준비 및 강의 스킬, 강의 콘텐츠 구성 등) 만족도는?",보통,1,5.0,17
2025년 정보시스템 구축 운영 실무(2차),17,instructor,"[공공SW사업] 과목의 강의(강의 준비 및 강의 스킬, 강의 콘텐츠 구성 등) 만족도는?",만족,9,52.0,17
2025년 정보시스템 구축 운영 실무(2차),17,instructor,"[공공SW사업] 과목의 강의(강의 준비 및 강의 스킬, 강의 콘텐츠 구성 등) 만족도는?",매우 만족,7,41.0,17
"2025년 정보화사업 보안성 검토(1차, 대전)",1,other,귀하께서는 어떤 목적으로 이번 사이버안보훈련센터의 교육과정을 수강하셨습니까?,보안 인식 제고,5,10.0,48
"2025년 정보화사업 보안성 검토(1차, 대전)",1,other,귀하께서는 어떤 목적으로 이번 사이버안보훈련센터의 교육과정을 수강하셨습니까?,보안기술 능력 향상,5,10.0,48
"2025년 정보화사업 보안성 검토(1차, 대전)",1,other,귀하께서는 어떤 목적으로 이번 사이버안보훈련센터의 교육과정을 수강하셨습니까?,업무에의 활용,32,66.0,48
"2025년 정보화사업 보안성 검토(1차, 대전)",1,other,귀하께서는 어떤 목적으로 이번 사이버안보훈련센터의 교육과정을 수강하셨습니까?,교육 의무 시간 이수,5,10.0,48
"2025년 정보화사업 보안성 검토(1차, 대전)",1,other,귀하께서는 어떤 목적으로 이번 사이버안보훈련센터의 교육과정을 수강하셨습니까?,상급자 / 동료의 추천,0,0.0,48
"2025년 정보화사업 보안성 검토(1차, 대전)",1,other,귀하께서는 어떤 목적으로 이번 사이버안보훈련센터의 교육과정을 수강하셨습니까?,기타,1,2.0,48
"2025년 정보화사업 보안성 검토(1차, 대전)",4,difficulty,이번 교육의 난이도는 어떠하였습니까?,쉽다,4,8.0,48
"2025년 정보화사업 보안성 검토(1차, 대전)",4,difficulty,이번 교육의 난이도는 어떠하였습니까?,적당하다,41,85.0,48
"2025년 정보화사업 보안성 검토(1차, 대전)",4,difficulty,이번 교육의 난이도는 어떠하였습니까?,어렵다,3,6.0,48
"2025년 정보화사업 보안성 검토(1차, 대전)",6,satisfaction,이번 교육의 만족도는 어떠하였습니까?,높음,27,56.0,48
"2025년 정보화사업 보안성 검토(1차, 대전)",6,satisfaction,이번 교육의 만족도는 어떠하였습니까?,보통,20,41.0,48
"2025년 정보화사업 보안성 검토(1차, 대전)",6,satisfaction,이번 교육의 만족도는 어떠하였습니까?,낮음,1,2.0,48
"2025년 정보화사업 보안성 검토(1차, 대전)",8,utility,이번 교육의 업무 활용도는 어떠하십니까?,높음,30,62.0,48
"2025년 정보화사업 보안성 검토(1차, 대전)",8,utility,이번 교육의 업무 활용도는 어떠하십니까?,보통,18,37.0,48
"2025년 정보화사업 보안성 검토(1차, 대전)",8,utility,이번 교육의 업무 활용도는 어떠하십니까?,낮음,0,0.0,48
"2025년 정보화사업 보안성 검토(1차, 대전)",10,diff_inst,다른 기관과의 교육 차별성은 어떠하십니까?,차별성 있다,26,54.0,48
"2025년 정보화사업 보안성 검토(1차, 대전)",10,diff_inst,다른 기관과의 교육 차별성은 어떠하십니까?,보통이다,21,43.0,48
"2025년 정보화사업 보안성 검토(1차, 대전)",10,diff_inst,다른 기관과의 교육 차별성은 어떠하십니까?,차별성없다,1,2.0,48
"2025년 정보화사업 보안성 검토(1차, 대전)",12,duration,교육 시간은 적절하다고 생각하십니까?,부족하다,7,14.0,48
"2025년 정보화사업 보안성 검토(1차, 대전)",12,duration,교육 시간은 적절하다고 생각하십니까?,적절하다,40,83.0,48
"2025년 정보화사업 보안성 검토(1차, 대전)",12,duration,교육 시간은 적절하다고 생각하십니까?,길다,1,2.0,48
"2025년 정보화사업 보안성 검토(1차, 대전)",16,instructor,[보안성 검토] 과목의 강의 만족도는?,매우 불만족,0,0.0,48
"2025년 정보화사업 보안성 검토(1차, 대전)",16,instructor,[보안성 검토] 과목의 강의 만족도는?,불만족,0,0.0,48
"2025년 정보화사업 보안성 검토(1차, 대전)",16,instructor,[보안성 검토] 과목의 강의 만족도는?,보통,10,20.0,48
"2025년 정보화사업 보안성 검토(1차, 대전)",16,instructor,[보안성 검토] 과목의 강의 만족도는?,만족,19,39.0,48
"2025년 정보화사업 보안성 검토(1차, 대전)",16,instructor,[보안성 검토] 과목의 강의 만족도는?,매우 만족,19,39.0,48
"2025년 정보화사업 보안성 검토(2차, 대전)",1,other,귀하께서는 어떤 목적으로 이번 사이버안보훈련센터의 교육과정을 수강하셨습니까?,보안 인식 제고,4,8.0,47
"2025년 정보화사업 보안성 검토(2차, 대전)",1,other,귀하께서는 어떤 목적으로 이번 사이버안보훈련센터의 교육과정을 수강하셨습니까?,보안기술 능력 향상,4,8.0,47
"2025년 정보화사업 보안성 검토(2차, 대전)",1,other,귀하께서는 어떤 목적으로 이번 사이버안보훈련센터의 교육과정을 수강하셨습니까?,업무에의 활용,37,78.0,47
"2025년 정보화사업 보안성 검토(2차, 대전)",1,other,귀하께서는 어떤 목적으로 이번 사이버안보훈련센터의 교육과정을 수강하셨습니까?,교육 의무 시간 이수,2,4.0,47
"2025년 정보화사업 보안성 검토(2차, 대전)",1,other,귀하께서는 어떤 목적으로 이번 사이버안보훈련센터의 교육과정을 수강하셨습니까?,상급자 / 동료의 추천,0,0.0,47
"2025년 정보화사업 보안성 검토(2차, 대전)",1,other,귀하께서는 어떤 목적으로 이번 사이버안보훈련센터의 교육과정을 수강하셨습니까?,기타,0,0.0,47
"2025년 정보화사업 보안성 검토(2차, 대전)",4,difficulty,이번 교육의 난이도는 어떠하였습니까?,쉽다,1,2.0,47
"2025년 정보화사업 보안성 검토(2차, 대전)",4,difficulty,이번 교육의 난이도는 어떠하였습니까?,적당하다,43,91.0,47
"2025년 정보화사업 보안성 검토(2차, 대전)",4,difficulty,이번 교육의 난이도는 어떠하였습니까?,어렵다,3,6.0,47
"2025년 정보화사업 보안성 검토(2차, 대전)",6,satisfaction,이번 교육의 만족도는 어떠하였습니까?,높음,23,48.0,47
"2025년 정보화사업 보안성 검토(2차, 대전)",6,satisfaction,이번 교육의 만족도는 어떠하였습니까?,보통,23,48.0,47
"2025년 정보화사업 보안성 검토(2차, 대전)",6,satisfaction,이번 교육의 만족도는 어떠하였습니까?,낮음,1,2.0,47
"2025년 정보화사업 보안성 검토(2차, 대전)",8,utility,이번 교육의 업무 활용도는 어떠하십니까?,높음,25,53.0,47
"2025년 정보화사업 보안성 검토(2차, 대전)",8,utility,이번 교육의 업무 활용도는 어떠하십니까?,보통,21,44.0,47
"2025년 정보화사업 보안성 검토(2차, 대전)",8,utility,이번 교육의 업무 활용도는 어떠하십니까?,낮음,1,2.0,47
"2025년 정보화사업 보안성 검토(2차, 대전)",10,diff_inst,다른 기관과의 교육 차별성은 어떠하십니까?,차별성 있다,20,42.0,47
"2025년 정보화사업 보안성 검토(2차, 대전)",10,diff_inst,다른 기관과의 교육 차별성은 어떠하십니까?,보통이다,26,55.0,47
"2025년 정보화사업 보안성 검토(2차, 대전)",10,diff_inst,다른 기관과의 교육 차별성은 어떠하십니까?,차별성없다,1,2.0,47
"2025년 정보화사업 보안성 검토(2차, 대전)",12,duration,교육 시간은 적절하다고 생각하십니까?,부족하다,9,19.0,47
"2025년 정보화사업 보안성 검토(2차, 대전)",12,duration,교육 시간은 적절하다고 생각하십니까?,적절하다,37,78.0,47
"2025년 정보화사업 보안성 검토(2차, 대전)",12,duration,교육 시간은 적절하다고 생각하십니까?,길다,1,2.0,47
"2025년 정보화사업 보안성 검토(2차, 대전)",16,instructor,[보안성 검토] 과목의 강의(강의 준비 및 강의 스킬) 만족도는?,매우 불만족,1,2.0,47
"2025년 정보화사업 보안성 검토(2차, 대전)",16,instructor,[보안성 검토] 과목의 강의(강의 준비 및 강의 스킬) 만족도는?,불만족,0,0.0,47
"2025년 정보화사업 보안성 검토(2차, 대전)",16,instructor,[보안성 검토] 과목의 강의(강의 준비 및 강의 스킬) 만족도는?,보통,12,25.0,47
"2025년 정보화사업 보안성 검토(2차, 대전)",16,instructor,[보안성 검토] 과목의 강의(강의 준비 및 강의 스킬) 만족도는?,만족,17,36.0,47
"2025년 정보화사업 보안성 검토(2차, 대전)",16,instructor,[보안성 검토] 과목의 강의(강의 준비 및 강의 스킬) 만족도는?,매우 만족,17,36.0,47
2025년 제어시스템 사이버공격 대응 실전 훈련(1차),1,other,귀하께서는 어떤 목적으로 이번 사이버안보훈련센터의 교육과정을 수강하셨습니까?,보안 인식 제고,3,6.0,48
2025년 제어시스템 사이버공격 대응 실전 훈련(1차),1,other,귀하께서는 어떤 목적으로 이번 사이버안보훈련센터의 교육과정을 수강하셨습니까?,보안기술 능력 향상,8,16.0,48
2025년 제어시스템 사이버공격 대응 실전 훈련(1차),1,other,귀하께서는 어떤 목적으로 이번 사이버안보훈련센터의 교육과정을 수강하셨습니까?,업무에의 활용,35,72.0,48
2025년 제어시스템 사이버공격 대응 실전 훈련(1차),1,other,귀하께서는 어떤 목적으로 이번 사이버안보훈련센터의 교육과정을 수강하셨습니까?,교육 의무 시간 이수,1,2.0,48
2025년 제어시스템 사이버공격 대응 실전 훈련(1차),1,other,귀하께서는 어떤 목적으로 이번 사이버안보훈련센터의 교육과정을 수강하셨습니까?,상급자 / 동료의 추천,0,0.0,48
2025년 제어시스템 사이버공격 대응 실전 훈련(1차),1,other,귀하께서는 어떤 목적으로 이번 사이버안보훈련센터의 교육과정을 수강하셨습니까?,기타,1,2.0,48
2025년 제어시스템 사이버공격 대응 실전 훈련(1차),4,difficulty,이번 교육의 난이도는 어떠하였습니까?,쉽다,1,2.0,48
2025년 제어시스템 사이버공격 대응 실전 훈련(1차),4,difficulty,이번 교육의 난이도는 어떠하였습니까?,적당하다,47,97.0,48
2025년 제어시스템 사이버공격 대응 실전 훈련(1차),4,difficulty,이번 교육의 난이도는 어떠하였습니까?,어렵다,0,0.0,48
2025년 제어시스템 사이버공격 대응 실전 훈련(1차),6,satisfaction,이번 교육의 만족도는 어떠하였습니까?,높음,37,77.0,48
2025년 제어시스템 사이버공격 대응 실전 훈련(1차),6,satisfaction,이번 교육의 만족도는 어떠하였습니까?,보통,11,22.0,48
2025년 제어시스템 사이버공격 대응 실전 훈련(1차),6,satisfaction,이번 교육의 만족도는 어떠하였습니까?,낮음,0,0.0,48
2025년 제어시스템 사이버공격 대응 실전 훈련(1차),8,utility,이번 교육의 업무 활용도는 어떠하십니까?,높음,43,89.0,48
2025년 제어시스템 사이버공격 대응 실전 훈련(1차),8,utility,이번 교육의 업무 활용도는 어떠하십니까?,보통,5,10.0,48
2025년 제어시스템 사이버공격 대응 실전 훈련(1차),8,utility,이번 교육의 업무 활용도는 어떠하십니까?,낮음,0,0.0,48
2025년 제어시스템 사이버공격 대응 실전 훈련(1차),10,diff_inst,다른 기관과의 교육 차별성은 어떠하십니까?,차별성 있다,29,60.0,48
2025년 제어시스템 사이버공격 대응 실전 훈련(1차),10,diff_inst,다른 기관과의 교육 차별성은 어떠하십니까?,보통이다,18,37.0,48
2025년 제어시스템 사이버공격 대응 실전 훈련(1차),10,diff_inst,다른 기관과의 교육 차별성은 어떠하십니까?,차별성없다,1,2.0,48
2025년 제어시스템 사이버공격 대응 실전 훈련(1차),16,instructor,[계획] (강사명 직책) 과목의 강의(강의 준비 및 강의 스킬) 만족도는?,매우 불만족,1,2.0,48
2025년 제어시스템 사이버공격 대응 실전 훈련(1차),16,instructor,[계획] (강사명 직책) 과목의 강의(강의 준비 및 강의 스킬) 만족도는?,불만족,0,0.0,48
2025년 제어시스템 사이버공격 대응 실전 훈련(1차),16,instructor,[계획] (강사명 직책) 과목의 강의(강의 준비 및 강의 스킬) 만족도는?,보통,4,8.0,48
2025년 제어시스템 사이버공격 대응 실전 훈련(1차),16,instructor,[계획] (강사명 직책) 과목의 강의(강의 준비 및 강의 스킬) 만족도는?,만족,6,12.0,48
2025년 제어시스템 사이버공격 대응 실전 훈련(1차),16,instructor,[계획] (강사명 직책) 과목의 강의(강의 준비 및 강의 스킬) 만족도는?,매우 만족,37,77.0,48
2025년 제어시스템 사이버공격 대응 실전 훈련(1차),17,instructor,[탐지] (강사명 직책) 과목의 강의 내용(강의 콘텐츠 구성 등) 만족도는?,매우 불만족,0,0.0,48
2025년 제어시스템 사이버공격 대응 실전 훈련(1차),17,instructor,[탐지] (강사명 직책) 과목의 강의 내용(강의 콘텐츠 구성 등) 만족도는?,불만족,0,0.0,48
2025년 제어시스템 사이버공격 대응 실전 훈련(1차),17,instructor,[탐지] (강사명 직책) 과목의 강의 내용(강의 콘텐츠 구성 등) 만족도는?,보통,5,10.0,48
2025년 제어시스템 사이버공격 대응 실전 훈련(1차),17,instructor,[탐지] (강사명 직책) 과목의 강의 내용(강의 콘텐츠 구성 등) 만족도는?,만족,7,14.0,48
2025년 제어시스템 사이버공격 대응 실전 훈련(1차),17,instructor,[탐지] (강사명 직책) 과목의 강의 내용(강의 콘텐츠 구성 등) 만족도는?,매우 만족,36,75.0,48
2025년 제어시스템 사이버공격 대응 실전 훈련(1차),18,instructor,[격리] (강사명 직책) 과목의 강의 내용(강의 콘텐츠 구성 등) 만족도는?,매우 불만족,0,0.0,48
2025년 제어시스템 사이버공격 대응 실전 훈련(1차),18,instructor,[격리] (강사명 직책) 과목의 강의 내용(강의 콘텐츠 구성 등) 만족도는?,불만족,0,0.0,48
2025년 제어시스템 사이버공격 대응 실전 훈련(1차),18,instructor,[격리] (강사명 직책) 과목의 강의 내용(강의 콘텐츠 구성 등) 만족도는?,보통,7,14.0,48
2025년 제어시스템 사이버공격 대응 실전 훈련(1차),18,instructor,[격리] (강사명 직책) 과목의 강의 내용(강의 콘텐츠 구성 등) 만족도는?,만족,8,16.0,48
2025년 제어시스템 사이버공격 대응 실전 훈련(1차),18,instructor,[격리] (강사명 직책) 과목의 강의 내용(강의 콘텐츠 구성 등) 만족도는?,매우 만족,33,68.0,48
2025년 제어시스템 사이버공격 대응 실전 훈련(1차),19,instructor,[치료] (강사명 직책) 과목의 강의 내용(강의 콘텐츠 구성 등) 만족도는?,매우 불만족,0,0.0,48
2025년 제어시스템 사이버공격 대응 실전 훈련(1차),19,instructor,[치료] (강사명 직책) 과목의 강의 내용(강의 콘텐츠 구성 등) 만족도는?,불만족,0,0.0,48
2025년 제어시스템 사이버공격 대응 실전 훈련(1차),19,instructor,[치료] (강사명 직책) 과목의 강의 내용(강의 콘텐츠 구성 등) 만족도는?,보통,5,10.0,48
2025년 제어시스템 사이버공격 대응 실전 훈련(1차),19,instructor,[치료] (강사명 직책) 과목의 강의 내용(강의 콘텐츠 구성 등) 만족도는?,만족,9,18.0,48
2025년 제어시스템 사이버공격 대응 실전 훈련(1차),19,instructor,[치료] (강사명 직책) 과목의 강의 내용(강의 콘텐츠 구성 등) 만족도는?,매우 만족,34,70.0,48
2025년 제어시스템 사이버공격 대응 실전 훈련(1차),20,instructor,[복원] (강사명 직책) 과목의 강의 내용(강의 콘텐츠 구성 등) 만족도는?,매우 불만족,0,0.0,48
2025년 제어시스템 사이버공격 대응 실전 훈련(1차),20,instructor,[복원] (강사명 직책) 과목의 강의 내용(강의 콘텐츠 구성 등) 만족도는?,불만족,0,0.0,48
2025년 제어시스템 사이버공격 대응 실전 훈련(1차),20,instructor,[복원] (강사명 직책) 과목의 강의 내용(강의 콘텐츠 구성 등) 만족도는?,보통,5,10.0,48
2025년 제어시스템 사이버공격 대응 실전 훈련(1차),20,instructor,[복원] (강사명 직책) 과목의 강의 내용(강의 콘텐츠 구성 등) 만족도는?,만족,8,16.0,48
2025년 제어시스템 사이버공격 대응 실전 훈련(1차),20,instructor,[복원] (강사명 직책) 과목의 강의 내용(강의 콘텐츠 구성 등) 만족도는?,매우 만족,35,72.0,48
2025년 제어시스템 사이버공격 대응 실전 훈련(2차),1,other,귀하께서는 어떤 목적으로 이번 사이버안보훈련센터의 교육과정을 수강하셨습니까?,보안 인식 제고,8,20.0,40
2025년 제어시스템 사이버공격 대응 실전 훈련(2차),1,other,귀하께서는 어떤 목적으로 이번 사이버안보훈련센터의 교육과정을 수강하셨습니까?,보안기술 능력 향상,6,15.0,40
2025년 제어시스템 사이버공격 대응 실전 훈련(2차),1,other,귀하께서는 어떤 목적으로 이번 사이버안보훈련센터의 교육과정을 수강하셨습니까?,업무에의 활용,24,60.0,40
2025년 제어시스템 사이버공격 대응 실전 훈련(2차),1,other,귀하께서는 어떤 목적으로 이번 사이버안보훈련센터의 교육과정을 수강하셨습니까?,교육 의무 시간 이수,2,5.0,40
2025년 제어시스템 사이버공격 대응 실전 훈련(2차),1,other,귀하께서는 어떤 목적으로 이번 사이버안보훈련센터의 교육과정을 수강하셨습니까?,상급자 / 동료의 추천,0,0.0,40
2025년 제어시스템 사이버공격 대응 실전 훈련(2차),1,other,귀하께서는 어떤 목적으로 이번 사이버안보훈련센터의 교육과정을 수강하셨습니까?,기타,0,0.0,40
2025년 제어시스템 사이버공격 대응 실전 훈련(2차),4,difficulty,이번 교육의 난이도는 어떠하였습니까?,쉽다,1,2.0,40
2025년 제어시스템 사이버공격 대응 실전 훈련(2차),4,difficulty,이번 교육의 난이도는 어떠하였습니까?,적당하다,35,87.0,40
2025년 제어시스템 사이버공격 대응 실전 훈련(2차),4,difficulty,이번 교육의 난이도는 어떠하였습니까?,어렵다,4,10.0,40
2025년 제어시스템 사이버공격 대응 실전 훈련(2차),6,satisfaction,이번 교육의 만족도는 어떠하였습니까?,높음,17,42.0,40
2025년 제어시스템 사이버공격 대응 실전 훈련(2차),6,satisfaction,이번 교육의 만족도는 어떠하였습니까?,보통,23,57.0,40
2025년 제어시스템 사이버공격 대응 실전 훈련(2차),6,satisfaction,이번 교육의 만족도는 어떠하였습니까?,낮음,0,0.0,40
2025년 제어시스템 사이버공격 대응 실전 훈련(2차),8,utility,이번 교육의 업무 활용도는 어떠하십니까?,높음,24,60.0,40
2025년 제어시스템 사이버공격 대응 실전 훈련(2차),8,utility,이번 교육의 업무 활용도는 어떠하십니까?,보통,16,40.0,40
2025년 제어시스템 사이버공격 대응 실전 훈련(2차),8,utility,이번 교육의 업무 활용도는 어떠하십니까?,낮음,0,0.0,40
2025년 제어시스템 사이버공격 대응 실전 훈련(2차),10,diff_inst,다른 기관과의 교육 차별성은 어떠하십니까?,차별성 있다,11,27.0,40
2025년 제어시스템 사이버공격 대응 실전 훈련(2차),10,diff_inst,다른 기관과의 교육 차별성은 어떠하십니까?,보통이다,27,67.0,40
2025년 제어시스템 사이버공격 대응 실전 훈련(2차),10,diff_inst,다른 기관과의 교육 차별성은 어떠하십니까?,차별성없다,2,5.0,40
2025년 제어시스템 사이버공격 대응 실전 훈련(2차),16,instructor,[계획]  과목의 강의(강의 준비 및 강의 스킬) 만족도는?,매우 불만족,1,2.0,40
2025년 제어시스템 사이버공격 대응 실전 훈련(2차),16,instructor,[계획]  과목의 강의(강의 준비 및 강의 스킬) 만족도는?,불만족,0,0.0,40
2025년 제어시스템 사이버공격 대응 실전 훈련(2차),16,instructor,[계획]  과목의 강의(강의 준비 및 강의 스킬) 만족도는?,보통,5,12.0,40
2025년 제어시스템 사이버공격 대응 실전 훈련(2차),16,instructor,[계획]  과목의 강의(강의 준비 및 강의 스킬) 만족도는?,만족,23,57.0,40
2025년 제어시스템 사이버공격 대응 실전 훈련(2차),16,instructor,[계획]  과목의 강의(강의 준비 및 강의 스킬) 만족도는?,매우 만족,11,27.0,40
2025년 제어시스템 사이버공격 대응 실전 훈련(2차),17,instructor,[탐지] 과목의 강의 내용(강의 콘텐츠 구성 등) 만족도는?,매우 불만족,0,0.0,40
2025년 제어시스템 사이버공격 대응 실전 훈련(2차),17,instructor,[탐지] 과목의 강의 내용(강의 콘텐츠 구성 등) 만족도는?,불만족,0,0.0,40
2025년 제어시스템 사이버공격 대응 실전 훈련(2차),17,instructor,[탐지] 과목의 강의 내용(강의 콘텐츠 구성 등) 만족도는?,보통,7,17.0,40
2025년 제어시스템 사이버공격 대응 실전 훈련(2차),17,instructor,[탐지] 과목의 강의 내용(강의 콘텐츠 구성 등) 만족도는?,만족,19,47.0,40
2025년 제어시스템 사이버공격 대응 실전 훈련(2차),17,instructor,[탐지] 과목의 강의 내용(강의 콘텐츠 구성 등) 만족도는?,매우 만족,14,35.0,40
2025년 제어시스템 사이버공격 대응 실전 훈련(2차),18,instructor,[격리] 과목의 강의 내용(강의 콘텐츠 구성 등) 만족도는?,매우 불만족,0,0.0,40
2025년 제어시스템 사이버공격 대응 실전 훈련(2차),18,instructor,[격리] 과목의 강의 내용(강의 콘텐츠 구성 등) 만족도는?,불만족,0,0.0,40
2025년 제어시스템 사이버공격 대응 실전 훈련(2차),18,instructor,[격리] 과목의 강의 내용(강의 콘텐츠 구성 등) 만족도는?,보통,4,10.0,40
2025년 제어시스템 사이버공격 대응 실전 훈련(2차),18,instructor,[격리] 과목의 강의 내용(강의 콘텐츠 구성 등) 만족도는?,만족,21,52.0,40
2025년 제어시스템 사이버공격 대응 실전 훈련(2차),18,instructor,[격리] 과목의 강의 내용(강의 콘텐츠 구성 등) 만족도는?,매우 만족,15,37.0,40
2025년 제어시스템 사이버공격 대응 실전 훈련(2차),19,instructor,[치료] 과목의 강의 내용(강의 콘텐츠 구성 등) 만족도는?,매우 불만족,0,0.0,40
2025년 제어시스템 사이버공격 대응 실전 훈련(2차),19,instructor,[치료] 과목의 강의 내용(강의 콘텐츠 구성 등) 만족도는?,불만족,1,2.0,40
2025년 제어시스템 사이버공격 대응 실전 훈련(2차),19,instructor,[치료] 과목의 강의 내용(강의 콘텐츠 구성 등) 만족도는?,보통,5,12.0,40
2025년 제어시스템 사이버공격 대응 실전 훈련(2차),19,instructor,[치료] 과목의 강의 내용(강의 콘텐츠 구성 등) 만족도는?,만족,19,47.0,40
2025년 제어시스템 사이버공격 대응 실전 훈련(2차),19,instructor,[치료] 과목의 강의 내용(강의 콘텐츠 구성 등) 만족도는?,매우 만족,15,37.0,40
2025년 제어시스템 사이버공격 대응 실전 훈련(2차),20,instructor,[복원] 과목의 강의 내용(강의 콘텐츠 구성 등) 만족도는?,매우 불만족,0,0.0,40
2025년 제어시스템 사이버공격 대응 실전 훈련(2차),20,instructor,[복원] 과목의 강의 내용(강의 콘텐츠 구성 등) 만족도는?,불만족,1,2.0,40
2025년 제어시스템 사이버공격 대응 실전 훈련(2차),20,instructor,[복원] 과목의 강의 내용(강의 콘텐츠 구성 등) 만족도는?,보통,4,10.0,40
2025년 제어시스템 사이버공격 대응 실전 훈련(2차),20,instructor,[복원] 과목의 강의 내용(강의 콘텐츠 구성 등) 만족도는?,만족,21,52.0,40
2025년 제어시스템 사이버공격 대응 실전 훈련(2차),20,instructor,[복원] 과목의 강의 내용(강의 콘텐츠 구성 등) 만족도는?,매우 만족,14,35.0,40
2025년 제어시스템 사이버공격 대응 실전 훈련(3차),1,other,귀하께서는 어떤 목적으로 이번 사이버안보훈련센터의 교육과정을 수강하셨습니까?,보안 인식 제고,1,2.0,34
2025년 제어시스템 사이버공격 대응 실전 훈련(3차),1,other,귀하께서는 어떤 목적으로 이번 사이버안보훈련센터의 교육과정을 수강하셨습니까?,보안기술 능력 향상,5,14.0,34
2025년 제어시스템 사이버공격 대응 실전 훈련(3차),1,other,귀하께서는 어떤 목적으로 이번 사이버안보훈련센터의 교육과정을 수강하셨습니까?,업무에의 활용,22,64.0,34
2025년 제어시스템 사이버공격 대응 실전 훈련(3차),1,other,귀하께서는 어떤 목적으로 이번 사이버안보훈련센터의 교육과정을 수강하셨습니까?,교육 의무 시간 이수,2,5.0,34
2025년 제어시스템 사이버공격 대응 실전 훈련(3차),1,other,귀하께서는 어떤 목적으로 이번 사이버안보훈련센터의 교육과정을 수강하셨습니까?,상급자 / 동료의 추천,1,2.0,34
2025년 제어시스템 사이버공격 대응 실전 훈련(3차),1,other,귀하께서는 어떤 목적으로 이번 사이버안보훈련센터의 교육과정을 수강하셨습니까?,기타,3,8.0,34
2025년 제어시스템 사이버공격 대응 실전 훈련(3차),4,difficulty,이번 교육의 난이도는 어떠하였습니까?,쉽다,4,11.0,34
2025년 제어시스템 사이버공격 대응 실전 훈련(3차),4,difficulty,이번 교육의 난이도는 어떠하였습니까?,적당하다,26,76.0,34
2025년 제어시스템 사이버공격 대응 실전 훈련(3차),4,difficulty,이번 교육의 난이도는 어떠하였습니까?,어렵다,4,11.0,34
2025년 제어시스템 사이버공격 대응 실전 훈련(3차),6,satisfaction,이번 교육의 만족도는 어떠하였습니까?,높음,22,64.0,34
2025년 제어시스템 사이버공격 대응 실전 훈련(3차),6,satisfaction,이번 교육의 만족도는 어떠하였습니까?,보통,11,32.0,34
2025년 제어시스템 사이버공격 대응 실전 훈련(3차),6,satisfaction,이번 교육의 만족도는 어떠하였습니까?,낮음,1,2.0,34
2025년 제어시스템 사이버공격 대응 실전 훈련(3차),8,utility,이번 교육의 업무 활용도는 어떠하십니까?,높음,24,70.0,34
2025년 제어시스템 사이버공격 대응 실전 훈련(3차),8,utility,이번 교육의 업무 활용도는 어떠하십니까?,보통,8,23.0,34
2025년 제어시스템 사이버공격 대응 실전 훈련(3차),8,utility,이번 교육의 업무 활용도는 어떠하십니까?,낮음,2,5.0,34
2025년 제어시스템 사이버공격 대응 실전 훈련(3차),10,diff_inst,다른 기관과의 교육 차별성은 어떠하십니까?,차별성 있다,17,50.0,34
2025년 제어시스템 사이버공격 대응 실전 훈련(3차),10,diff_inst,다른 기관과의 교육 차별성은 어떠하십니까?,보통이다,15,44.0,34
2025년 제어시스템 사이버공격 대응 실전 훈련(3차),10,diff_inst,다른 기관과의 교육 차별성은 어떠하십니까?,차별성없다,2,5.0,34
2025년 제어시스템 사이버공격 대응 실전 훈련(3차),16,instructor,[계획] 과목의 강의(강의 준비 및 강의 스킬) 만족도는?,매우 불만족,0,0.0,34
2025년 제어시스템 사이버공격 대응 실전 훈련(3차),16,instructor,[계획] 과목의 강의(강의 준비 및 강의 스킬) 만족도는?,불만족,0,0.0,34
2025년 제어시스템 사이버공격 대응 실전 훈련(3차),16,instructor,[계획] 과목의 강의(강의 준비 및 강의 스킬) 만족도는?,보통,4,11.0,34
2025년 제어시스템 사이버공격 대응 실전 훈련(3차),16,instructor,[계획] 과목의 강의(강의 준비 및 강의 스킬) 만족도는?,만족,17,50.0,34
2025년 제어시스템 사이버공격 대응 실전 훈련(3차),16,instructor,[계획] 과목의 강의(강의 준비 및 강의 스킬) 만족도는?,매우 만족,13,38.0,34
2025년 제어시스템 사이버공격 대응 실전 훈련(3차),17,instructor,[탐지] 과목의 강의 내용(강의 콘텐츠 구성 등) 만족도는?,매우 불만족,0,0.0,34
2025년 제어시스템 사이버공격 대응 실전 훈련(3차),17,instructor,[탐지] 과목의 강의 내용(강의 콘텐츠 구성 등) 만족도는?,불만족,1,2.0,34
2025년 제어시스템 사이버공격 대응 실전 훈련(3차),17,instructor,[탐지] 과목의 강의 내용(강의 콘텐츠 구성 등) 만족도는?,보통,3,8.0,34
2025년 제어시스템 사이버공격 대응 실전 훈련(3차),17,instructor,[탐지] 과목의 강의 내용(강의 콘텐츠 구성 등) 만족도는?,만족,14,41.0,34
2025년 제어시스템 사이버공격 대응 실전 훈련(3차),17,instructor,[탐지] 과목의 강의 내용(강의 콘텐츠 구성 등) 만족도는?,매우 만족,16,47.0,34
2025년 제어시스템 사이버공격 대응 실전 훈련(3차),18,instructor,[격리] 과목의 강의 내용(강의 콘텐츠 구성 등) 만족도는?,매우 불만족,0,0.0,34
2025년 제어시스템 사이버공격 대응 실전 훈련(3차),18,instructor,[격리] 과목의 강의 내용(강의 콘텐츠 구성 등) 만족도는?,불만족,0,0.0,34
2025년 제어시스템 사이버공격 대응 실전 훈련(3차),18,instructor,[격리] 과목의 강의 내용(강의 콘텐츠 구성 등) 만족도는?,보통,3,8.0,34
2025년 제어시스템 사이버공격 대응 실전 훈련(3차),18,instructor,[격리] 과목의 강의 내용(강의 콘텐츠 구성 등) 만족도는?,만족,17,50.0,34
2025년 제어시스템 사이버공격 대응 실전 훈련(3차),18,instructor,[격리] 과목의 강의 내용(강의 콘텐츠 구성 등) 만족도는?,매우 만족,14,41.0,34
2025년 제어시스템 사이버공격 대응 실전 훈련(3차),19,instructor,[치료] 과목의 강의 내용(강의 콘텐츠 구성 등) 만족도는?,매우 불만족,0,0.0,34
2025년 제어시스템 사이버공격 대응 실전 훈련(3차),19,instructor,[치료] 과목의 강의 내용(강의 콘텐츠 구성 등) 만족도는?,불만족,0,0.0,34
2025년 제어시스템 사이버공격 대응 실전 훈련(3차),19,instructor,[치료] 과목의 강의 내용(강의 콘텐츠 구성 등) 만족도는?,보통,2,5.0,34
2025년 제어시스템 사이버공격 대응 실전 훈련(3차),19,instructor,[치료] 과목의 강의 내용(강의 콘텐츠 구성 등) 만족도는?,만족,17,50.0,34
2025년 제어시스템 사이버공격 대응 실전 훈련(3차),19,instructor,[치료] 과목의 강의 내용(강의 콘텐츠 구성 등) 만족도는?,매우 만족,15,44.0,34
2025년 제어시스템 사이버공격 대응 실전 훈련(3차),20,instructor,[복원] 과목의 강의 내용(강의 콘텐츠 구성 등) 만족도는?,매우 불만족,0,0.0,34
2025년 제어시스템 사이버공격 대응 실전 훈련(3차),20,instructor,[복원] 과목의 강의 내용(강의 콘텐츠 구성 등) 만족도는?,불만족,0,0.0,34
2025년 제어시스템 사이버공격 대응 실전 훈련(3차),20,instructor,[복원] 과목의 강의 내용(강의 콘텐츠 구성 등) 만족도는?,보통,1,2.0,34
2025년 제어시스템 사이버공격 대응 실전 훈련(3차),20,instructor,[복원] 과목의 강의 내용(강의 콘텐츠 구성 등) 만족도는?,만족,19,55.0,34
2025년 제어시스템 사이버공격 대응 실전 훈련(3차),20,instructor,[복원] 과목의 강의 내용(강의 콘텐츠 구성 등) 만족도는?,매우 만족,14,41.0,34
"2025년 최신 사이버보안 기술 이해(1차, 제로 트러스트)",1,other,귀하께서는 어떤 목적으로 이번 사이버안보훈련센터의 교육과정을 수강하셨습니까?,보안 인식 제고,14,38.0,36
"2025년 최신 사이버보안 기술 이해(1차, 제로 트러스트)",1,other,귀하께서는 어떤 목적으로 이번 사이버안보훈련센터의 교육과정을 수강하셨습니까?,보안기술 능력 향상,13,36.0,36
"2025년 최신 사이버보안 기술 이해(1차, 제로 트러스트)",1,other,귀하께서는 어떤 목적으로 이번 사이버안보훈련센터의 교육과정을 수강하셨습니까?,업무에의 활용,6,16.0,36
"2025년 최신 사이버보안 기술 이해(1차, 제로 트러스트)",1,other,귀하께서는 어떤 목적으로 이번 사이버안보훈련센터의 교육과정을 수강하셨습니까?,교육 의무 시간 이수,3,8.0,36
"2025년 최신 사이버보안 기술 이해(1차, 제로 트러스트)",1,other,귀하께서는 어떤 목적으로 이번 사이버안보훈련센터의 교육과정을 수강하셨습니까?,상급자 / 동료의 추천,0,0.0,36
"2025년 최신 사이버보안 기술 이해(1차, 제로 트러스트)",1,other,귀하께서는 어떤 목적으로 이번 사이버안보훈련센터의 교육과정을 수강하셨습니까?,기타,0,0.0,36
"2025년 최신 사이버보안 기술 이해(1차, 제로 트러스트)",4,difficulty,이번 교육의 난이도는 어떠하였습니까?,쉽다,0,0.0,36
"2025년 최신 사이버보안 기술 이해(1차, 제로 트러스트)",4,difficulty,이번 교육의 난이도는 어떠하였습니까?,적당하다,27,75.0,36
"2025년 최신 사이버보안 기술 이해(1차, 제로 트러스트)",4,difficulty,이번 교육의 난이도는 어떠하였습니까?,어렵다,9,25.0,36
"2025년 최신 사이버보안 기술 이해(1차, 제로 트러스트)",6,satisfaction,이번 교육의 만족도는 어떠하였습니까?,높음,25,69.0,36
"2025년 최신 사이버보안 기술 이해(1차, 제로 트러스트)",6,satisfaction,이번 교육의 만족도는 어떠하였습니까?,보통,11,30.0,36
"2025년 최신 사이버보안 기술 이해(1차, 제로 트러스트)",6,satisfaction,이번 교육의 만족도는 어떠하였습니까?,낮음,0,0.0,36
"2025년 최신 사이버보안 기술 이해(1차, 제로 트러스트)",8,utility,이번 교육의 업무 활용도는 어떠하십니까?,높음,13,36.0,36
"2025년 최신 사이버보안 기술 이해(1차, 제로 트러스트)",8,utility,이번 교육의 업무 활용도는 어떠하십니까?,보통,20,55.0,36
"2025년 최신 사이버보안 기술 이해(1차, 제로 트러스트)",8,utility,이번 교육의 업무 활용도는 어떠하십니까?,낮음,3,8.0,36
"2025년 최신 사이버보안 기술 이해(1차, 제로 트러스트)",10,diff_inst,다른 기관과의 교육 차별성은 어떠하십니까?,차별성 있다,23,63.0,36
"2025년 최신 사이버보안 기술 이해(1차, 제로 트러스트)",10,diff_inst,다른 기관과의 교육 차별성은 어떠하십니까?,보통이다,13,36.0,36
"2025년 최신 사이버보안 기술 이해(1차, 제로 트러스트)",10,diff_inst,다른 기관과의 교육 차별성은 어떠하십니까?,차별성없다,0,0.0,36
"2025년 최신 사이버보안 기술 이해(1차, 제로 트러스트)",12,duration,교육 시간은 적절하다고 생각하십니까?,부족하다,5,13.0,36
"2025년 최신 사이버보안 기술 이해(1차, 제로 트러스트)",12,duration,교육 시간은 적절하다고 생각하십니까?,적절하다,30,83.0,36
"2025년 최신 사이버보안 기술 이해(1차, 제로 트러스트)",12,duration,교육 시간은 적절하다고 생각하십니까?,길다,1,2.0,36
"2025년 최신 사이버보안 기술 이해(1차, 제로 트러스트)",16,instructor,"[제로트러스트 동향] 과목의 강의(강의 준비 및 강의 스킬, 강의 콘텐츠 구성 등) 만족도는?",매우 불만족,0,0.0,36
"2025년 최신 사이버보안 기술 이해(1차, 제로 트러스트)",16,instructor,"[제로트러스트 동향] 과목의 강의(강의 준비 및 강의 스킬, 강의 콘텐츠 구성 등) 만족도는?",불만족,0,0.0,36
"2025년 최신 사이버보안 기술 이해(1차, 제로 트러스트)",16,instructor,"[제로트러스트 동향] 과목의 강의(강의 준비 및 강의 스킬, 강의 콘텐츠 구성 등) 만족도는?",보통,5,13.0,36
"2025년 최신 사이버보안 기술 이해(1차, 제로 트러스트)",16,instructor,"[제로트러스트 동향] 과목의 강의(강의 준비 및 강의 스킬, 강의 콘텐츠 구성 등) 만족도는?",만족,15,41.0,36
"2025년 최신 사이버보안 기술 이해(1차, 제로 트러스트)",16,instructor,"[제로트러스트 동향] 과목의 강의(강의 준비 및 강의 스킬, 강의 콘텐츠 구성 등) 만족도는?",매우 만족,16,44.0,36
"2025년 최신 사이버보안 기술 이해(1차, 제로 트러스트)",17,instructor,"[안보훈련] 과목의 강의(강의 준비 및 강의 스킬, 강의 콘텐츠 구성 등) 만족도는?",매우 불만족,0,0.0,36
"2025년 최신 사이버보안 기술 이해(1차, 제로 트러스트)",17,instructor,"[안보훈련] 과목의 강의(강의 준비 및 강의 스킬, 강의 콘텐츠 구성 등) 만족도는?",불만족,0,0.0,36
"2025년 최신 사이버보안 기술 이해(1차, 제로 트러스트)",17,instructor,"[안보훈련] 과목의 강의(강의 준비 및 강의 스킬, 강의 콘텐츠 구성 등) 만족도는?",보통,4,11.0,36
"2025년 최신 사이버보안 기술 이해(1차, 제로 트러스트)",17,instructor,"[안보훈련] 과목의 강의(강의 준비 및 강의 스킬, 강의 콘텐츠 구성 등) 만족도는?",만족,17,47.0,36
"2025년 최신 사이버보안 기술 이해(1차, 제로 트러스트)",17,instructor,"[안보훈련] 과목의 강의(강의 준비 및 강의 스킬, 강의 콘텐츠 구성 등) 만족도는?",매우 만족,15,41.0,36
"2025년 최신 사이버보안 기술 이해(1차, 제로 트러스트)",18,instructor,"[N2SF] 과목의 강의(강의 준비 및 강의 스킬, 강의 콘텐츠 구성 등) 만족도는?",매우 불만족,0,0.0,36
"2025년 최신 사이버보안 기술 이해(1차, 제로 트러스트)",18,instructor,"[N2SF] 과목의 강의(강의 준비 및 강의 스킬, 강의 콘텐츠 구성 등) 만족도는?",불만족,0,0.0,36
"2025년 최신 사이버보안 기술 이해(1차, 제로 트러스트)",18,instructor,"[N2SF] 과목의 강의(강의 준비 및 강의 스킬, 강의 콘텐츠 구성 등) 만족도는?",보통,3,8.0,36
"2025년 최신 사이버보안 기술 이해(1차, 제로 트러스트)",18,instructor,"[N2SF] 과목의 강의(강의 준비 및 강의 스킬, 강의 콘텐츠 구성 등) 만족도는?",만족,17,47.0,36
"2025년 최신 사이버보안 기술 이해(1차, 제로 트러스트)",18,instructor,"[N2SF] 과목의 강의(강의 준비 및 강의 스킬, 강의 콘텐츠 구성 등) 만족도는?",매우 만족,16,44.0,36
"2025년 최신 사이버보안 기술 이해(1차, 제로 트러스트)",19,instructor,"[팔로알토] 과목의 강의(강의 준비 및 강의 스킬, 강의 콘텐츠 구성 등) 만족도는?",매우 불만족,0,0.0,36
"2025년 최신 사이버보안 기술 이해(1차, 제로 트러스트)",19,instructor,"[팔로알토] 과목의 강의(강의 준비 및 강의 스킬, 강의 콘텐츠 구성 등) 만족도는?",불만족,2,5.0,36
"2025년 최신 사이버보안 기술 이해(1차, 제로 트러스트)",19,instructor,"[팔로알토] 과목의 강의(강의 준비 및 강의 스킬, 강의 콘텐츠 구성 등) 만족도는?",보통,6,16.0,36
"2025년 최신 사이버보안 기술 이해(1차, 제로 트러스트)",19,instructor,"[팔로알토] 과목의 강의(강의 준비 및 강의 스킬, 강의 콘텐츠 구성 등) 만족도는?",만족,14,38.0,36
"2025년 최신 사이버보안 기술 이해(1차, 제로 트러스트)",19,instructor,"[팔로알토] 과목의 강의(강의 준비 및 강의 스킬, 강의 콘텐츠 구성 등) 만족도는?",매우 만족,14,38.0,36
"2025년 최신 사이버보안 기술 이해(1차, 제로 트러스트)",20,instructor,"[윈스테크넷] 과목의 강의(강의 준비 및 강의 스킬, 강의 콘텐츠 구성 등) 만족도는?",매우 불만족,0,0.0,36
"2025년 최신 사이버보안 기술 이해(1차, 제로 트러스트)",20,instructor,"[윈스테크넷] 과목의 강의(강의 준비 및 강의 스킬, 강의 콘텐츠 구성 등) 만족도는?",불만족,1,2.0,36
"2025년 최신 사이버보안 기술 이해(1차, 제로 트러스트)",20,instructor,"[윈스테크넷] 과목의 강의(강의 준비 및 강의 스킬, 강의 콘텐츠 구성 등) 만족도는?",,1,2.0,36
"2025년 최신 사이버보안 기술 이해(1차, 제로 트러스트)",20,instructor,"[윈스테크넷] 과목의 강의(강의 준비 및 강의 스킬, 강의 콘텐츠 구성 등) 만족도는?",만족,16,44.0,36
"2025년 최신 사이버보안 기술 이해(1차, 제로 트러스트)",20,instructor,"[윈스테크넷] 과목의 강의(강의 준비 및 강의 스킬, 강의 콘텐츠 구성 등) 만족도는?",매우 만족,18,50.0,36
"2025년 최신 사이버보안 기술 이해(1차, 제로 트러스트)",21,instructor,"[포티넷] 과목의 강의(강의 준비 및 강의 스킬, 강의 콘텐츠 구성 등) 만족도는?",매우 불만족,0,0.0,36
"2025년 최신 사이버보안 기술 이해(1차, 제로 트러스트)",21,instructor,"[포티넷] 과목의 강의(강의 준비 및 강의 스킬, 강의 콘텐츠 구성 등) 만족도는?",불만족,0,0.0,36
"2025년 최신 사이버보안 기술 이해(1차, 제로 트러스트)",21,instructor,"[포티넷] 과목의 강의(강의 준비 및 강의 스킬, 강의 콘텐츠 구성 등) 만족도는?",보통,4,11.0,36
"2025년 최신 사이버보안 기술 이해(1차, 제로 트러스트)",21,instructor,"[포티넷] 과목의 강의(강의 준비 및 강의 스킬, 강의 콘텐츠 구성 등) 만족도는?",만족,17,47.0,36
"2025년 최신 사이버보안 기술 이해(1차, 제로 트러스트)",21,instructor,"[포티넷] 과목의 강의(강의 준비 및 강의 스킬, 강의 콘텐츠 구성 등) 만족도는?",매우 만족,15,41.0,36
"2025년 최신 사이버보안 기술 이해(2차, 공급망 보안)",1,other,귀하께서는 어떤 목적으로 이번 사이버안보훈련센터의 교육과정을 수강하셨습니까?,보안 인식 제고,6,25.0,24
"2025년 최신 사이버보안 기술 이해(2차, 공급망 보안)",1,other,귀하께서는 어떤 목적으로 이번 사이버안보훈련센터의 교육과정을 수강하셨습니까?,보안기술 능력 향상,12,50.0,24
"2025년 최신 사이버보안 기술 이해(2차, 공급망 보안)",1,other,귀하께서는 어떤 목적으로 이번 사이버안보훈련센터의 교육과정을 수강하셨습니까?,업무에의 활용,2,8.0,24
"2025년 최신 사이버보안 기술 이해(2차, 공급망 보안)",1,other,귀하께서는 어떤 목적으로 이번 사이버안보훈련센터의 교육과정을 수강하셨습니까?,교육 의무 시간 이수,4,16.0,24
"2025년 최신 사이버보안 기술 이해(2차, 공급망 보안)",1,other,귀하께서는 어떤 목적으로 이번 사이버안보훈련센터의 교육과정을 수강하셨습니까?,상급자 / 동료의 추천,0,0.0,24
"2025년 최신 사이버보안 기술 이해(2차, 공급망 보안)",1,other,귀하께서는 어떤 목적으로 이번 사이버안보훈련센터의 교육과정을 수강하셨습니까?,기타,0,0.0,24
"2025년 최신 사이버보안 기술 이해(2차, 공급망 보안)",4,difficulty,이번 교육의 난이도는 어떠하였습니까?,쉽다,1,4.0,24
"2025년 최신 사이버보안 기술 이해(2차, 공급망 보안)",4,difficulty,이번 교육의 난이도는 어떠하였습니까?,적당하다,21,87.0,24
"2025년 최신 사이버보안 기술 이해(2차, 공급망 보안)",4,difficulty,이번 교육의 난이도는 어떠하였습니까?,어렵다,2,8.0,24
"2025년 최신 사이버보안 기술 이해(2차, 공급망 보안)",6,satisfaction,이번 교육의 만족도는 어떠하였습니까?,높음,15,62.0,24
"2025년 최신 사이버보안 기술 이해(2차, 공급망 보안)",6,satisfaction,이번 교육의 만족도는 어떠하였습니까?,보통,9,37.0,24
"2025년 최신 사이버보안 기술 이해(2차, 공급망 보안)",6,satisfaction,이번 교육의 만족도는 어떠하였습니까?,낮음,0,0.0,24
"2025년 최신 사이버보안 기술 이해(2차, 공급망 보안)",8,utility,이번 교육의 업무 활용도는 어떠하십니까?,높음,7,29.0,24
"2025년 최신 사이버보안 기술 이해(2차, 공급망 보안)",8,utility,이번 교육의 업무 활용도는 어떠하십니까?,보통,16,66.0,24
"2025년 최신 사이버보안 기술 이해(2차, 공급망 보안)",8,utility,이번 교육의 업무 활용도는 어떠하십니까?,낮음,1,4.0,24
"2025년 최신 사이버보안 기술 이해(2차, 공급망 보안)",10,diff_inst,다른 기관과의 교육 차별성은 어떠하십니까?,차별성 있다,11,45.0,24
"2025년 최신 사이버보안 기술 이해(2차, 공급망 보안)",10,diff_inst,다른 기관과의 교육 차별성은 어떠하십니까?,보통이다,13,54.0,24
"2025년 최신 사이버보안 기술 이해(2차, 공급망 보안)",10,diff_inst,다른 기관과의 교육 차별성은 어떠하십니까?,차별성없다,0,0.0,24
"2025년 최신 사이버보안 기술 이해(2차, 공급망 보안)",12,duration,교육 시간은 적절하다고 생각하십니까?,부족하다,3,12.0,24
"2025년 최신 사이버보안 기술 이해(2차, 공급망 보안)",12,duration,교육 시간은 적절하다고 생각하십니까?,적절하다,20,83.0,24
"2025년 최신 사이버보안 기술 이해(2차, 공급망 보안)",12,duration,교육 시간은 적절하다고 생각하십니까?,길다,1,4.0,24
"2025년 최신 사이버보안 기술 이해(2차, 공급망 보안)",16,instructor,"[SW 공급망 보안] 과목의 강의 내용(강의 콘텐츠 구성, 강의 준비 및 강의 스킬) 만족도는?",매우 불만족,1,4.0,24
"2025년 최신 사이버보안 기술 이해(2차, 공급망 보안)",16,instructor,"[SW 공급망 보안] 과목의 강의 내용(강의 콘텐츠 구성, 강의 준비 및 강의 스킬) 만족도는?",불만족,0,0.0,24
"2025년 최신 사이버보안 기술 이해(2차, 공급망 보안)",16,instructor,"[SW 공급망 보안] 과목의 강의 내용(강의 콘텐츠 구성, 강의 준비 및 강의 스킬) 만족도는?",보통,3,12.0,24
"2025년 최신 사이버보안 기술 이해(2차, 공급망 보안)",16,instructor,"[SW 공급망 보안] 과목의 강의 내용(강의 콘텐츠 구성, 강의 준비 및 강의 스킬) 만족도는?",만족,8,33.0,24
"2025년 최신 사이버보안 기술 이해(2차, 공급망 보안)",16,instructor,"[SW 공급망 보안] 과목의 강의 내용(강의 콘텐츠 구성, 강의 준비 및 강의 스킬) 만족도는?",매우 만족,12,50.0,24
"2025년 최신 사이버보안 기술 이해(2차, 공급망 보안)",17,instructor,"[공급망 취약점 실무] 과목의 강의 내용(강의 콘텐츠 구성, 강의 준비 및 강의 스킬) 만족도는?",매우 불만족,1,4.0,24
"2025년 최신 사이버보안 기술 이해(2차, 공급망 보안)",17,instructor,"[공급망 취약점 실무] 과목의 강의 내용(강의 콘텐츠 구성, 강의 준비 및 강의 스킬) 만족도는?",불만족,0,0.0,24
"2025년 최신 사이버보안 기술 이해(2차, 공급망 보안)",17,instructor,"[공급망 취약점 실무] 과목의 강의 내용(강의 콘텐츠 구성, 강의 준비 및 강의 스킬) 만족도는?",보통,4,16.0,24
"2025년 최신 사이버보안 기술 이해(2차, 공급망 보안)",17,instructor,"[공급망 취약점 실무] 과목의 강의 내용(강의 콘텐츠 구성, 강의 준비 및 강의 스킬) 만족도는?",만족,7,29.0,24
"2025년 최신 사이버보안 기술 이해(2차, 공급망 보안)",17,instructor,"[공급망 취약점 실무] 과목의 강의 내용(강의 콘텐츠 구성, 강의 준비 및 강의 스킬) 만족도는?",매우 만족,12,50.0,24
"2025년 최신 사이버보안 기술 이해(3차, 클라우드 보안)",1,other,귀하께서는 어떤 목적으로 이번 사이버안보훈련센터의 교육과정을 수강하셨습니까?,보안 인식 제고,7,15.0,45
"2025년 최신 사이버보안 기술 이해(3차, 클라우드 보안)",1,other,귀하께서는 어떤 목적으로 이번 사이버안보훈련센터의 교육과정을 수강하셨습니까?,보안기술 능력 향상,14,31.0,45
"2025년 최신 사이버보안 기술 이해(3차, 클라우드 보안)",1,other,귀하께서는 어떤 목적으로 이번 사이버안보훈련센터의 교육과정을 수강하셨습니까?,업무에의 활용,13,28.0,45
"2025년 최신 사이버보안 기술 이해(3차, 클라우드 보안)",1,other,귀하께서는 어떤 목적으로 이번 사이버안보훈련센터의 교육과정을 수강하셨습니까?,교육 의무 시간 이수,9,20.0,45
"2025년 최신 사이버보안 기술 이해(3차, 클라우드 보안)",1,other,귀하께서는 어떤 목적으로 이번 사이버안보훈련센터의 교육과정을 수강하셨습니까?,상급자 / 동료의 추천,1,2.0,45
"2025년 최신 사이버보안 기술 이해(3차, 클라우드 보안)",1,other,귀하께서는 어떤 목적으로 이번 사이버안보훈련센터의 교육과정을 수강하셨습니까?,기타,1,2.0,45
"2025년 최신 사이버보안 기술 이해(3차, 클라우드 보안)",4,difficulty,이번 교육의 난이도는 어떠하였습니까?,쉽다,6,13.0,45
"2025년 최신 사이버보안 기술 이해(3차, 클라우드 보안)",4,difficulty,이번 교육의 난이도는 어떠하였습니까?,적당하다,36,80.0,45
"2025년 최신 사이버보안 기술 이해(3차, 클라우드 보안)",4,difficulty,이번 교육의 난이도는 어떠하였습니까?,어렵다,3,6.0,45
"2025년 최신 사이버보안 기술 이해(3차, 클라우드 보안)",6,satisfaction,이번 교육의 만족도는 어떠하였습니까?,높음,23,51.0,45
"2025년 최신 사이버보안 기술 이해(3차, 클라우드 보안)",6,satisfaction,이번 교육의 만족도는 어떠하였습니까?,보통,19,42.0,45
"2025년 최신 사이버보안 기술 이해(3차, 클라우드 보안)",6,satisfaction,이번 교육의 만족도는 어떠하였습니까?,낮음,3,6.0,45
"2025년 최신 사이버보안 기술 이해(3차, 클라우드 보안)",8,utility,이번 교육의 업무 활용도는 어떠하십니까?,높음,18,40.0,45
"2025년 최신 사이버보안 기술 이해(3차, 클라우드 보안)",8,utility,이번 교육의 업무 활용도는 어떠하십니까?,보통,24,53.0,45
"2025년 최신 사이버보안 기술 이해(3차, 클라우드 보안)",8,utility,이번 교육의 업무 활용도는 어떠하십니까?,낮음,3,6.0,45
"2025년 최신 사이버보안 기술 이해(3차, 클라우드 보안)",10,diff_inst,다른 기관과의 교육 차별성은 어떠하십니까?,차별성 있다,23,51.0,45
"2025년 최신 사이버보안 기술 이해(3차, 클라우드 보안)",10,diff_inst,다른 기관과의 교육 차별성은 어떠하십니까?,보통이다,19,42.0,45
"2025년 최신 사이버보안 기술 이해(3차, 클라우드 보안)",10,diff_inst,다른 기관과의 교육 차별성은 어떠하십니까?,차별성없다,3,6.0,45
"2025년 최신 사이버보안 기술 이해(3차, 클라우드 보안)",12,duration,교육 시간은 적절하다고 생각하십니까?,부족하다,2,4.0,45
"2025년 최신 사이버보안 기술 이해(3차, 클라우드 보안)",12,duration,교육 시간은 적절하다고 생각하십니까?,적절하다,43,95.0,45
"2025년 최신 사이버보안 기술 이해(3차, 클라우드 보안)",12,duration,교육 시간은 적절하다고 생각하십니까?,길다,0,0.0,45
"2025년 최신 사이버보안 기술 이해(3차, 클라우드 보안)",16,instructor,"[클라우드 개요] 과목의 강의 내용(강의 콘텐츠 구성, 강의 준비 및 강의 스킬) 만족도는?",매우 불만족,0,0.0,45
"2025년 최신 사이버보안 기술 이해(3차, 클라우드 보안)",16,instructor,"[클라우드 개요] 과목의 강의 내용(강의 콘텐츠 구성, 강의 준비 및 강의 스킬) 만족도는?",불만족,1,2.0,45
"2025년 최신 사이버보안 기술 이해(3차, 클라우드 보안)",16,instructor,"[클라우드 개요] 과목의 강의 내용(강의 콘텐츠 구성, 강의 준비 및 강의 스킬) 만족도는?",보통,5,11.0,45
"2025년 최신 사이버보안 기술 이해(3차, 클라우드 보안)",16,instructor,"[클라우드 개요] 과목의 강의 내용(강의 콘텐츠 구성, 강의 준비 및 강의 스킬) 만족도는?",만족,22,48.0,45
"2025년 최신 사이버보안 기술 이해(3차, 클라우드 보안)",16,instructor,"[클라우드 개요] 과목의 강의 내용(강의 콘텐츠 구성, 강의 준비 및 강의 스킬) 만족도는?",매우 만족,17,37.0,45
"2025년 최신 사이버보안 기술 이해(3차, 클라우드 보안)",17,instructor,"[KT] 과목의 강의 내용(강의 콘텐츠 구성, 강의 준비 및 강의 스킬) 만족도는?",매우 불만족,1,2.0,45
"2025년 최신 사이버보안 기술 이해(3차, 클라우드 보안)",17,instructor,"[KT] 과목의 강의 내용(강의 콘텐츠 구성, 강의 준비 및 강의 스킬) 만족도는?",불만족,2,4.0,45
"2025년 최신 사이버보안 기술 이해(3차, 클라우드 보안)",17,instructor,"[KT] 과목의 강의 내용(강의 콘텐츠 구성, 강의 준비 및 강의 스킬) 만족도는?",보통,11,24.0,45
"2025년 최신 사이버보안 기술 이해(3차, 클라우드 보안)",17,instructor,"[KT] 과목의 강의 내용(강의 콘텐츠 구성, 강의 준비 및 강의 스킬) 만족도는?",만족,19,42.0,45
"2025년 최신 사이버보안 기술 이해(3차, 클라우드 보안)",17,instructor,"[KT] 과목의 강의 내용(강의 콘텐츠 구성, 강의 준비 및 강의 스킬) 만족도는?",매우 만족,12,26.0,45
"2025년 최신 사이버보안 기술 이해(3차, 클라우드 보안)",18,instructor,"[NHN] 과목의 강의 내용(강의 콘텐츠 구성, 강의 준비 및 강의 스킬) 만족도는?",매우 불만족,0,0.0,45
"2025년 최신 사이버보안 기술 이해(3차, 클라우드 보안)",18,instructor,"[NHN] 과목의 강의 내용(강의 콘텐츠 구성, 강의 준비 및 강의 스킬) 만족도는?",불만족,1,2.0,45
"2025년 최신 사이버보안 기술 이해(3차, 클라우드 보안)",18,instructor,"[NHN] 과목의 강의 내용(강의 콘텐츠 구성, 강의 준비 및 강의 스킬) 만족도는?",보통,8,17.0,45
"2025년 최신 사이버보안 기술 이해(3차, 클라우드 보안)",18,instructor,"[NHN] 과목의 강의 내용(강의 콘텐츠 구성, 강의 준비 및 강의 스킬) 만족도는?",만족,21,46.0,45
"2025년 최신 사이버보안 기술 이해(3차, 클라우드 보안)",18,instructor,"[NHN] 과목의 강의 내용(강의 콘텐츠 구성, 강의 준비 및 강의 스킬) 만족도는?",매우 만족,15,33.0,45
"2025년 최신 사이버보안 기술 이해(3차, 클라우드 보안)",19,instructor,"[Naver] 과목의 강의 내용(강의 콘텐츠 구성, 강의 준비 및 강의 스킬) 만족도는?",매우 불만족,0,0.0,45
"2025년 최신 사이버보안 기술 이해(3차, 클라우드 보안)",19,instructor,"[Naver] 과목의 강의 내용(강의 콘텐츠 구성, 강의 준비 및 강의 스킬) 만족도는?",불만족,2,4.0,45
"2025년 최신 사이버보안 기술 이해(3차, 클라우드 보안)",19,instructor,"[Naver] 과목의 강의 내용(강의 콘텐츠 구성, 강의 준비 및 강의 스킬) 만족도는?",보통,8,17.0,45
"2025년 최신 사이버보안 기술 이해(3차, 클라우드 보안)",19,instructor,"[Naver] 과목의 강의 내용(강의 콘텐츠 구성, 강의 준비 및 강의 스킬) 만족도는?",만족,22,48.0,45
"2025년 최신 사이버보안 기술 이해(3차, 클라우드 보안)",19,instructor,"[Naver] 과목의 강의 내용(강의 콘텐츠 구성, 강의 준비 및 강의 스킬) 만족도는?",매우 만족,13,28.0,45
"2025년 최신 사이버보안 기술 이해(3차, 클라우드 보안)",20,instructor,"[Google] 과목의 강의 내용(강의 콘텐츠 구성, 강의 준비 및 강의 스킬) 만족도는?",매우 불만족,0,0.0,45
"2025년 최신 사이버보안 기술 이해(3차, 클라우드 보안)",20,instructor,"[Google] 과목의 강의 내용(강의 콘텐츠 구성, 강의 준비 및 강의 스킬) 만족도는?",불만족,0,0.0,45
"2025년 최신 사이버보안 기술 이해(3차, 클라우드 보안)",20,instructor,"[Google] 과목의 강의 내용(강의 콘텐츠 구성, 강의 준비 및 강의 스킬) 만족도는?",보통,10,22.0,45
"2025년 최신 사이버보안 기술 이해(3차, 클라우드 보안)",20,instructor,"[Google] 과목의 강의 내용(강의 콘텐츠 구성, 강의 준비 및 강의 스킬) 만족도는?",만족,21,46.0,45
"2025년 최신 사이버보안 기술 이해(3차, 클라우드 보안)",20,instructor,"[Google] 과목의 강의 내용(강의 콘텐츠 구성, 강의 준비 및 강의 스킬) 만족도는?",매우 만족,14,31.0,45
"2025년 최신 사이버보안 기술 이해(3차, 클라우드 보안)",21,instructor,"[MicroSoft] 과목의 강의 내용(강의 콘텐츠 구성, 강의 준비 및 강의 스킬) 만족도는?",매우 불만족,0,0.0,45
"2025년 최신 사이버보안 기술 이해(3차, 클라우드 보안)",21,instructor,"[MicroSoft] 과목의 강의 내용(강의 콘텐츠 구성, 강의 준비 및 강의 스킬) 만족도는?",불만족,0,0.0,45
"2025년 최신 사이버보안 기술 이해(3차, 클라우드 보안)",21,instructor,"[MicroSoft] 과목의 강의 내용(강의 콘텐츠 구성, 강의 준비 및 강의 스킬) 만족도는?",보통,11,24.0,45
"2025년 최신 사이버보안 기술 이해(3차, 클라우드 보안)",21,instructor,"[MicroSoft] 과목의 강의 내용(강의 콘텐츠 구성, 강의 준비 및 강의 스킬) 만족도는?",만족,20,44.0,45
"2025년 최신 사이버보안 기술 이해(3차, 클라우드 보안)",21,instructor,"[MicroSoft] 과목의 강의 내용(강의 콘텐츠 구성, 강의 준비 및 강의 스킬) 만족도는?",매우 만족,14,31.0,45
2025년 충청권 사이버보안 전문인력 기술역량 향상 교육,1,other,귀하께서는 어떤 목적으로 이번 사이버안보훈련센터의 교육과정을 수강하셨습니까?,보안 인식 제고,3,17.0,16
2025년 충청권 사이버보안 전문인력 기술역량 향상 교육,1,other,귀하께서는 어떤 목적으로 이번 사이버안보훈련센터의 교육과정을 수강하셨습니까?,보안기술 능력 향상,10,58.0,16
2025년 충청권 사이버보안 전문인력 기술역량 향상 교육,1,other,귀하께서는 어떤 목적으로 이번 사이버안보훈련센터의 교육과정을 수강하셨습니까?,업무에의 활용,2,11.0,16
2025년 충청권 사이버보안 전문인력 기술역량 향상 교육,1,other,귀하께서는 어떤 목적으로 이번 사이버안보훈련센터의 교육과정을 수강하셨습니까?,교육 의무 시간 이수,0,0.0,16
2025년 충청권 사이버보안 전문인력 기술역량 향상 교육,1,other,귀하께서는 어떤 목적으로 이번 사이버안보훈련센터의 교육과정을 수강하셨습니까?,상급자 / 동료의 추천,1,5.0,16
2025년 충청권 사이버보안 전문인력 기술역량 향상 교육,1,other,귀하께서는 어떤 목적으로 이번 사이버안보훈련센터의 교육과정을 수강하셨습니까?,기타,1,5.0,16
2025년 충청권 사이버보안 전문인력 기술역량 향상 교육,4,difficulty,이번 교육의 난이도는 어떠하였습니까?,쉽다,5,29.0,16
2025년 충청권 사이버보안 전문인력 기술역량 향상 교육,4,difficulty,이번 교육의 난이도는 어떠하였습니까?,적당하다,12,70.0,16
2025년 충청권 사이버보안 전문인력 기술역량 향상 교육,4,difficulty,이번 교육의 난이도는 어떠하였습니까?,어렵다,0,0.0,16
2025년 충청권 사이버보안 전문인력 기술역량 향상 교육,6,satisfaction,이번 교육의 만족도는 어떠하였습니까?,높음,12,70.0,16
2025년 충청권 사이버보안 전문인력 기술역량 향상 교육,6,satisfaction,이번 교육의 만족도는 어떠하였습니까?,보통,5,29.0,16
2025년 충청권 사이버보안 전문인력 기술역량 향상 교육,6,satisfaction,이번 교육의 만족도는 어떠하였습니까?,낮음,0,0.0,16
2025년 충청권 사이버보안 전문인력 기술역량 향상 교육,8,utility,이번 교육의 업무 활용도는 어떠하십니까?,높음,7,41.0,16
2025년 충청권 사이버보안 전문인력 기술역량 향상 교육,8,utility,이번 교육의 업무 활용도는 어떠하십니까?,보통,10,58.0,16
2025년 충청권 사이버보안 전문인력 기술역량 향상 교육,8,utility,이번 교육의 업무 활용도는 어떠하십니까?,낮음,0,0.0,16
2025년 충청권 사이버보안 전문인력 기술역량 향상 교육,10,diff_inst,다른 기관과의 교육 차별성은 어떠하십니까?,차별성 있다,8,47.0,16
2025년 충청권 사이버보안 전문인력 기술역량 향상 교육,10,diff_inst,다른 기관과의 교육 차별성은 어떠하십니까?,보통이다,9,52.0,16
2025년 충청권 사이버보안 전문인력 기술역량 향상 교육,10,diff_inst,다른 기관과의 교육 차별성은 어떠하십니까?,차별성없다,0,0.0,16
2025년 충청권 사이버보안 전문인력 기술역량 향상 교육,12,duration,교육 시간은 적절하다고 생각하십니까?,부족하다,6,35.0,16
2025년 충청권 사이버보안 전문인력 기술역량 향상 교육,12,duration,교육 시간은 적절하다고 생각하십니까?,적절하다,11,64.0,16
2025년 충청권 사이버보안 전문인력 기술역량 향상 교육,12,duration,교육 시간은 적절하다고 생각하십니까?,길다,0,0.0,16
2025년 충청권 사이버보안 전문인력 기술역량 향상 교육,16,instructor,과목의 강의(강의 준비 및 강의 스킬) 만족도는?,매우 불만족,0,0.0,16
2025년 충청권 사이버보안 전문인력 기술역량 향상 교육,16,instructor,과목의 강의(강의 준비 및 강의 스킬) 만족도는?,불만족,0,0.0,16
2025년 충청권 사이버보안 전문인력 기술역량 향상 교육,16,instructor,과목의 강의(강의 준비 및 강의 스킬) 만족도는?,보통,3,17.0,16
2025년 충청권 사이버보안 전문인력 기술역량 향상 교육,16,instructor,과목의 강의(강의 준비 및 강의 스킬) 만족도는?,만족,5,29.0,16
2025년 충청권 사이버보안 전문인력 기술역량 향상 교육,16,instructor,과목의 강의(강의 준비 및 강의 스킬) 만족도는?,매우 만족,9,52.0,16
2026년 AI 보안의 이해(1차),1,other,귀하께서는 어떤 목적으로 이번 사이버안보훈련센터의 교육과정을 수강하셨습니까?,보안 인식 제고,15,33.0,45
2026년 AI 보안의 이해(1차),1,other,귀하께서는 어떤 목적으로 이번 사이버안보훈련센터의 교육과정을 수강하셨습니까?,보안기술 능력 향상,12,26.0,45
2026년 AI 보안의 이해(1차),1,other,귀하께서는 어떤 목적으로 이번 사이버안보훈련센터의 교육과정을 수강하셨습니까?,업무에의 활용,16,35.0,45
2026년 AI 보안의 이해(1차),1,other,귀하께서는 어떤 목적으로 이번 사이버안보훈련센터의 교육과정을 수강하셨습니까?,교육 의무 시간 이수,2,4.0,45
2026년 AI 보안의 이해(1차),1,other,귀하께서는 어떤 목적으로 이번 사이버안보훈련센터의 교육과정을 수강하셨습니까?,상급자 / 동료의 추천,0,0.0,45
2026년 AI 보안의 이해(1차),1,other,귀하께서는 어떤 목적으로 이번 사이버안보훈련센터의 교육과정을 수강하셨습니까?,기타,0,0.0,45
2026년 AI 보안의 이해(1차),4,difficulty,이번 교육의 난이도는 어떠하였습니까?,쉽다,0,0.0,45
2026년 AI 보안의 이해(1차),4,difficulty,이번 교육의 난이도는 어떠하였습니까?,적당하다,29,64.0,45
2026년 AI 보안의 이해(1차),4,difficulty,이번 교육의 난이도는 어떠하였습니까?,어렵다,16,35.0,45
2026년 AI 보안의 이해(1차),6,satisfaction,이번 교육의 만족도는 어떠하였습니까?,높음,33,73.0,45
2026년 AI 보안의 이해(1차),6,satisfaction,이번 교육의 만족도는 어떠하였습니까?,보통,10,22.0,45
2026년 AI 보안의 이해(1차),6,satisfaction,이번 교육의 만족도는 어떠하였습니까?,낮음,2,4.0,45
2026년 AI 보안의 이해(1차),8,utility,이번 교육의 업무 활용도는 어떠하십니까?,높음,27,60.0,45
2026년 AI 보안의 이해(1차),8,utility,이번 교육의 업무 활용도는 어떠하십니까?,보통,16,35.0,45
2026년 AI 보안의 이해(1차),8,utility,이번 교육의 업무 활용도는 어떠하십니까?,낮음,2,4.0,45
2026년 AI 보안의 이해(1차),10,diff_inst,다른 기관과의 교육 차별성은 어떠하십니까?,차별성 있다,36,80.0,45
2026년 AI 보안의 이해(1차),10,diff_inst,다른 기관과의 교육 차별성은 어떠하십니까?,보통이다,9,20.0,45
2026년 AI 보안의 이해(1차),10,diff_inst,다른 기관과의 교육 차별성은 어떠하십니까?,차별성없다,0,0.0,45
2026년 AI 보안의 이해(1차),12,duration,교육 시간은 적절하다고 생각하십니까?,부족하다,11,24.0,45
2026년 AI 보안의 이해(1차),12,duration,교육 시간은 적절하다고 생각하십니까?,적절하다,31,68.0,45
2026년 AI 보안의 이해(1차),12,duration,교육 시간은 적절하다고 생각하십니까?,길다,3,6.0,45
2026년 AI 보안의 이해(1차),16,instructor,"[AI 시대 업무환경의 변화](이경일 대표, 솔트룩스) 과목의 강의 내용(강의 콘텐츠 구성 등) 만족도는?",매우 불만족,0,0.0,45
2026년 AI 보안의 이해(1차),16,instructor,"[AI 시대 업무환경의 변화](이경일 대표, 솔트룩스) 과목의 강의 내용(강의 콘텐츠 구성 등) 만족도는?",불만족,0,0.0,45
2026년 AI 보안의 이해(1차),16,instructor,"[AI 시대 업무환경의 변화](이경일 대표, 솔트룩스) 과목의 강의 내용(강의 콘텐츠 구성 등) 만족도는?",보통,3,6.0,45
2026년 AI 보안의 이해(1차),16,instructor,"[AI 시대 업무환경의 변화](이경일 대표, 솔트룩스) 과목의 강의 내용(강의 콘텐츠 구성 등) 만족도는?",만족,7,15.0,45
2026년 AI 보안의 이해(1차),16,instructor,"[AI 시대 업무환경의 변화](이경일 대표, 솔트룩스) 과목의 강의 내용(강의 콘텐츠 구성 등) 만족도는?",매우 만족,35,77.0,45
2026년 AI 보안의 이해(1차),17,instructor,"[위협 시나리오, 대응 방안, 그리고 새로운 패러다임](조현준 연구원, 국민대) 과목의 강의 내용(강의 콘텐츠 구성 등) 만족도는?",매우 불만족,0,0.0,45
2026년 AI 보안의 이해(1차),17,instructor,"[위협 시나리오, 대응 방안, 그리고 새로운 패러다임](조현준 연구원, 국민대) 과목의 강의 내용(강의 콘텐츠 구성 등) 만족도는?",불만족,3,6.0,45
2026년 AI 보안의 이해(1차),17,instructor,"[위협 시나리오, 대응 방안, 그리고 새로운 패러다임](조현준 연구원, 국민대) 과목의 강의 내용(강의 콘텐츠 구성 등) 만족도는?",보통,8,17.0,45
2026년 AI 보안의 이해(1차),17,instructor,"[위협 시나리오, 대응 방안, 그리고 새로운 패러다임](조현준 연구원, 국민대) 과목의 강의 내용(강의 콘텐츠 구성 등) 만족도는?",만족,12,26.0,45
2026년 AI 보안의 이해(1차),17,instructor,"[위협 시나리오, 대응 방안, 그리고 새로운 패러다임](조현준 연구원, 국민대) 과목의 강의 내용(강의 콘텐츠 구성 등) 만족도는?",매우 만족,22,48.0,45
2026년 AI 보안의 이해(1차),18,instructor,"[AI 보안 취약점 심층 분석](강명철 선임, 국가보안기술연구소) 과목의 강의 내용(강의 콘텐츠 구성 등) 만족도는?",매우 불만족,0,0.0,45
2026년 AI 보안의 이해(1차),18,instructor,"[AI 보안 취약점 심층 분석](강명철 선임, 국가보안기술연구소) 과목의 강의 내용(강의 콘텐츠 구성 등) 만족도는?",불만족,0,0.0,45
2026년 AI 보안의 이해(1차),18,instructor,"[AI 보안 취약점 심층 분석](강명철 선임, 국가보안기술연구소) 과목의 강의 내용(강의 콘텐츠 구성 등) 만족도는?",보통,8,17.0,45
2026년 AI 보안의 이해(1차),18,instructor,"[AI 보안 취약점 심층 분석](강명철 선임, 국가보안기술연구소) 과목의 강의 내용(강의 콘텐츠 구성 등) 만족도는?",만족,15,33.0,45
2026년 AI 보안의 이해(1차),18,instructor,"[AI 보안 취약점 심층 분석](강명철 선임, 국가보안기술연구소) 과목의 강의 내용(강의 콘텐츠 구성 등) 만족도는?",매우 만족,22,48.0,45
2026년 AI 보안의 이해(1차),19,instructor,"[AI 방어 기술 및 Red Teaming 개념 및 전략] (정연교 연구원, 이로운앤컴퍼니) 과목의 강의 내용(강의 콘텐츠 구성 등) 만족도는?",매우 불만족,0,0.0,45
2026년 AI 보안의 이해(1차),19,instructor,"[AI 방어 기술 및 Red Teaming 개념 및 전략] (정연교 연구원, 이로운앤컴퍼니) 과목의 강의 내용(강의 콘텐츠 구성 등) 만족도는?",불만족,0,0.0,45
2026년 AI 보안의 이해(1차),19,instructor,"[AI 방어 기술 및 Red Teaming 개념 및 전략] (정연교 연구원, 이로운앤컴퍼니) 과목의 강의 내용(강의 콘텐츠 구성 등) 만족도는?",보통,5,11.0,45
2026년 AI 보안의 이해(1차),19,instructor,"[AI 방어 기술 및 Red Teaming 개념 및 전략] (정연교 연구원, 이로운앤컴퍼니) 과목의 강의 내용(강의 콘텐츠 구성 등) 만족도는?",만족,16,35.0,45
2026년 AI 보안의 이해(1차),19,instructor,"[AI 방어 기술 및 Red Teaming 개념 및 전략] (정연교 연구원, 이로운앤컴퍼니) 과목의 강의 내용(강의 콘텐츠 구성 등) 만족도는?",매우 만,24,53.0,45
2026년 AI 보안의 이해(1차),20,instructor,"[AI 위협, 레드티밍 및 보안 기술 동향](박대영 책임, 금융보안원) 과목의 강의 내용(강의 콘텐츠 구성 등) 만족도는?",매우 불만족,0,0.0,45
2026년 AI 보안의 이해(1차),20,instructor,"[AI 위협, 레드티밍 및 보안 기술 동향](박대영 책임, 금융보안원) 과목의 강의 내용(강의 콘텐츠 구성 등) 만족도는?",불만족,0,0.0,45
2026년 AI 보안의 이해(1차),20,instructor,"[AI 위협, 레드티밍 및 보안 기술 동향](박대영 책임, 금융보안원) 과목의 강의 내용(강의 콘텐츠 구성 등) 만족도는?",보통,2,4.0,45
2026년 AI 보안의 이해(1차),20,instructor,"[AI 위협, 레드티밍 및 보안 기술 동향](박대영 책임, 금융보안원) 과목의 강의 내용(강의 콘텐츠 구성 등) 만족도는?",만족,17,37.0,45
2026년 AI 보안의 이해(1차),20,instructor,"[AI 위협, 레드티밍 및 보안 기술 동향](박대영 책임, 금융보안원) 과목의 강의 내용(강의 콘텐츠 구성 등) 만족도는?",매우 만족,26,57.0,45
2026년 국가공공기관 정보시스템 취약점 진단 실무 고급(1차),1,other,귀하께서는 어떤 목적으로 이번 사이버안보훈련센터의 교육과정을 수강하셨습니까?,보안 인식 제고,0,0.0,11
2026년 국가공공기관 정보시스템 취약점 진단 실무 고급(1차),1,other,귀하께서는 어떤 목적으로 이번 사이버안보훈련센터의 교육과정을 수강하셨습니까?,보안기술 능력 향상,6,54.0,11
2026년 국가공공기관 정보시스템 취약점 진단 실무 고급(1차),1,other,귀하께서는 어떤 목적으로 이번 사이버안보훈련센터의 교육과정을 수강하셨습니까?,업무에의 활용,3,27.0,11
2026년 국가공공기관 정보시스템 취약점 진단 실무 고급(1차),1,other,귀하께서는 어떤 목적으로 이번 사이버안보훈련센터의 교육과정을 수강하셨습니까?,교육 의무 시간 이수,2,18.0,11
2026년 국가공공기관 정보시스템 취약점 진단 실무 고급(1차),1,other,귀하께서는 어떤 목적으로 이번 사이버안보훈련센터의 교육과정을 수강하셨습니까?,상급자 / 동료의 추천,0,0.0,11
2026년 국가공공기관 정보시스템 취약점 진단 실무 고급(1차),1,other,귀하께서는 어떤 목적으로 이번 사이버안보훈련센터의 교육과정을 수강하셨습니까?,기타,0,0.0,11
2026년 국가공공기관 정보시스템 취약점 진단 실무 고급(1차),4,difficulty,이번 교육의 난이도는 어떠하였습니까?,쉽다,3,27.0,11
2026년 국가공공기관 정보시스템 취약점 진단 실무 고급(1차),4,difficulty,이번 교육의 난이도는 어떠하였습니까?,적당하다,8,72.0,11
2026년 국가공공기관 정보시스템 취약점 진단 실무 고급(1차),4,difficulty,이번 교육의 난이도는 어떠하였습니까?,어렵다,0,0.0,11
2026년 국가공공기관 정보시스템 취약점 진단 실무 고급(1차),6,satisfaction,이번 교육의 만족도는 어떠하였습니까?,높음,8,72.0,11
2026년 국가공공기관 정보시스템 취약점 진단 실무 고급(1차),6,satisfaction,이번 교육의 만족도는 어떠하였습니까?,보통,3,27.0,11
2026년 국가공공기관 정보시스템 취약점 진단 실무 고급(1차),6,satisfaction,이번 교육의 만족도는 어떠하였습니까?,낮음,0,0.0,11
2026년 국가공공기관 정보시스템 취약점 진단 실무 고급(1차),8,utility,이번 교육의 업무 활용도는 어떠하십니까?,높음,8,72.0,11
2026년 국가공공기관 정보시스템 취약점 진단 실무 고급(1차),8,utility,이번 교육의 업무 활용도는 어떠하십니까?,보통,3,27.0,11
2026년 국가공공기관 정보시스템 취약점 진단 실무 고급(1차),8,utility,이번 교육의 업무 활용도는 어떠하십니까?,낮음,0,0.0,11
2026년 국가공공기관 정보시스템 취약점 진단 실무 고급(1차),10,diff_inst,다른 기관과의 교육 차별성은 어떠하십니까?,차별성 있다,9,81.0,11
2026년 국가공공기관 정보시스템 취약점 진단 실무 고급(1차),10,diff_inst,다른 기관과의 교육 차별성은 어떠하십니까?,보통이다,2,18.0,11
2026년 국가공공기관 정보시스템 취약점 진단 실무 고급(1차),10,diff_inst,다른 기관과의 교육 차별성은 어떠하십니까?,차별성 없다,0,0.0,11
2026년 국가공공기관 정보시스템 취약점 진단 실무 고급(1차),12,duration,교육 시간은 적절하다고 생각하십니까?,부족하다,2,18.0,11
2026년 국가공공기관 정보시스템 취약점 진단 실무 고급(1차),12,duration,교육 시간은 적절하다고 생각하십니까?,적절하다,8,72.0,11
2026년 국가공공기관 정보시스템 취약점 진단 실무 고급(1차),12,duration,교육 시간은 적절하다고 생각하십니까?,길다,1,9.0,11
2026년 국가공공기관 정보시스템 취약점 진단 실무 고급(1차),16,instructor,"[취약점 진단 실무 고급] 과목의 강의(강의 준비 및 강의 스킬, 강의 콘텐츠 구성 등) 만족도는?",매우 불만족,0,0.0,11
2026년 국가공공기관 정보시스템 취약점 진단 실무 고급(1차),16,instructor,"[취약점 진단 실무 고급] 과목의 강의(강의 준비 및 강의 스킬, 강의 콘텐츠 구성 등) 만족도는?",불만족,0,0.0,11
2026년 국가공공기관 정보시스템 취약점 진단 실무 고급(1차),16,instructor,"[취약점 진단 실무 고급] 과목의 강의(강의 준비 및 강의 스킬, 강의 콘텐츠 구성 등) 만족도는?",보통,0,0.0,11
2026년 국가공공기관 정보시스템 취약점 진단 실무 고급(1차),16,instructor,"[취약점 진단 실무 고급] 과목의 강의(강의 준비 및 강의 스킬, 강의 콘텐츠 구성 등) 만족도는?",만족,5,45.0,11
2026년 국가공공기관 정보시스템 취약점 진단 실무 고급(1차),16,instructor,"[취약점 진단 실무 고급] 과목의 강의(강의 준비 및 강의 스킬, 강의 콘텐츠 구성 등) 만족도는?",매우 만족,6,54.0,11
2026년 국가공공기관 정보시스템 취약점 진단 실무 고급(2차),1,other,귀하께서는 어떤 목적으로 이번 사이버안보훈련센터의 교육과정을 수강하셨습니까?,보안 인식 제고,3,17.0,17
2026년 국가공공기관 정보시스템 취약점 진단 실무 고급(2차),1,other,귀하께서는 어떤 목적으로 이번 사이버안보훈련센터의 교육과정을 수강하셨습니까?,보안기술 능력 향상,6,35.0,17
2026년 국가공공기관 정보시스템 취약점 진단 실무 고급(2차),1,other,귀하께서는 어떤 목적으로 이번 사이버안보훈련센터의 교육과정을 수강하셨습니까?,업무에의 활용,6,35.0,17
2026년 국가공공기관 정보시스템 취약점 진단 실무 고급(2차),1,other,귀하께서는 어떤 목적으로 이번 사이버안보훈련센터의 교육과정을 수강하셨습니까?,교육 의무 시간 이수,2,11.0,17
2026년 국가공공기관 정보시스템 취약점 진단 실무 고급(2차),1,other,귀하께서는 어떤 목적으로 이번 사이버안보훈련센터의 교육과정을 수강하셨습니까?,상급자 / 동료의 추천,0,0.0,17
2026년 국가공공기관 정보시스템 취약점 진단 실무 고급(2차),1,other,귀하께서는 어떤 목적으로 이번 사이버안보훈련센터의 교육과정을 수강하셨습니까?,기타,0,0.0,17
2026년 국가공공기관 정보시스템 취약점 진단 실무 고급(2차),4,difficulty,이번 교육의 난이도는 어떠하였습니까?,쉽다,2,11.0,17
2026년 국가공공기관 정보시스템 취약점 진단 실무 고급(2차),4,difficulty,이번 교육의 난이도는 어떠하였습니까?,적당하다,13,76.0,17
2026년 국가공공기관 정보시스템 취약점 진단 실무 고급(2차),4,difficulty,이번 교육의 난이도는 어떠하였습니까?,어렵다,2,11.0,17
2026년 국가공공기관 정보시스템 취약점 진단 실무 고급(2차),6,satisfaction,이번 교육의 만족도는 어떠하였습니까?,높음,12,70.0,17
2026년 국가공공기관 정보시스템 취약점 진단 실무 고급(2차),6,satisfaction,이번 교육의 만족도는 어떠하였습니까?,보통,4,23.0,17
2026년 국가공공기관 정보시스템 취약점 진단 실무 고급(2차),6,satisfaction,이번 교육의 만족도는 어떠하였습니까?,낮음,1,5.0,17
2026년 국가공공기관 정보시스템 취약점 진단 실무 고급(2차),8,utility,이번 교육의 업무 활용도는 어떠하십니까?,높음,10,58.0,17
2026년 국가공공기관 정보시스템 취약점 진단 실무 고급(2차),8,utility,이번 교육의 업무 활용도는 어떠하십니까?,보통,6,35.0,17
2026년 국가공공기관 정보시스템 취약점 진단 실무 고급(2차),8,utility,이번 교육의 업무 활용도는 어떠하십니까?,낮음,1,5.0,17
2026년 국가공공기관 정보시스템 취약점 진단 실무 고급(2차),10,diff_inst,다른 기관과의 교육 차별성은 어떠하십니까?,차별성 있다,11,64.0,17
2026년 국가공공기관 정보시스템 취약점 진단 실무 고급(2차),10,diff_inst,다른 기관과의 교육 차별성은 어떠하십니까?,보통이다,6,35.0,17
2026년 국가공공기관 정보시스템 취약점 진단 실무 고급(2차),10,diff_inst,다른 기관과의 교육 차별성은 어떠하십니까?,차별성 없다,0,0.0,17
2026년 국가공공기관 정보시스템 취약점 진단 실무 고급(2차),12,duration,교육 시간은 적절하다고 생각하십니까?,부족하다,4,23.0,17
2026년 국가공공기관 정보시스템 취약점 진단 실무 고급(2차),12,duration,교육 시간은 적절하다고 생각하십니까?,적절하다,13,76.0,17
2026년 국가공공기관 정보시스템 취약점 진단 실무 고급(2차),12,duration,교육 시간은 적절하다고 생각하십니까?,길다,0,0.0,17
2026년 국가공공기관 정보시스템 취약점 진단 실무 고급(2차),16,instructor,"[취약점 진단 실무 고급] 과목의 강의(강의 준비 및 강의 스킬, 강의 콘텐츠 구성 등) 만족도는?",매우 불만족,0,0.0,17
2026년 국가공공기관 정보시스템 취약점 진단 실무 고급(2차),16,instructor,"[취약점 진단 실무 고급] 과목의 강의(강의 준비 및 강의 스킬, 강의 콘텐츠 구성 등) 만족도는?",불만족,0,0.0,17
2026년 국가공공기관 정보시스템 취약점 진단 실무 고급(2차),16,instructor,"[취약점 진단 실무 고급] 과목의 강의(강의 준비 및 강의 스킬, 강의 콘텐츠 구성 등) 만족도는?",보통,1,5.0,17
2026년 국가공공기관 정보시스템 취약점 진단 실무 고급(2차),16,instructor,"[취약점 진단 실무 고급] 과목의 강의(강의 준비 및 강의 스킬, 강의 콘텐츠 구성 등) 만족도는?",만족,4,23.0,17
2026년 국가공공기관 정보시스템 취약점 진단 실무 고급(2차),16,instructor,"[취약점 진단 실무 고급] 과목의 강의(강의 준비 및 강의 스킬, 강의 콘텐츠 구성 등) 만족도는?",매우 만족,12,70.0,17
2026년 금융 사이버위협 동향 및 대응방안(1차),1,other,귀하께서는 어떤 목적으로 이번 사이버안보훈련센터의 교육과정을 수강하셨습니까?,보안 인식 제고,7,38.0,18
2026년 금융 사이버위협 동향 및 대응방안(1차),1,other,귀하께서는 어떤 목적으로 이번 사이버안보훈련센터의 교육과정을 수강하셨습니까?,보안기술 능력 향상,3,16.0,18
2026년 금융 사이버위협 동향 및 대응방안(1차),1,other,귀하께서는 어떤 목적으로 이번 사이버안보훈련센터의 교육과정을 수강하셨습니까?,업무에의 활용,4,22.0,18
2026년 금융 사이버위협 동향 및 대응방안(1차),1,other,귀하께서는 어떤 목적으로 이번 사이버안보훈련센터의 교육과정을 수강하셨습니까?,교육 의무 시간 이수,4,22.0,18
2026년 금융 사이버위협 동향 및 대응방안(1차),1,other,귀하께서는 어떤 목적으로 이번 사이버안보훈련센터의 교육과정을 수강하셨습니까?,상급자 / 동료의 추천,0,0.0,18
2026년 금융 사이버위협 동향 및 대응방안(1차),1,other,귀하께서는 어떤 목적으로 이번 사이버안보훈련센터의 교육과정을 수강하셨습니까?,기타,0,0.0,18
2026년 금융 사이버위협 동향 및 대응방안(1차),4,difficulty,이번 교육의 난이도는 어떠하였습니까?,쉽다,0,0.0,18
2026년 금융 사이버위협 동향 및 대응방안(1차),4,difficulty,이번 교육의 난이도는 어떠하였습니까?,적당하다,16,88.0,18
2026년 금융 사이버위협 동향 및 대응방안(1차),4,difficulty,이번 교육의 난이도는 어떠하였습니까?,어렵다,2,11.0,18
2026년 금융 사이버위협 동향 및 대응방안(1차),6,satisfaction,이번 교육의 만족도는 어떠하였습니까?,높음,10,55.0,18
2026년 금융 사이버위협 동향 및 대응방안(1차),6,satisfaction,이번 교육의 만족도는 어떠하였습니까?,보통,7,38.0,18
2026년 금융 사이버위협 동향 및 대응방안(1차),6,satisfaction,이번 교육의 만족도는 어떠하였습니까?,낮음,1,5.0,18
2026년 금융 사이버위협 동향 및 대응방안(1차),8,utility,이번 교육의 업무 활용도는 어떠하십니까?,높음,7,38.0,18
2026년 금융 사이버위협 동향 및 대응방안(1차),8,utility,이번 교육의 업무 활용도는 어떠하십니까?,보통,9,50.0,18
2026년 금융 사이버위협 동향 및 대응방안(1차),8,utility,이번 교육의 업무 활용도는 어떠하십니까?,낮음,2,11.0,18
2026년 금융 사이버위협 동향 및 대응방안(1차),10,diff_inst,다른 기관과의 교육 차별성은 어떠하십니까?,차별성 있다,5,27.0,18
2026년 금융 사이버위협 동향 및 대응방안(1차),10,diff_inst,다른 기관과의 교육 차별성은 어떠하십니까?,보통이다,13,72.0,18
2026년 금융 사이버위협 동향 및 대응방안(1차),10,diff_inst,다른 기관과의 교육 차별성은 어떠하십니까?,차별성없다,0,0.0,18
2026년 금융 사이버위협 동향 및 대응방안(1차),12,duration,교육 시간은 적절하다고 생각하십니까?,부족하다,3,16.0,18
2026년 금융 사이버위협 동향 및 대응방안(1차),12,duration,교육 시간은 적절하다고 생각하십니까?,적절하다,13,72.0,18
2026년 금융 사이버위협 동향 및 대응방안(1차),12,duration,교육 시간은 적절하다고 생각하십니까?,길다,2,11.0,18
2026년 금융 사이버위협 동향 및 대응방안(1차),16,instructor,[금융 사이버위협 동향 및 대응방안] 과목의 강의(강의 준비 및 강의 스킬) 만족도는?,매우 불만족,0,0.0,18
2026년 금융 사이버위협 동향 및 대응방안(1차),16,instructor,[금융 사이버위협 동향 및 대응방안] 과목의 강의(강의 준비 및 강의 스킬) 만족도는?,불만족,0,0.0,18
2026년 금융 사이버위협 동향 및 대응방안(1차),16,instructor,[금융 사이버위협 동향 및 대응방안] 과목의 강의(강의 준비 및 강의 스킬) 만족도는?,보통,5,27.0,18
2026년 금융 사이버위협 동향 및 대응방안(1차),16,instructor,[금융 사이버위협 동향 및 대응방안] 과목의 강의(강의 준비 및 강의 스킬) 만족도는?,만족,7,38.0,18
2026년 금융 사이버위협 동향 및 대응방안(1차),16,instructor,[금융 사이버위협 동향 및 대응방안] 과목의 강의(강의 준비 및 강의 스킬) 만족도는?,매우 만족,6,33.0,18
2026년 금융 사이버위협 동향 및 대응방안(1차),17,instructor,[금융 사이버위협 동향 및 대응방안] 과목의 강의 내용(강의 콘텐츠 구성 등) 만족도는?,매우 불만족,0,0.0,18
2026년 금융 사이버위협 동향 및 대응방안(1차),17,instructor,[금융 사이버위협 동향 및 대응방안] 과목의 강의 내용(강의 콘텐츠 구성 등) 만족도는?,불만족,1,5.0,18
2026년 금융 사이버위협 동향 및 대응방안(1차),17,instructor,[금융 사이버위협 동향 및 대응방안] 과목의 강의 내용(강의 콘텐츠 구성 등) 만족도는?,보통,4,22.0,18
2026년 금융 사이버위협 동향 및 대응방안(1차),17,instructor,[금융 사이버위협 동향 및 대응방안] 과목의 강의 내용(강의 콘텐츠 구성 등) 만족도는?,만족,6,33.0,18
2026년 금융 사이버위협 동향 및 대응방안(1차),17,instructor,[금융 사이버위협 동향 및 대응방안] 과목의 강의 내용(강의 콘텐츠 구성 등) 만족도는?,매우 만족,7,38.0,18
2026년 금융 사이버위협 동향 및 대응방안(2차),1,other,귀하께서는 어떤 목적으로 이번 사이버안보훈련센터의 교육과정을 수강하셨습니까?,보안 인식 제고,6,37.0,16
2026년 금융 사이버위협 동향 및 대응방안(2차),1,other,귀하께서는 어떤 목적으로 이번 사이버안보훈련센터의 교육과정을 수강하셨습니까?,보안기술 능력 향상,4,25.0,16
2026년 금융 사이버위협 동향 및 대응방안(2차),1,other,귀하께서는 어떤 목적으로 이번 사이버안보훈련센터의 교육과정을 수강하셨습니까?,업무에의 활용,2,12.0,16
2026년 금융 사이버위협 동향 및 대응방안(2차),1,other,귀하께서는 어떤 목적으로 이번 사이버안보훈련센터의 교육과정을 수강하셨습니까?,교육 의무 시간 이수,4,25.0,16
2026년 금융 사이버위협 동향 및 대응방안(2차),1,other,귀하께서는 어떤 목적으로 이번 사이버안보훈련센터의 교육과정을 수강하셨습니까?,상급자 / 동료의 추천,0,0.0,16
2026년 금융 사이버위협 동향 및 대응방안(2차),1,other,귀하께서는 어떤 목적으로 이번 사이버안보훈련센터의 교육과정을 수강하셨습니까?,기타,0,0.0,16
2026년 금융 사이버위협 동향 및 대응방안(2차),4,difficulty,이번 교육의 난이도는 어떠하였습니까?,쉽다,0,0.0,16
2026년 금융 사이버위협 동향 및 대응방안(2차),4,difficulty,이번 교육의 난이도는 어떠하였습니까?,적당하다,16,100.0,16
2026년 금융 사이버위협 동향 및 대응방안(2차),4,difficulty,이번 교육의 난이도는 어떠하였습니까?,어렵다,0,0.0,16
2026년 금융 사이버위협 동향 및 대응방안(2차),6,satisfaction,이번 교육의 만족도는 어떠하였습니까?,높음,13,81.0,16
2026년 금융 사이버위협 동향 및 대응방안(2차),6,satisfaction,이번 교육의 만족도는 어떠하였습니까?,보통,3,18.0,16
2026년 금융 사이버위협 동향 및 대응방안(2차),6,satisfaction,이번 교육의 만족도는 어떠하였습니까?,낮음,0,0.0,16
2026년 금융 사이버위협 동향 및 대응방안(2차),8,utility,이번 교육의 업무 활용도는 어떠하십니까?,높음,12,75.0,16
2026년 금융 사이버위협 동향 및 대응방안(2차),8,utility,이번 교육의 업무 활용도는 어떠하십니까?,보통,4,25.0,16
2026년 금융 사이버위협 동향 및 대응방안(2차),8,utility,이번 교육의 업무 활용도는 어떠하십니까?,낮음,0,0.0,16
2026년 금융 사이버위협 동향 및 대응방안(2차),10,diff_inst,다른 기관과의 교육 차별성은 어떠하십니까?,차별성 있다,7,43.0,16
2026년 금융 사이버위협 동향 및 대응방안(2차),10,diff_inst,다른 기관과의 교육 차별성은 어떠하십니까?,보통이다,9,56.0,16
2026년 금융 사이버위협 동향 및 대응방안(2차),10,diff_inst,다른 기관과의 교육 차별성은 어떠하십니까?,차별성없다,0,0.0,16
2026년 금융 사이버위협 동향 및 대응방안(2차),12,duration,교육 시간은 적절하다고 생각하십니까?,부족하다,1,6.0,16
2026년 금융 사이버위협 동향 및 대응방안(2차),12,duration,교육 시간은 적절하다고 생각하십니까?,적절하다,13,81.0,16
2026년 금융 사이버위협 동향 및 대응방안(2차),12,duration,교육 시간은 적절하다고 생각하십니까?,길다,2,12.0,16
2026년 금융 사이버위협 동향 및 대응방안(2차),16,instructor,[금융 사이버위협 동향 및 대응방안] 과목의 강의(강의 준비 및 강의 스킬) 만족도는?,매우 불만족,0,0.0,16
2026년 금융 사이버위협 동향 및 대응방안(2차),16,instructor,[금융 사이버위협 동향 및 대응방안] 과목의 강의(강의 준비 및 강의 스킬) 만족도는?,불만족,0,0.0,16
2026년 금융 사이버위협 동향 및 대응방안(2차),16,instructor,[금융 사이버위협 동향 및 대응방안] 과목의 강의(강의 준비 및 강의 스킬) 만족도는?,보통,1,6.0,16
2026년 금융 사이버위협 동향 및 대응방안(2차),16,instructor,[금융 사이버위협 동향 및 대응방안] 과목의 강의(강의 준비 및 강의 스킬) 만족도는?,만족,5,31.0,16
2026년 금융 사이버위협 동향 및 대응방안(2차),16,instructor,[금융 사이버위협 동향 및 대응방안] 과목의 강의(강의 준비 및 강의 스킬) 만족도는?,매우 만족,10,62.0,16
2026년 금융 사이버위협 동향 및 대응방안(2차),17,instructor,[금융 사이버위협 동향 및 대응방안] 과목의 강의 내용(강의 콘텐츠 구성 등) 만족도는?,매우 불만족,0,0.0,16
2026년 금융 사이버위협 동향 및 대응방안(2차),17,instructor,[금융 사이버위협 동향 및 대응방안] 과목의 강의 내용(강의 콘텐츠 구성 등) 만족도는?,불만족,0,0.0,16
2026년 금융 사이버위협 동향 및 대응방안(2차),17,instructor,[금융 사이버위협 동향 및 대응방안] 과목의 강의 내용(강의 콘텐츠 구성 등) 만족도는?,보통,1,6.0,16
2026년 금융 사이버위협 동향 및 대응방안(2차),17,instructor,[금융 사이버위협 동향 및 대응방안] 과목의 강의 내용(강의 콘텐츠 구성 등) 만족도는?,만족,5,31.0,16
2026년 금융 사이버위협 동향 및 대응방안(2차),17,instructor,[금융 사이버위협 동향 및 대응방안] 과목의 강의 내용(강의 콘텐츠 구성 등) 만족도는?,매우 만족,10,62.0,16
2026년 기반시설보안정책(1차),1,other,귀하께서는 어떤 목적으로 이번 사이버안보훈련센터의 교육과정을 수강하셨습니까?,보안 인식 제고,18,37.0,48
2026년 기반시설보안정책(1차),1,other,귀하께서는 어떤 목적으로 이번 사이버안보훈련센터의 교육과정을 수강하셨습니까?,보안기술 능력 향상,12,25.0,48
2026년 기반시설보안정책(1차),1,other,귀하께서는 어떤 목적으로 이번 사이버안보훈련센터의 교육과정을 수강하셨습니까?,업무에의 활용,7,14.0,48
2026년 기반시설보안정책(1차),1,other,귀하께서는 어떤 목적으로 이번 사이버안보훈련센터의 교육과정을 수강하셨습니까?,교육 의무 시간 이수,10,20.0,48
2026년 기반시설보안정책(1차),1,other,귀하께서는 어떤 목적으로 이번 사이버안보훈련센터의 교육과정을 수강하셨습니까?,상급자 / 동료의 추천,1,2.0,48
2026년 기반시설보안정책(1차),1,other,귀하께서는 어떤 목적으로 이번 사이버안보훈련센터의 교육과정을 수강하셨습니까?,기타,0,0.0,48
2026년 기반시설보안정책(1차),2,difficulty,이번 교육의 난이도는 어떠하였습니까?,쉽다,2,4.0,48
2026년 기반시설보안정책(1차),2,difficulty,이번 교육의 난이도는 어떠하였습니까?,적당하다,43,89.0,48
2026년 기반시설보안정책(1차),2,difficulty,이번 교육의 난이도는 어떠하였습니까?,어렵다,3,6.0,48
2026년 기반시설보안정책(1차),4,satisfaction,이번 교육의 만족도는 어떠하였습니까?,높음,29,60.0,48
2026년 기반시설보안정책(1차),4,satisfaction,이번 교육의 만족도는 어떠하였습니까?,보통이다,19,39.0,48
2026년 기반시설보안정책(1차),4,satisfaction,이번 교육의 만족도는 어떠하였습니까?,낮음,0,0.0,48
2026년 기반시설보안정책(1차),6,utility,이번 교육의 업무 활용도는 어떠하십니까?,높음,24,50.0,48
2026년 기반시설보안정책(1차),6,utility,이번 교육의 업무 활용도는 어떠하십니까?,보통이다,24,50.0,48
2026년 기반시설보안정책(1차),6,utility,이번 교육의 업무 활용도는 어떠하십니까?,낮음,0,0.0,48
2026년 기반시설보안정책(1차),8,diff_inst,다른 기관과의 교육 차별성은 어떠하십니까?,차별성 있다,30,62.0,48
2026년 기반시설보안정책(1차),8,diff_inst,다른 기관과의 교육 차별성은 어떠하십니까?,보통이다,18,37.0,48
2026년 기반시설보안정책(1차),8,diff_inst,다른 기관과의 교육 차별성은 어떠하십니까?,차별성없다,0,0.0,48
2026년 기반시설보안정책(1차),10,duration,교육 시간은 적절하다고 생각하십니까?,적절하다,30,62.0,48
2026년 기반시설보안정책(1차),10,duration,교육 시간은 적절하다고 생각하십니까?,보통이다,16,33.0,48
2026년 기반시설보안정책(1차),10,duration,교육 시간은 적절하다고 생각하십니까?,적절하지 않다,2,4.0,48
2026년 기반시설보안정책(1차),12,other,본 교육  수료 후 보안 인식 및 실력의 변화는?,매우 만족하게 향상됐다.,31,64.0,48
2026년 기반시설보안정책(1차),12,other,본 교육  수료 후 보안 인식 및 실력의 변화는?,보통이다,16,33.0,48
2026년 기반시설보안정책(1차),12,other,본 교육  수료 후 보안 인식 및 실력의 변화는?,변화 없다,1,2.0,48
2026년 기반시설보안정책(1차),13,needs,"국가공공 기관 및 정보통신기반시설의 정보화, 정보보호 담당자에게 꼭 필요한 사이버안보 교육에는 어떤 것이 있을까요?",포렌식 분야 교육/훈련,2,4.0,48
2026년 기반시설보안정책(1차),13,needs,"국가공공 기관 및 정보통신기반시설의 정보화, 정보보호 담당자에게 꼭 필요한 사이버안보 교육에는 어떤 것이 있을까요?",악성코드 분석 교육/훈련,4,8.0,48
2026년 기반시설보안정책(1차),13,needs,"국가공공 기관 및 정보통신기반시설의 정보화, 정보보호 담당자에게 꼭 필요한 사이버안보 교육에는 어떤 것이 있을까요?",모바일 분야 교육/훈련,2,4.0,48
2026년 기반시설보안정책(1차),13,needs,"국가공공 기관 및 정보통신기반시설의 정보화, 정보보호 담당자에게 꼭 필요한 사이버안보 교육에는 어떤 것이 있을까요?",무선랜 해킹 관련 교육/훈련,1,2.0,48
2026년 기반시설보안정책(1차),13,needs,"국가공공 기관 및 정보통신기반시설의 정보화, 정보보호 담당자에게 꼭 필요한 사이버안보 교육에는 어떤 것이 있을까요?",서버 취약점 공격 대응 교육/훈련,4,8.0,48
2026년 기반시설보안정책(1차),13,needs,"국가공공 기관 및 정보통신기반시설의 정보화, 정보보호 담당자에게 꼭 필요한 사이버안보 교육에는 어떤 것이 있을까요?",시스템 보안강화(System Hardening) 교육/훈련,5,10.0,48
2026년 기반시설보안정책(1차),13,needs,"국가공공 기관 및 정보통신기반시설의 정보화, 정보보호 담당자에게 꼭 필요한 사이버안보 교육에는 어떤 것이 있을까요?",정보유출 사건에 대한 교육/훈련,16,33.0,48
2026년 기반시설보안정책(1차),13,needs,"국가공공 기관 및 정보통신기반시설의 정보화, 정보보호 담당자에게 꼭 필요한 사이버안보 교육에는 어떤 것이 있을까요?",정보보호 시스템 관리 교육/훈련,14,29.0,48
2026년 기반시설보안정책(1차),16,instructor,해양 사이버보안 위협 사례 분석 및 대응(강사: 조용현 대표) 과목의 강의 만족도(강의 준비 및 스킬 등)는?,매우 만족,35,72.0,48
2026년 기반시설보안정책(1차),16,instructor,해양 사이버보안 위협 사례 분석 및 대응(강사: 조용현 대표) 과목의 강의 만족도(강의 준비 및 스킬 등)는?,만족,9,18.0,48
2026년 기반시설보안정책(1차),16,instructor,해양 사이버보안 위협 사례 분석 및 대응(강사: 조용현 대표) 과목의 강의 만족도(강의 준비 및 스킬 등)는?,보통,4,8.0,48
2026년 기반시설보안정책(1차),16,instructor,해양 사이버보안 위협 사례 분석 및 대응(강사: 조용현 대표) 과목의 강의 만족도(강의 준비 및 스킬 등)는?,불만족,0,0.0,48
2026년 기반시설보안정책(1차),16,instructor,해양 사이버보안 위협 사례 분석 및 대응(강사: 조용현 대표) 과목의 강의 만족도(강의 준비 및 스킬 등)는?,매우 불만족,0,0.0,48
2026년 기반시설보안정책(1차),17,instructor,해양 사이버보안 위협 사례 분석 및 대응(강사: 조용현 대표) 과목의 강의 내용 만족도(강의 컨텐츠 구성 등)는?,매우 만족,36,75.0,48
2026년 기반시설보안정책(1차),17,instructor,해양 사이버보안 위협 사례 분석 및 대응(강사: 조용현 대표) 과목의 강의 내용 만족도(강의 컨텐츠 구성 등)는?,만족,8,16.0,48
2026년 기반시설보안정책(1차),17,instructor,해양 사이버보안 위협 사례 분석 및 대응(강사: 조용현 대표) 과목의 강의 내용 만족도(강의 컨텐츠 구성 등)는?,보통,4,8.0,48
2026년 기반시설보안정책(1차),17,instructor,해양 사이버보안 위협 사례 분석 및 대응(강사: 조용현 대표) 과목의 강의 내용 만족도(강의 컨텐츠 구성 등)는?,불만족,0,0.0,48
2026년 기반시설보안정책(1차),17,instructor,해양 사이버보안 위협 사례 분석 및 대응(강사: 조용현 대표) 과목의 강의 내용 만족도(강의 컨텐츠 구성 등)는?,매우 불만족,0,0.0,48
2026년 기반시설보안정책(1차),18,instructor,우주항공 보안 위협 및 사이버안보 이슈(강사: 엄정식 교수) 과목의 강의 만족도(강의 준비 및 스킬 등)는?,매우 만족,36,75.0,48
2026년 기반시설보안정책(1차),18,instructor,우주항공 보안 위협 및 사이버안보 이슈(강사: 엄정식 교수) 과목의 강의 만족도(강의 준비 및 스킬 등)는?,만족,8,16.0,48
2026년 기반시설보안정책(1차),18,instructor,우주항공 보안 위협 및 사이버안보 이슈(강사: 엄정식 교수) 과목의 강의 만족도(강의 준비 및 스킬 등)는?,보통,4,8.0,48
2026년 기반시설보안정책(1차),18,instructor,우주항공 보안 위협 및 사이버안보 이슈(강사: 엄정식 교수) 과목의 강의 만족도(강의 준비 및 스킬 등)는?,불만족,0,0.0,48
2026년 기반시설보안정책(1차),18,instructor,우주항공 보안 위협 및 사이버안보 이슈(강사: 엄정식 교수) 과목의 강의 만족도(강의 준비 및 스킬 등)는?,매우 불만족,0,0.0,48
2026년 기반시설보안정책(1차),19,instructor,우주항공 보안 위협 및 사이버안보 이슈(강사: 엄정식 교수) 과목의 강의 내용 만족도(강의 컨텐츠 구성 등)는?,매우 만족,35,72.0,48
2026년 기반시설보안정책(1차),19,instructor,우주항공 보안 위협 및 사이버안보 이슈(강사: 엄정식 교수) 과목의 강의 내용 만족도(강의 컨텐츠 구성 등)는?,만족,9,18.0,48
2026년 기반시설보안정책(1차),19,instructor,우주항공 보안 위협 및 사이버안보 이슈(강사: 엄정식 교수) 과목의 강의 내용 만족도(강의 컨텐츠 구성 등)는?,보통,4,8.0,48
2026년 기반시설보안정책(1차),19,instructor,우주항공 보안 위협 및 사이버안보 이슈(강사: 엄정식 교수) 과목의 강의 내용 만족도(강의 컨텐츠 구성 등)는?,불만족,0,0.0,48
2026년 기반시설보안정책(1차),19,instructor,우주항공 보안 위협 및 사이버안보 이슈(강사: 엄정식 교수) 과목의 강의 내용 만족도(강의 컨텐츠 구성 등)는?,매우 불만족,0,0.0,48
2026년 기반시설보안정책(1차),20,instructor,제로트러스트 기반 보안 운영시스템 위협 및 대응 사례(강사: 홍우식 팀장) 과목의 강의 만족도(강의 준비 및 스킬 등)는?,매우 만족,37,77.0,48
2026년 기반시설보안정책(1차),20,instructor,제로트러스트 기반 보안 운영시스템 위협 및 대응 사례(강사: 홍우식 팀장) 과목의 강의 만족도(강의 준비 및 스킬 등)는?,만족,9,18.0,48
2026년 기반시설보안정책(1차),20,instructor,제로트러스트 기반 보안 운영시스템 위협 및 대응 사례(강사: 홍우식 팀장) 과목의 강의 만족도(강의 준비 및 스킬 등)는?,보통,2,4.0,48
2026년 기반시설보안정책(1차),20,instructor,제로트러스트 기반 보안 운영시스템 위협 및 대응 사례(강사: 홍우식 팀장) 과목의 강의 만족도(강의 준비 및 스킬 등)는?,불만족,0,0.0,48
2026년 기반시설보안정책(1차),20,instructor,제로트러스트 기반 보안 운영시스템 위협 및 대응 사례(강사: 홍우식 팀장) 과목의 강의 만족도(강의 준비 및 스킬 등)는?,매우 불만족,0,0.0,48
2026년 기반시설보안정책(1차),21,instructor,제로트러스트 기반 보안 운영시스템 위협 및 대응 사례(강사: 홍우식 팀장) 과목의 강의 내용 만족도(강의 컨텐츠 구성 등)는?,매우 만족,37,77.0,48
2026년 기반시설보안정책(1차),21,instructor,제로트러스트 기반 보안 운영시스템 위협 및 대응 사례(강사: 홍우식 팀장) 과목의 강의 내용 만족도(강의 컨텐츠 구성 등)는?,만족,9,18.0,48
2026년 기반시설보안정책(1차),21,instructor,제로트러스트 기반 보안 운영시스템 위협 및 대응 사례(강사: 홍우식 팀장) 과목의 강의 내용 만족도(강의 컨텐츠 구성 등)는?,보통,2,4.0,48
2026년 기반시설보안정책(1차),21,instructor,제로트러스트 기반 보안 운영시스템 위협 및 대응 사례(강사: 홍우식 팀장) 과목의 강의 내용 만족도(강의 컨텐츠 구성 등)는?,불만족,0,0.0,48
2026년 기반시설보안정책(1차),21,instructor,제로트러스트 기반 보안 운영시스템 위협 및 대응 사례(강사: 홍우식 팀장) 과목의 강의 내용 만족도(강의 컨텐츠 구성 등)는?,매우 불만족,0,0.0,48
2026년 기반시설보안정책(1차),22,instructor,디지털전환 시대 에너지 안보 및 대응(강사: 정천현 팀장) 과목의 강의 만족도(강의 준비 및 스킬 등)는?,매우 만족,33,68.0,48
2026년 기반시설보안정책(1차),22,instructor,디지털전환 시대 에너지 안보 및 대응(강사: 정천현 팀장) 과목의 강의 만족도(강의 준비 및 스킬 등)는?,만족,12,25.0,48
2026년 기반시설보안정책(1차),22,instructor,디지털전환 시대 에너지 안보 및 대응(강사: 정천현 팀장) 과목의 강의 만족도(강의 준비 및 스킬 등)는?,보통,3,6.0,48
2026년 기반시설보안정책(1차),22,instructor,디지털전환 시대 에너지 안보 및 대응(강사: 정천현 팀장) 과목의 강의 만족도(강의 준비 및 스킬 등)는?,불만족,0,0.0,48
2026년 기반시설보안정책(1차),22,instructor,디지털전환 시대 에너지 안보 및 대응(강사: 정천현 팀장) 과목의 강의 만족도(강의 준비 및 스킬 등)는?,매우 불만족,0,0.0,48
2026년 기반시설보안정책(1차),23,instructor,디지털전환 시대 에너지 안보 및 대응(강사: 정천현 팀장) 과목의 강의 내용 만족도(강의 컨텐츠 구성 등)는?,매우 만족,36,75.0,48
2026년 기반시설보안정책(1차),23,instructor,디지털전환 시대 에너지 안보 및 대응(강사: 정천현 팀장) 과목의 강의 내용 만족도(강의 컨텐츠 구성 등)는?, 만족,9,18.0,48
2026년 기반시설보안정책(1차),23,instructor,디지털전환 시대 에너지 안보 및 대응(강사: 정천현 팀장) 과목의 강의 내용 만족도(강의 컨텐츠 구성 등)는?,보통,3,6.0,48
2026년 기반시설보안정책(1차),23,instructor,디지털전환 시대 에너지 안보 및 대응(강사: 정천현 팀장) 과목의 강의 내용 만족도(강의 컨텐츠 구성 등)는?,불만족,0,0.0,48
2026년 기반시설보안정책(1차),23,instructor,디지털전환 시대 에너지 안보 및 대응(강사: 정천현 팀장) 과목의 강의 내용 만족도(강의 컨텐츠 구성 등)는?,매우 불만족,0,0.0,48
2026년 기반시설보안정책(1차),24,instructor,망 분리 기술의 보안 위협 및 대응(강사: 박정수 교수) 과목의 강의 만족도(강의 준비 및 스킬 등)는?,매우 만족,39,81.0,48
2026년 기반시설보안정책(1차),24,instructor,망 분리 기술의 보안 위협 및 대응(강사: 박정수 교수) 과목의 강의 만족도(강의 준비 및 스킬 등)는?,만족,8,16.0,48
2026년 기반시설보안정책(1차),24,instructor,망 분리 기술의 보안 위협 및 대응(강사: 박정수 교수) 과목의 강의 만족도(강의 준비 및 스킬 등)는?,보통,1,2.0,48
2026년 기반시설보안정책(1차),24,instructor,망 분리 기술의 보안 위협 및 대응(강사: 박정수 교수) 과목의 강의 만족도(강의 준비 및 스킬 등)는?,불만족,0,0.0,48
2026년 기반시설보안정책(1차),24,instructor,망 분리 기술의 보안 위협 및 대응(강사: 박정수 교수) 과목의 강의 만족도(강의 준비 및 스킬 등)는?,매우 불만족,0,0.0,48
2026년 기반시설보안정책(1차),25,instructor,망 분리 기술의 보안 위협 및 대응(강사: 박정수 교수) 과목의 강의 내용 만족도(강의 컨텐츠 구성 등)는?,매우 만족,39,81.0,48
2026년 기반시설보안정책(1차),25,instructor,망 분리 기술의 보안 위협 및 대응(강사: 박정수 교수) 과목의 강의 내용 만족도(강의 컨텐츠 구성 등)는?,만족,8,16.0,48
2026년 기반시설보안정책(1차),25,instructor,망 분리 기술의 보안 위협 및 대응(강사: 박정수 교수) 과목의 강의 내용 만족도(강의 컨텐츠 구성 등)는?,보통,1,2.0,48
2026년 기반시설보안정책(1차),25,instructor,망 분리 기술의 보안 위협 및 대응(강사: 박정수 교수) 과목의 강의 내용 만족도(강의 컨텐츠 구성 등)는?,불만족,0,0.0,48
2026년 기반시설보안정책(1차),25,instructor,망 분리 기술의 보안 위협 및 대응(강사: 박정수 교수) 과목의 강의 내용 만족도(강의 컨텐츠 구성 등)는?,매우 불만족,0,0.0,48
2026년 기반시설보안정책(1차),26,instructor,항공기와 항공 보안 위협 및 대응(강사: 황경철 교수) 과목의 강의 만족도(강의 준비 및 스킬 등)는?,매우 만족,35,72.0,48
2026년 기반시설보안정책(1차),26,instructor,항공기와 항공 보안 위협 및 대응(강사: 황경철 교수) 과목의 강의 만족도(강의 준비 및 스킬 등)는?,만족,10,20.0,48
2026년 기반시설보안정책(1차),26,instructor,항공기와 항공 보안 위협 및 대응(강사: 황경철 교수) 과목의 강의 만족도(강의 준비 및 스킬 등)는?,보통,3,6.0,48
2026년 기반시설보안정책(1차),26,instructor,항공기와 항공 보안 위협 및 대응(강사: 황경철 교수) 과목의 강의 만족도(강의 준비 및 스킬 등)는?,불만족,0,0.0,48
2026년 기반시설보안정책(1차),26,instructor,항공기와 항공 보안 위협 및 대응(강사: 황경철 교수) 과목의 강의 만족도(강의 준비 및 스킬 등)는?,매우 불만족,0,0.0,48
2026년 기반시설보안정책(1차),27,instructor,항공기와 항공 보안 위협 및 대응(강사: 황경철 교수) 과목의 강의 내용 만족도(강의 컨텐츠 구성 등)는?,매우 만족,33,68.0,48
2026년 기반시설보안정책(1차),27,instructor,항공기와 항공 보안 위협 및 대응(강사: 황경철 교수) 과목의 강의 내용 만족도(강의 컨텐츠 구성 등)는?,만족,12,25.0,48
2026년 기반시설보안정책(1차),27,instructor,항공기와 항공 보안 위협 및 대응(강사: 황경철 교수) 과목의 강의 내용 만족도(강의 컨텐츠 구성 등)는?,보통,3,6.0,48
2026년 기반시설보안정책(1차),27,instructor,항공기와 항공 보안 위협 및 대응(강사: 황경철 교수) 과목의 강의 내용 만족도(강의 컨텐츠 구성 등)는?,불만족,0,0.0,48
2026년 기반시설보안정책(1차),27,instructor,항공기와 항공 보안 위협 및 대응(강사: 황경철 교수) 과목의 강의 내용 만족도(강의 컨텐츠 구성 등)는?,매우 불만족,0,0.0,48
2026년 기반시설보안정책(1차),28,instructor,제어시스템 사이버공격 대응(강사: 장문수 실장) 과목의 강의 만족도(강의 준비 및 스킬 등)는?,매우 만족,34,70.0,48
2026년 기반시설보안정책(1차),28,instructor,제어시스템 사이버공격 대응(강사: 장문수 실장) 과목의 강의 만족도(강의 준비 및 스킬 등)는?,만족,11,22.0,48
2026년 기반시설보안정책(1차),28,instructor,제어시스템 사이버공격 대응(강사: 장문수 실장) 과목의 강의 만족도(강의 준비 및 스킬 등)는?,보통,3,6.0,48
2026년 기반시설보안정책(1차),28,instructor,제어시스템 사이버공격 대응(강사: 장문수 실장) 과목의 강의 만족도(강의 준비 및 스킬 등)는?,불만족,0,0.0,48
2026년 기반시설보안정책(1차),28,instructor,제어시스템 사이버공격 대응(강사: 장문수 실장) 과목의 강의 만족도(강의 준비 및 스킬 등)는?,매우 불만족,0,0.0,48
2026년 기반시설보안정책(1차),29,instructor,제어시스템 사이버공격 대응(강사: 장문수 실장) 과목의 강의 내용 만족도(강의 컨텐츠 구성 등)는?,매우 만족,34,70.0,48
2026년 기반시설보안정책(1차),29,instructor,제어시스템 사이버공격 대응(강사: 장문수 실장) 과목의 강의 내용 만족도(강의 컨텐츠 구성 등)는?, 만족,10,20.0,48
2026년 기반시설보안정책(1차),29,instructor,제어시스템 사이버공격 대응(강사: 장문수 실장) 과목의 강의 내용 만족도(강의 컨텐츠 구성 등)는?,보통,4,8.0,48
2026년 기반시설보안정책(1차),29,instructor,제어시스템 사이버공격 대응(강사: 장문수 실장) 과목의 강의 내용 만족도(강의 컨텐츠 구성 등)는?,불만족,0,0.0,48
2026년 기반시설보안정책(1차),29,instructor,제어시스템 사이버공격 대응(강사: 장문수 실장) 과목의 강의 내용 만족도(강의 컨텐츠 구성 등)는?,매우 불만족,0,0.0,48
2026년 기반시설보안정책(1차),30,instructor,IMO(International Maritime Organization) 해사 사이버보안 및 항만 표준화 동향(강사: 이민우 교수) 과목의 강의 만족도(강의 준비 및 스킬 등)는?,매우 만족,35,72.0,48
2026년 기반시설보안정책(1차),30,instructor,IMO(International Maritime Organization) 해사 사이버보안 및 항만 표준화 동향(강사: 이민우 교수) 과목의 강의 만족도(강의 준비 및 스킬 등)는?,만족,10,20.0,48
2026년 기반시설보안정책(1차),30,instructor,IMO(International Maritime Organization) 해사 사이버보안 및 항만 표준화 동향(강사: 이민우 교수) 과목의 강의 만족도(강의 준비 및 스킬 등)는?,보통,3,6.0,48
2026년 기반시설보안정책(1차),30,instructor,IMO(International Maritime Organization) 해사 사이버보안 및 항만 표준화 동향(강사: 이민우 교수) 과목의 강의 만족도(강의 준비 및 스킬 등)는?,불만족,0,0.0,48
2026년 기반시설보안정책(1차),30,instructor,IMO(International Maritime Organization) 해사 사이버보안 및 항만 표준화 동향(강사: 이민우 교수) 과목의 강의 만족도(강의 준비 및 스킬 등)는?,매우 불만족,0,0.0,48
2026년 기반시설보안정책(1차),31,instructor,IMO(International Maritime Organization) 해사 사이버보안 및 항만 표준화 동향(강사: 이민우 교수) 과목의 강의 내용 만족도(강의 컨텐츠 구성 등)는?,매우 만족,35,72.0,48
2026년 기반시설보안정책(1차),31,instructor,IMO(International Maritime Organization) 해사 사이버보안 및 항만 표준화 동향(강사: 이민우 교수) 과목의 강의 내용 만족도(강의 컨텐츠 구성 등)는?,만족,10,20.0,48
2026년 기반시설보안정책(1차),31,instructor,IMO(International Maritime Organization) 해사 사이버보안 및 항만 표준화 동향(강사: 이민우 교수) 과목의 강의 내용 만족도(강의 컨텐츠 구성 등)는?,보통,3,6.0,48
2026년 기반시설보안정책(1차),31,instructor,IMO(International Maritime Organization) 해사 사이버보안 및 항만 표준화 동향(강사: 이민우 교수) 과목의 강의 내용 만족도(강의 컨텐츠 구성 등)는?,불만족,0,0.0,48
2026년 기반시설보안정책(1차),31,instructor,IMO(International Maritime Organization) 해사 사이버보안 및 항만 표준화 동향(강사: 이민우 교수) 과목의 강의 내용 만족도(강의 컨텐츠 구성 등)는?,매우 불족,0,0.0,48
2026년 기반시설보안정책(2차),1,other,귀하께서는 어떤 목적으로 이번 사이버안보훈련센터의 교육과정을 수강하셨습니까?,보안 인식 제고,7,16.0,43
2026년 기반시설보안정책(2차),1,other,귀하께서는 어떤 목적으로 이번 사이버안보훈련센터의 교육과정을 수강하셨습니까?,보안기술 능력 향상,10,23.0,43
2026년 기반시설보안정책(2차),1,other,귀하께서는 어떤 목적으로 이번 사이버안보훈련센터의 교육과정을 수강하셨습니까?,업무에의 활용,6,13.0,43
2026년 기반시설보안정책(2차),1,other,귀하께서는 어떤 목적으로 이번 사이버안보훈련센터의 교육과정을 수강하셨습니까?,교육 의무 시간 이수,20,46.0,43
2026년 기반시설보안정책(2차),1,other,귀하께서는 어떤 목적으로 이번 사이버안보훈련센터의 교육과정을 수강하셨습니까?,상급자 / 동료의 추천,0,0.0,43
2026년 기반시설보안정책(2차),1,other,귀하께서는 어떤 목적으로 이번 사이버안보훈련센터의 교육과정을 수강하셨습니까?,기타,0,0.0,43
2026년 기반시설보안정책(2차),2,difficulty,이번 교육의 난이도는 어떠하였습니까?,쉽다,2,4.0,43
2026년 기반시설보안정책(2차),2,difficulty,이번 교육의 난이도는 어떠하였습니까?,적당하다,39,90.0,43
2026년 기반시설보안정책(2차),2,difficulty,이번 교육의 난이도는 어떠하였습니까?,어렵다,2,4.0,43
2026년 기반시설보안정책(2차),4,satisfaction,이번 교육의 만족도는 어떠하였습니까?,높음,28,65.0,43
2026년 기반시설보안정책(2차),4,satisfaction,이번 교육의 만족도는 어떠하였습니까?,보통이다,15,34.0,43
2026년 기반시설보안정책(2차),4,satisfaction,이번 교육의 만족도는 어떠하였습니까?,낮음,0,0.0,43
2026년 기반시설보안정책(2차),6,utility,이번 교육의 업무 활용도는 어떠하십니까?,높음,17,39.0,43
2026년 기반시설보안정책(2차),6,utility,이번 교육의 업무 활용도는 어떠하십니까?,보통이다,24,55.0,43
2026년 기반시설보안정책(2차),6,utility,이번 교육의 업무 활용도는 어떠하십니까?,낮음,2,4.0,43
2026년 기반시설보안정책(2차),8,diff_inst,다른 기관과의 교육 차별성은 어떠하십니까?,차별성 있다,27,62.0,43
2026년 기반시설보안정책(2차),8,diff_inst,다른 기관과의 교육 차별성은 어떠하십니까?,보통이다,14,32.0,43
2026년 기반시설보안정책(2차),8,diff_inst,다른 기관과의 교육 차별성은 어떠하십니까?,차별성없다,2,4.0,43
2026년 기반시설보안정책(2차),10,duration,교육 시간은 적절하다고 생각하십니까?,적절하다,27,62.0,43
2026년 기반시설보안정책(2차),10,duration,교육 시간은 적절하다고 생각하십니까?,보통이다,14,32.0,43
2026년 기반시설보안정책(2차),10,duration,교육 시간은 적절하다고 생각하십니까?,적절하다,2,4.0,43
2026년 기반시설보안정책(2차),12,other,본 교육 수료 후 보안 인식 및 실력의 변화는?,매우 만족하게 향상됐다.,21,48.0,43
2026년 기반시설보안정책(2차),12,other,본 교육 수료 후 보안 인식 및 실력의 변화는?,보통이다.,21,48.0,43
2026년 기반시설보안정책(2차),12,other,본 교육 수료 후 보안 인식 및 실력의 변화는?,변화 없다.,1,2.0,43
2026년 기반시설보안정책(2차),13,needs,"국가공공 기관 및 정보통신기반시설의 정보화, 정보보호 담당자에게 꼭 필요한 사이버안보 교육에는 어떤 것이 있을까요?",포렌식 분야 교육/훈련,4,9.0,43
2026년 기반시설보안정책(2차),13,needs,"국가공공 기관 및 정보통신기반시설의 정보화, 정보보호 담당자에게 꼭 필요한 사이버안보 교육에는 어떤 것이 있을까요?",악성코드 분석 교육/훈련,1,2.0,43
2026년 기반시설보안정책(2차),13,needs,"국가공공 기관 및 정보통신기반시설의 정보화, 정보보호 담당자에게 꼭 필요한 사이버안보 교육에는 어떤 것이 있을까요?",모바일 분야 교육/훈련,1,2.0,43
2026년 기반시설보안정책(2차),13,needs,"국가공공 기관 및 정보통신기반시설의 정보화, 정보보호 담당자에게 꼭 필요한 사이버안보 교육에는 어떤 것이 있을까요?",무선랜 해킹 관련 교육/훈련,4,9.0,43
2026년 기반시설보안정책(2차),13,needs,"국가공공 기관 및 정보통신기반시설의 정보화, 정보보호 담당자에게 꼭 필요한 사이버안보 교육에는 어떤 것이 있을까요?",서버 취약점 공격 대응 교육/훈련,5,11.0,43
2026년 기반시설보안정책(2차),13,needs,"국가공공 기관 및 정보통신기반시설의 정보화, 정보보호 담당자에게 꼭 필요한 사이버안보 교육에는 어떤 것이 있을까요?",시스템 보안강화(System Hardening) 교육/훈련,10,23.0,43
2026년 기반시설보안정책(2차),13,needs,"국가공공 기관 및 정보통신기반시설의 정보화, 정보보호 담당자에게 꼭 필요한 사이버안보 교육에는 어떤 것이 있을까요?",정보유출 사건에 대한 교육/훈련,14,32.0,43
2026년 기반시설보안정책(2차),13,needs,"국가공공 기관 및 정보통신기반시설의 정보화, 정보보호 담당자에게 꼭 필요한 사이버안보 교육에는 어떤 것이 있을까요?",정보보호 시스템 관리 교육/훈련,4,9.0,43
2026년 기반시설보안정책(2차),16,instructor,해양 사이버보안 위협 사례 분석 및 대응(강사: 조용현 대표) 과목의 강의 만족도(강의 준비 및 스킬 등)는?,매우 만족,26,60.0,43
2026년 기반시설보안정책(2차),16,instructor,해양 사이버보안 위협 사례 분석 및 대응(강사: 조용현 대표) 과목의 강의 만족도(강의 준비 및 스킬 등)는?,만족,12,27.0,43
2026년 기반시설보안정책(2차),16,instructor,해양 사이버보안 위협 사례 분석 및 대응(강사: 조용현 대표) 과목의 강의 만족도(강의 준비 및 스킬 등)는?,보통,5,11.0,43
2026년 기반시설보안정책(2차),16,instructor,해양 사이버보안 위협 사례 분석 및 대응(강사: 조용현 대표) 과목의 강의 만족도(강의 준비 및 스킬 등)는?,불만족,0,0.0,43
2026년 기반시설보안정책(2차),16,instructor,해양 사이버보안 위협 사례 분석 및 대응(강사: 조용현 대표) 과목의 강의 만족도(강의 준비 및 스킬 등)는?,매우 불만족,0,0.0,43
2026년 기반시설보안정책(2차),17,instructor,해양 사이버보안 위협 사례 분석 및 대응(강사: 조용현 대표) 과목의 강의 내용 만족도(강의 컨텐츠 구성 등)는?,매우 만족,26,60.0,43
2026년 기반시설보안정책(2차),17,instructor,해양 사이버보안 위협 사례 분석 및 대응(강사: 조용현 대표) 과목의 강의 내용 만족도(강의 컨텐츠 구성 등)는?,만족,12,27.0,43
2026년 기반시설보안정책(2차),17,instructor,해양 사이버보안 위협 사례 분석 및 대응(강사: 조용현 대표) 과목의 강의 내용 만족도(강의 컨텐츠 구성 등)는?,보통,5,11.0,43
2026년 기반시설보안정책(2차),17,instructor,해양 사이버보안 위협 사례 분석 및 대응(강사: 조용현 대표) 과목의 강의 내용 만족도(강의 컨텐츠 구성 등)는?,불만족,0,0.0,43
2026년 기반시설보안정책(2차),17,instructor,해양 사이버보안 위협 사례 분석 및 대응(강사: 조용현 대표) 과목의 강의 내용 만족도(강의 컨텐츠 구성 등)는?,매우 불만족,0,0.0,43
2026년 기반시설보안정책(2차),18,instructor,IMO(International Maritime Organization) 해사 사이버보안 및 항만 표준화 동향(강사: 이민우 교수) 과목의 강의 만족도(강의 준비 및 스킬 등)는?,매우 만족,24,55.0,43
2026년 기반시설보안정책(2차),18,instructor,IMO(International Maritime Organization) 해사 사이버보안 및 항만 표준화 동향(강사: 이민우 교수) 과목의 강의 만족도(강의 준비 및 스킬 등)는?,만족,15,34.0,43
2026년 기반시설보안정책(2차),18,instructor,IMO(International Maritime Organization) 해사 사이버보안 및 항만 표준화 동향(강사: 이민우 교수) 과목의 강의 만족도(강의 준비 및 스킬 등)는?,보통,4,9.0,43
2026년 기반시설보안정책(2차),18,instructor,IMO(International Maritime Organization) 해사 사이버보안 및 항만 표준화 동향(강사: 이민우 교수) 과목의 강의 만족도(강의 준비 및 스킬 등)는?,불만족,0,0.0,43
2026년 기반시설보안정책(2차),18,instructor,IMO(International Maritime Organization) 해사 사이버보안 및 항만 표준화 동향(강사: 이민우 교수) 과목의 강의 만족도(강의 준비 및 스킬 등)는?,매우 불만족,0,0.0,43
2026년 기반시설보안정책(2차),19,instructor,IMO(International Maritime Organization) 해사 사이버보안 및 항만 표준화 동향(강사: 이민우 교수) 과목의 강의 내용 만족도(강의 컨텐츠 구성 등)는?,매우 만족,23,53.0,43
2026년 기반시설보안정책(2차),19,instructor,IMO(International Maritime Organization) 해사 사이버보안 및 항만 표준화 동향(강사: 이민우 교수) 과목의 강의 내용 만족도(강의 컨텐츠 구성 등)는?,만족,16,37.0,43
2026년 기반시설보안정책(2차),19,instructor,IMO(International Maritime Organization) 해사 사이버보안 및 항만 표준화 동향(강사: 이민우 교수) 과목의 강의 내용 만족도(강의 컨텐츠 구성 등)는?,보통,3,6.0,43
2026년 기반시설보안정책(2차),19,instructor,IMO(International Maritime Organization) 해사 사이버보안 및 항만 표준화 동향(강사: 이민우 교수) 과목의 강의 내용 만족도(강의 컨텐츠 구성 등)는?,불만족,1,2.0,43
2026년 기반시설보안정책(2차),19,instructor,IMO(International Maritime Organization) 해사 사이버보안 및 항만 표준화 동향(강사: 이민우 교수) 과목의 강의 내용 만족도(강의 컨텐츠 구성 등)는?,매우 불만족,0,0.0,43
2026년 기반시설보안정책(2차),20,instructor,우주항공 보안 위협 및 사이버안보 이슈(강사: 엄정식 교수) 과목의 강의 만족도(강의 준비 및 스킬 등)는?,매우 만족,29,67.0,43
2026년 기반시설보안정책(2차),20,instructor,우주항공 보안 위협 및 사이버안보 이슈(강사: 엄정식 교수) 과목의 강의 만족도(강의 준비 및 스킬 등)는?,만족,12,27.0,43
2026년 기반시설보안정책(2차),20,instructor,우주항공 보안 위협 및 사이버안보 이슈(강사: 엄정식 교수) 과목의 강의 만족도(강의 준비 및 스킬 등)는?,보통,2,4.0,43
2026년 기반시설보안정책(2차),20,instructor,우주항공 보안 위협 및 사이버안보 이슈(강사: 엄정식 교수) 과목의 강의 만족도(강의 준비 및 스킬 등)는?,불만족,0,0.0,43
2026년 기반시설보안정책(2차),20,instructor,우주항공 보안 위협 및 사이버안보 이슈(강사: 엄정식 교수) 과목의 강의 만족도(강의 준비 및 스킬 등)는?,매우 불만족,0,0.0,43
2026년 기반시설보안정책(2차),21,instructor,우주항공 보안 위협 및 사이버안보 이슈(강사: 엄정식 교수) 과목의 강의 내용 만족도(강의 컨텐츠 구성 등)는?,매우 만족,28,65.0,43
2026년 기반시설보안정책(2차),21,instructor,우주항공 보안 위협 및 사이버안보 이슈(강사: 엄정식 교수) 과목의 강의 내용 만족도(강의 컨텐츠 구성 등)는?,만족,13,30.0,43
2026년 기반시설보안정책(2차),21,instructor,우주항공 보안 위협 및 사이버안보 이슈(강사: 엄정식 교수) 과목의 강의 내용 만족도(강의 컨텐츠 구성 등)는?,보통,2,4.0,43
2026년 기반시설보안정책(2차),21,instructor,우주항공 보안 위협 및 사이버안보 이슈(강사: 엄정식 교수) 과목의 강의 내용 만족도(강의 컨텐츠 구성 등)는?,불만족,0,0.0,43
2026년 기반시설보안정책(2차),21,instructor,우주항공 보안 위협 및 사이버안보 이슈(강사: 엄정식 교수) 과목의 강의 내용 만족도(강의 컨텐츠 구성 등)는?,매우 불만족,0,0.0,43
2026년 기반시설보안정책(2차),22,instructor,제어시스템 사이버공격 대응(강사: 장문수 실장) 과목의 강의 만족도(강의 준비 및 스킬 등)는?,매우 만족,23,53.0,43
2026년 기반시설보안정책(2차),22,instructor,제어시스템 사이버공격 대응(강사: 장문수 실장) 과목의 강의 만족도(강의 준비 및 스킬 등)는?,만족,14,32.0,43
2026년 기반시설보안정책(2차),22,instructor,제어시스템 사이버공격 대응(강사: 장문수 실장) 과목의 강의 만족도(강의 준비 및 스킬 등)는?,보통,5,11.0,43
2026년 기반시설보안정책(2차),22,instructor,제어시스템 사이버공격 대응(강사: 장문수 실장) 과목의 강의 만족도(강의 준비 및 스킬 등)는?,불만족,1,2.0,43
2026년 기반시설보안정책(2차),22,instructor,제어시스템 사이버공격 대응(강사: 장문수 실장) 과목의 강의 만족도(강의 준비 및 스킬 등)는?,매우 불만족,0,0.0,43
2026년 기반시설보안정책(2차),23,instructor,제어시스템 사이버공격 대응(강사: 장문수 실장) 과목의 강의 내용 만족도(강의 컨텐츠 구성 등)는?,매우 만족,23,53.0,43
2026년 기반시설보안정책(2차),23,instructor,제어시스템 사이버공격 대응(강사: 장문수 실장) 과목의 강의 내용 만족도(강의 컨텐츠 구성 등)는?, 만족,14,32.0,43
2026년 기반시설보안정책(2차),23,instructor,제어시스템 사이버공격 대응(강사: 장문수 실장) 과목의 강의 내용 만족도(강의 컨텐츠 구성 등)는?,보통,5,11.0,43
2026년 기반시설보안정책(2차),23,instructor,제어시스템 사이버공격 대응(강사: 장문수 실장) 과목의 강의 내용 만족도(강의 컨텐츠 구성 등)는?,불만족,0,0.0,43
2026년 기반시설보안정책(2차),23,instructor,제어시스템 사이버공격 대응(강사: 장문수 실장) 과목의 강의 내용 만족도(강의 컨텐츠 구성 등)는?,매우 불만족,1,2.0,43
2026년 기반시설보안정책(2차),24,instructor,망 분리 기술의 보안 위협 및 대응(강사: 박정수 교수) 과목의 강의 만족도(강의 준비 및 스킬 등)는?,매우 만족,30,69.0,43
2026년 기반시설보안정책(2차),24,instructor,망 분리 기술의 보안 위협 및 대응(강사: 박정수 교수) 과목의 강의 만족도(강의 준비 및 스킬 등)는?,만족,12,27.0,43
2026년 기반시설보안정책(2차),24,instructor,망 분리 기술의 보안 위협 및 대응(강사: 박정수 교수) 과목의 강의 만족도(강의 준비 및 스킬 등)는?,보통,1,2.0,43
2026년 기반시설보안정책(2차),24,instructor,망 분리 기술의 보안 위협 및 대응(강사: 박정수 교수) 과목의 강의 만족도(강의 준비 및 스킬 등)는?,불만족,0,0.0,43
2026년 기반시설보안정책(2차),24,instructor,망 분리 기술의 보안 위협 및 대응(강사: 박정수 교수) 과목의 강의 만족도(강의 준비 및 스킬 등)는?,매우 불만족,0,0.0,43
2026년 기반시설보안정책(2차),25,instructor,망 분리 기술의 보안 위협 및 대응(강사: 박정수 교수) 과목의 강의 내용 만족도(강의 컨텐츠 구성 등)는?,매우 만족,31,72.0,43
2026년 기반시설보안정책(2차),25,instructor,망 분리 기술의 보안 위협 및 대응(강사: 박정수 교수) 과목의 강의 내용 만족도(강의 컨텐츠 구성 등)는?,만족,11,25.0,43
2026년 기반시설보안정책(2차),25,instructor,망 분리 기술의 보안 위협 및 대응(강사: 박정수 교수) 과목의 강의 내용 만족도(강의 컨텐츠 구성 등)는?,보통,1,2.0,43
2026년 기반시설보안정책(2차),25,instructor,망 분리 기술의 보안 위협 및 대응(강사: 박정수 교수) 과목의 강의 내용 만족도(강의 컨텐츠 구성 등)는?,불만족,0,0.0,43
2026년 기반시설보안정책(2차),25,instructor,망 분리 기술의 보안 위협 및 대응(강사: 박정수 교수) 과목의 강의 내용 만족도(강의 컨텐츠 구성 등)는?,매우 불만족,0,0.0,43
2026년 기반시설보안정책(2차),26,instructor,항공기와 항공 보안 위협 및 대응(강사: 황경철 교수) 과목의 강의 만족도(강의 준비 및 스킬 등)는?,매우 만족,27,62.0,43
2026년 기반시설보안정책(2차),26,instructor,항공기와 항공 보안 위협 및 대응(강사: 황경철 교수) 과목의 강의 만족도(강의 준비 및 스킬 등)는?,만족,13,30.0,43
2026년 기반시설보안정책(2차),26,instructor,항공기와 항공 보안 위협 및 대응(강사: 황경철 교수) 과목의 강의 만족도(강의 준비 및 스킬 등)는?,보통,2,4.0,43
2026년 기반시설보안정책(2차),26,instructor,항공기와 항공 보안 위협 및 대응(강사: 황경철 교수) 과목의 강의 만족도(강의 준비 및 스킬 등)는?,불만족,0,0.0,43
2026년 기반시설보안정책(2차),26,instructor,항공기와 항공 보안 위협 및 대응(강사: 황경철 교수) 과목의 강의 만족도(강의 준비 및 스킬 등)는?,매우불만족,1,2.0,43
2026년 기반시설보안정책(2차),27,instructor,항공기와 항공 보안 위협 및 대응(강사: 황경철 교수) 과목의 강의 내용 만족도(강의 컨텐츠 구성 등)는?,매우 만족,27,62.0,43
2026년 기반시설보안정책(2차),27,instructor,항공기와 항공 보안 위협 및 대응(강사: 황경철 교수) 과목의 강의 내용 만족도(강의 컨텐츠 구성 등)는?,만족,12,27.0,43
2026년 기반시설보안정책(2차),27,instructor,항공기와 항공 보안 위협 및 대응(강사: 황경철 교수) 과목의 강의 내용 만족도(강의 컨텐츠 구성 등)는?,보통,2,4.0,43
2026년 기반시설보안정책(2차),27,instructor,항공기와 항공 보안 위협 및 대응(강사: 황경철 교수) 과목의 강의 내용 만족도(강의 컨텐츠 구성 등)는?,불만족,2,4.0,43
2026년 기반시설보안정책(2차),27,instructor,항공기와 항공 보안 위협 및 대응(강사: 황경철 교수) 과목의 강의 내용 만족도(강의 컨텐츠 구성 등)는?,매우 불만족,0,0.0,43
2026년 기반시설보안정책(2차),28,instructor,제로트러스트 기반 보안 운영시스템 위협 및 대응 사례(강사: 홍우식 팀장) 과목의 강의 만족도(강의 준비 및 스킬 등)는?,매우 만족,26,60.0,43
2026년 기반시설보안정책(2차),28,instructor,제로트러스트 기반 보안 운영시스템 위협 및 대응 사례(강사: 홍우식 팀장) 과목의 강의 만족도(강의 준비 및 스킬 등)는?,만족,14,32.0,43
2026년 기반시설보안정책(2차),28,instructor,제로트러스트 기반 보안 운영시스템 위협 및 대응 사례(강사: 홍우식 팀장) 과목의 강의 만족도(강의 준비 및 스킬 등)는?,보통,3,6.0,43
2026년 기반시설보안정책(2차),28,instructor,제로트러스트 기반 보안 운영시스템 위협 및 대응 사례(강사: 홍우식 팀장) 과목의 강의 만족도(강의 준비 및 스킬 등)는?,불만족,0,0.0,43
2026년 기반시설보안정책(2차),28,instructor,제로트러스트 기반 보안 운영시스템 위협 및 대응 사례(강사: 홍우식 팀장) 과목의 강의 만족도(강의 준비 및 스킬 등)는?,매우 불만족,0,0.0,43
2026년 기반시설보안정책(2차),29,instructor,제로트러스트 기반 보안 운영시스템 위협 및 대응 사례(강사: 홍우식 팀장) 과목의 강의 내용 만족도(강의 컨텐츠 구성 등)는?,매우 만족,25,58.0,43
2026년 기반시설보안정책(2차),29,instructor,제로트러스트 기반 보안 운영시스템 위협 및 대응 사례(강사: 홍우식 팀장) 과목의 강의 내용 만족도(강의 컨텐츠 구성 등)는?, 만족,15,34.0,43
2026년 기반시설보안정책(2차),29,instructor,제로트러스트 기반 보안 운영시스템 위협 및 대응 사례(강사: 홍우식 팀장) 과목의 강의 내용 만족도(강의 컨텐츠 구성 등)는?,보통,2,4.0,43
2026년 기반시설보안정책(2차),29,instructor,제로트러스트 기반 보안 운영시스템 위협 및 대응 사례(강사: 홍우식 팀장) 과목의 강의 내용 만족도(강의 컨텐츠 구성 등)는?,불만족,1,2.0,43
2026년 기반시설보안정책(2차),29,instructor,제로트러스트 기반 보안 운영시스템 위협 및 대응 사례(강사: 홍우식 팀장) 과목의 강의 내용 만족도(강의 컨텐츠 구성 등)는?,매우 불만족,0,0.0,43
2026년 기반시설보안정책(2차),30,instructor,디지털전환 시대 에너지 안보 및 대응(강사: 정천현 팀장) 과목의 강의 만족도(강의 준비 및 스킬 등)는?,매우 만족,26,60.0,43
2026년 기반시설보안정책(2차),30,instructor,디지털전환 시대 에너지 안보 및 대응(강사: 정천현 팀장) 과목의 강의 만족도(강의 준비 및 스킬 등)는?,만족,15,34.0,43
2026년 기반시설보안정책(2차),30,instructor,디지털전환 시대 에너지 안보 및 대응(강사: 정천현 팀장) 과목의 강의 만족도(강의 준비 및 스킬 등)는?,보통,2,4.0,43
2026년 기반시설보안정책(2차),30,instructor,디지털전환 시대 에너지 안보 및 대응(강사: 정천현 팀장) 과목의 강의 만족도(강의 준비 및 스킬 등)는?,불만족,0,0.0,43
2026년 기반시설보안정책(2차),30,instructor,디지털전환 시대 에너지 안보 및 대응(강사: 정천현 팀장) 과목의 강의 만족도(강의 준비 및 스킬 등)는?,매우 불만족,0,0.0,43
2026년 기반시설보안정책(2차),31,instructor,디지털전환 시대 에너지 안보 및 대응(강사: 정천현 팀장) 과목의 강의 내용 만족도(강의 컨텐츠 구성 등)는?,매우 만족,26,60.0,43
2026년 기반시설보안정책(2차),31,instructor,디지털전환 시대 에너지 안보 및 대응(강사: 정천현 팀장) 과목의 강의 내용 만족도(강의 컨텐츠 구성 등)는?, 만족,15,34.0,43
2026년 기반시설보안정책(2차),31,instructor,디지털전환 시대 에너지 안보 및 대응(강사: 정천현 팀장) 과목의 강의 내용 만족도(강의 컨텐츠 구성 등)는?,보통,2,4.0,43
2026년 기반시설보안정책(2차),31,instructor,디지털전환 시대 에너지 안보 및 대응(강사: 정천현 팀장) 과목의 강의 내용 만족도(강의 컨텐츠 구성 등)는?,불만족,0,0.0,43
2026년 기반시설보안정책(2차),31,instructor,디지털전환 시대 에너지 안보 및 대응(강사: 정천현 팀장) 과목의 강의 내용 만족도(강의 컨텐츠 구성 등)는?,매우 불만족,0,0.0,43
2026년 랜섬웨어 원리 및 대응(1차),1,other,귀하께서는 어떤 목적으로 이번 사이버안보훈련센터의 교육과정을 수강하셨습니까?,보안 인식 제고,12,34.0,34
2026년 랜섬웨어 원리 및 대응(1차),1,other,귀하께서는 어떤 목적으로 이번 사이버안보훈련센터의 교육과정을 수강하셨습니까?,보안기술 능력 향상,10,28.0,34
2026년 랜섬웨어 원리 및 대응(1차),1,other,귀하께서는 어떤 목적으로 이번 사이버안보훈련센터의 교육과정을 수강하셨습니까?,업무에의 활용,4,11.0,34
2026년 랜섬웨어 원리 및 대응(1차),1,other,귀하께서는 어떤 목적으로 이번 사이버안보훈련센터의 교육과정을 수강하셨습니까?,교육 의무 시간 이수,9,25.0,34
2026년 랜섬웨어 원리 및 대응(1차),1,other,귀하께서는 어떤 목적으로 이번 사이버안보훈련센터의 교육과정을 수강하셨습니까?,상급자 / 동료의 추천,0,0.0,34
2026년 랜섬웨어 원리 및 대응(1차),1,other,귀하께서는 어떤 목적으로 이번 사이버안보훈련센터의 교육과정을 수강하셨습니까?,기타,0,0.0,34
2026년 랜섬웨어 원리 및 대응(1차),4,difficulty,이번 교육의 난이도는 어떠하였습니까?,쉽다,2,5.0,34
2026년 랜섬웨어 원리 및 대응(1차),4,difficulty,이번 교육의 난이도는 어떠하였습니까?,적당하다,32,91.0,34
2026년 랜섬웨어 원리 및 대응(1차),4,difficulty,이번 교육의 난이도는 어떠하였습니까?,어렵다,1,2.0,34
2026년 랜섬웨어 원리 및 대응(1차),6,satisfaction,이번 교육의 만족도는 어떠하였습니까?,높음,16,45.0,34
2026년 랜섬웨어 원리 및 대응(1차),6,satisfaction,이번 교육의 만족도는 어떠하였습니까?,보통,19,54.0,34
2026년 랜섬웨어 원리 및 대응(1차),6,satisfaction,이번 교육의 만족도는 어떠하였습니까?,낮음,0,0.0,34
2026년 랜섬웨어 원리 및 대응(1차),8,utility,이번 교육의 업무 활용도는 어떠하십니까?,높음,14,40.0,34
2026년 랜섬웨어 원리 및 대응(1차),8,utility,이번 교육의 업무 활용도는 어떠하십니까?,보통,19,54.0,34
2026년 랜섬웨어 원리 및 대응(1차),8,utility,이번 교육의 업무 활용도는 어떠하십니까?,낮음,2,5.0,34
2026년 랜섬웨어 원리 및 대응(1차),10,diff_inst,다른 기관과의 교육 차별성은 어떠하십니까?,차별성 있다,14,40.0,34
2026년 랜섬웨어 원리 및 대응(1차),10,diff_inst,다른 기관과의 교육 차별성은 어떠하십니까?,보통이다,20,57.0,34
2026년 랜섬웨어 원리 및 대응(1차),10,diff_inst,다른 기관과의 교육 차별성은 어떠하십니까?,차별성없다,1,2.0,34
2026년 랜섬웨어 원리 및 대응(1차),12,duration,교육 시간은 적절하다고 생각하십니까?,부족하다,6,17.0,34
2026년 랜섬웨어 원리 및 대응(1차),12,duration,교육 시간은 적절하다고 생각하십니까?,적절하다,27,77.0,34
2026년 랜섬웨어 원리 및 대응(1차),12,duration,교육 시간은 적절하다고 생각하십니까?,길다,2,5.0,34
2026년 랜섬웨어 원리 및 대응(1차),16,instructor,[랜섬웨어(오전)] 박영웅 선임연구원 과목의 강의(강의 준비 및 강의 스킬) 만족도는?,매우 불만족,0,0.0,34
2026년 랜섬웨어 원리 및 대응(1차),16,instructor,[랜섬웨어(오전)] 박영웅 선임연구원 과목의 강의(강의 준비 및 강의 스킬) 만족도는?,불만족,0,0.0,34
2026년 랜섬웨어 원리 및 대응(1차),16,instructor,[랜섬웨어(오전)] 박영웅 선임연구원 과목의 강의(강의 준비 및 강의 스킬) 만족도는?,보통,6,17.0,34
2026년 랜섬웨어 원리 및 대응(1차),16,instructor,[랜섬웨어(오전)] 박영웅 선임연구원 과목의 강의(강의 준비 및 강의 스킬) 만족도는?,만족,9,25.0,34
2026년 랜섬웨어 원리 및 대응(1차),16,instructor,[랜섬웨어(오전)] 박영웅 선임연구원 과목의 강의(강의 준비 및 강의 스킬) 만족도는?,매우 만족,20,57.0,34
2026년 랜섬웨어 원리 및 대응(1차),17,instructor,[랜섬웨어(오전)] 박영웅 선임연구원 과목의 강의 내용(강의 콘텐츠 구성 등) 만족도는?,매우 불만족,0,0.0,34
2026년 랜섬웨어 원리 및 대응(1차),17,instructor,[랜섬웨어(오전)] 박영웅 선임연구원 과목의 강의 내용(강의 콘텐츠 구성 등) 만족도는?,불만족,0,0.0,34
2026년 랜섬웨어 원리 및 대응(1차),17,instructor,[랜섬웨어(오전)] 박영웅 선임연구원 과목의 강의 내용(강의 콘텐츠 구성 등) 만족도는?,보통,5,14.0,34
2026년 랜섬웨어 원리 및 대응(1차),17,instructor,[랜섬웨어(오전)] 박영웅 선임연구원 과목의 강의 내용(강의 콘텐츠 구성 등) 만족도는?,만족,10,28.0,34
2026년 랜섬웨어 원리 및 대응(1차),17,instructor,[랜섬웨어(오전)] 박영웅 선임연구원 과목의 강의 내용(강의 콘텐츠 구성 등) 만족도는?,매우 만족,20,57.0,34
2026년 랜섬웨어 원리 및 대응(1차),18,instructor,[랜섬웨어(오후)] 김종길 교수 과목의 강의(강의 준비 및 강의 스킬) 만족도는?,매우 불만족,0,0.0,34
2026년 랜섬웨어 원리 및 대응(1차),18,instructor,[랜섬웨어(오후)] 김종길 교수 과목의 강의(강의 준비 및 강의 스킬) 만족도는?,불만족,0,0.0,34
2026년 랜섬웨어 원리 및 대응(1차),18,instructor,[랜섬웨어(오후)] 김종길 교수 과목의 강의(강의 준비 및 강의 스킬) 만족도는?,보통,4,11.0,34
2026년 랜섬웨어 원리 및 대응(1차),18,instructor,[랜섬웨어(오후)] 김종길 교수 과목의 강의(강의 준비 및 강의 스킬) 만족도는?,만족,12,34.0,34
2026년 랜섬웨어 원리 및 대응(1차),18,instructor,[랜섬웨어(오후)] 김종길 교수 과목의 강의(강의 준비 및 강의 스킬) 만족도는?,매우 만족,19,54.0,34
2026년 랜섬웨어 원리 및 대응(1차),19,instructor,[랜섬웨어(오후)] 김종길 교수 과목의 강의 내용(강의 콘텐츠 구성 등) 만족도는?,매우 불만족,0,0.0,34
2026년 랜섬웨어 원리 및 대응(1차),19,instructor,[랜섬웨어(오후)] 김종길 교수 과목의 강의 내용(강의 콘텐츠 구성 등) 만족도는?,불만족,0,0.0,34
2026년 랜섬웨어 원리 및 대응(1차),19,instructor,[랜섬웨어(오후)] 김종길 교수 과목의 강의 내용(강의 콘텐츠 구성 등) 만족도는?,보통,4,11.0,34
2026년 랜섬웨어 원리 및 대응(1차),19,instructor,[랜섬웨어(오후)] 김종길 교수 과목의 강의 내용(강의 콘텐츠 구성 등) 만족도는?,만족,10,28.0,34
2026년 랜섬웨어 원리 및 대응(1차),19,instructor,[랜섬웨어(오후)] 김종길 교수 과목의 강의 내용(강의 콘텐츠 구성 등) 만족도는?,매우 만족,21,60.0,34
2026년 보안 관제의 이해(1차),1,other,귀하께서는 어떤 목적으로 이번 사이버안보훈련센터의 교육과정을 수강하셨습니까?,보안 인식 제고,4,14.0,27
2026년 보안 관제의 이해(1차),1,other,귀하께서는 어떤 목적으로 이번 사이버안보훈련센터의 교육과정을 수강하셨습니까?,보안기술 능력 향상,5,18.0,27
2026년 보안 관제의 이해(1차),1,other,귀하께서는 어떤 목적으로 이번 사이버안보훈련센터의 교육과정을 수강하셨습니까?,업무에의 활용,11,40.0,27
2026년 보안 관제의 이해(1차),1,other,귀하께서는 어떤 목적으로 이번 사이버안보훈련센터의 교육과정을 수강하셨습니까?,교육 의무 시간 이수,5,18.0,27
2026년 보안 관제의 이해(1차),1,other,귀하께서는 어떤 목적으로 이번 사이버안보훈련센터의 교육과정을 수강하셨습니까?,상급자 / 동료의 추천,2,7.0,27
2026년 보안 관제의 이해(1차),1,other,귀하께서는 어떤 목적으로 이번 사이버안보훈련센터의 교육과정을 수강하셨습니까?,기타,0,0.0,27
2026년 보안 관제의 이해(1차),4,difficulty,이번 교육의 난이도는 어떠하였습니까?,쉽다,0,0.0,27
2026년 보안 관제의 이해(1차),4,difficulty,이번 교육의 난이도는 어떠하였습니까?,적당하다,26,96.0,27
2026년 보안 관제의 이해(1차),4,difficulty,이번 교육의 난이도는 어떠하였습니까?,어렵다,1,3.0,27
2026년 보안 관제의 이해(1차),6,satisfaction,이번 교육의 만족도는 어떠하였습니까?,높음,20,74.0,27
2026년 보안 관제의 이해(1차),6,satisfaction,이번 교육의 만족도는 어떠하였습니까?,보통,7,25.0,27
2026년 보안 관제의 이해(1차),6,satisfaction,이번 교육의 만족도는 어떠하였습니까?,낮음,0,0.0,27
2026년 보안 관제의 이해(1차),8,utility,이번 교육의 업무 활용도는 어떠하십니까?,높음,14,51.0,27
2026년 보안 관제의 이해(1차),8,utility,이번 교육의 업무 활용도는 어떠하십니까?,보통,12,44.0,27
2026년 보안 관제의 이해(1차),8,utility,이번 교육의 업무 활용도는 어떠하십니까?,낮음,1,3.0,27
2026년 보안 관제의 이해(1차),10,diff_inst,다른 기관과의 교육 차별성은 어떠하십니까?,차별성 있다,14,51.0,27
2026년 보안 관제의 이해(1차),10,diff_inst,다른 기관과의 교육 차별성은 어떠하십니까?,보통이다,13,48.0,27
2026년 보안 관제의 이해(1차),10,diff_inst,다른 기관과의 교육 차별성은 어떠하십니까?,차별성 없다,0,0.0,27
2026년 보안 관제의 이해(1차),12,duration,교육 시간은 적절하다고 생각하십니까?,부족하다,3,11.0,27
2026년 보안 관제의 이해(1차),12,duration,교육 시간은 적절하다고 생각하십니까?,적절하다,24,88.0,27
2026년 보안 관제의 이해(1차),12,duration,교육 시간은 적절하다고 생각하십니까?,길다,0,0.0,27
2026년 보안 관제의 이해(1차),16,instructor,"[TMS] 과목의 강의(강의 준비 및 강의 스킬, 강의 콘텐츠 구성 등) 만족도는?",매우 불만족,0,0.0,27
2026년 보안 관제의 이해(1차),16,instructor,"[TMS] 과목의 강의(강의 준비 및 강의 스킬, 강의 콘텐츠 구성 등) 만족도는?",불만족,1,3.0,27
2026년 보안 관제의 이해(1차),16,instructor,"[TMS] 과목의 강의(강의 준비 및 강의 스킬, 강의 콘텐츠 구성 등) 만족도는?",보통,4,14.0,27
2026년 보안 관제의 이해(1차),16,instructor,"[TMS] 과목의 강의(강의 준비 및 강의 스킬, 강의 콘텐츠 구성 등) 만족도는?",만족,9,33.0,27
2026년 보안 관제의 이해(1차),16,instructor,"[TMS] 과목의 강의(강의 준비 및 강의 스킬, 강의 콘텐츠 구성 등) 만족도는?",매우 만족,13,48.0,27
2026년 보안 관제의 이해(1차),17,instructor,"[AI 보안관제] 과목의 강의(강의 준비 및 강의 스킬, 강의 콘텐츠 구성 등) 만족도는?",매우 불만족,0,0.0,27
2026년 보안 관제의 이해(1차),17,instructor,"[AI 보안관제] 과목의 강의(강의 준비 및 강의 스킬, 강의 콘텐츠 구성 등) 만족도는?",불만족,1,3.0,27
2026년 보안 관제의 이해(1차),17,instructor,"[AI 보안관제] 과목의 강의(강의 준비 및 강의 스킬, 강의 콘텐츠 구성 등) 만족도는?",보통,2,7.0,27
2026년 보안 관제의 이해(1차),17,instructor,"[AI 보안관제] 과목의 강의(강의 준비 및 강의 스킬, 강의 콘텐츠 구성 등) 만족도는?",만족,10,37.0,27
2026년 보안 관제의 이해(1차),17,instructor,"[AI 보안관제] 과목의 강의(강의 준비 및 강의 스킬, 강의 콘텐츠 구성 등) 만족도는?",매우 만족,14,51.0,27
2026년 보안 관제의 이해(1차),18,instructor,"[SOAR] 과목의 강의(강의 준비 및 강의 스킬, 강의 콘텐츠 구성 등) 만족도는?",매우 불만족,0,0.0,27
2026년 보안 관제의 이해(1차),18,instructor,"[SOAR] 과목의 강의(강의 준비 및 강의 스킬, 강의 콘텐츠 구성 등) 만족도는?",불만족,0,0.0,27
2026년 보안 관제의 이해(1차),18,instructor,"[SOAR] 과목의 강의(강의 준비 및 강의 스킬, 강의 콘텐츠 구성 등) 만족도는?",보통,3,11.0,27
2026년 보안 관제의 이해(1차),18,instructor,"[SOAR] 과목의 강의(강의 준비 및 강의 스킬, 강의 콘텐츠 구성 등) 만족도는?",만족,10,37.0,27
2026년 보안 관제의 이해(1차),18,instructor,"[SOAR] 과목의 강의(강의 준비 및 강의 스킬, 강의 콘텐츠 구성 등) 만족도는?",매우 만족,14,51.0,27
2026년 사이버보안 기술 기초 실습 1차,1,other,귀하께서는 어떤 목적으로 이번 사이버안보훈련센터의 교육과정을 수강하셨습니까?,보안 인식 제고,2,10.0,19
2026년 사이버보안 기술 기초 실습 1차,1,other,귀하께서는 어떤 목적으로 이번 사이버안보훈련센터의 교육과정을 수강하셨습니까?,보안기술 능력 향상,11,57.0,19
2026년 사이버보안 기술 기초 실습 1차,1,other,귀하께서는 어떤 목적으로 이번 사이버안보훈련센터의 교육과정을 수강하셨습니까?,업무에의 활용,5,26.0,19
2026년 사이버보안 기술 기초 실습 1차,1,other,귀하께서는 어떤 목적으로 이번 사이버안보훈련센터의 교육과정을 수강하셨습니까?,교육 의무 시간 이수,1,5.0,19
2026년 사이버보안 기술 기초 실습 1차,1,other,귀하께서는 어떤 목적으로 이번 사이버안보훈련센터의 교육과정을 수강하셨습니까?,상급자 / 동료의 추천,0,0.0,19
2026년 사이버보안 기술 기초 실습 1차,1,other,귀하께서는 어떤 목적으로 이번 사이버안보훈련센터의 교육과정을 수강하셨습니까?,기타,0,0.0,19
2026년 사이버보안 기술 기초 실습 1차,2,goal,귀하는 이번 교육을 통해 스스로 생각하는 교육 목표를 어느 정도 달성했다고 생각하시나요? (100점 만점),100,4,21.0,19
2026년 사이버보안 기술 기초 실습 1차,2,goal,귀하는 이번 교육을 통해 스스로 생각하는 교육 목표를 어느 정도 달성했다고 생각하시나요? (100점 만점),90,2,10.0,19
2026년 사이버보안 기술 기초 실습 1차,2,goal,귀하는 이번 교육을 통해 스스로 생각하는 교육 목표를 어느 정도 달성했다고 생각하시나요? (100점 만점),80,6,31.0,19
2026년 사이버보안 기술 기초 실습 1차,2,goal,귀하는 이번 교육을 통해 스스로 생각하는 교육 목표를 어느 정도 달성했다고 생각하시나요? (100점 만점),70,2,10.0,19
2026년 사이버보안 기술 기초 실습 1차,2,goal,귀하는 이번 교육을 통해 스스로 생각하는 교육 목표를 어느 정도 달성했다고 생각하시나요? (100점 만점),60,4,21.0,19
2026년 사이버보안 기술 기초 실습 1차,2,goal,귀하는 이번 교육을 통해 스스로 생각하는 교육 목표를 어느 정도 달성했다고 생각하시나요? (100점 만점),50,0,0.0,19
2026년 사이버보안 기술 기초 실습 1차,2,goal,귀하는 이번 교육을 통해 스스로 생각하는 교육 목표를 어느 정도 달성했다고 생각하시나요? (100점 만점),40,0,0.0,19
2026년 사이버보안 기술 기초 실습 1차,2,goal,귀하는 이번 교육을 통해 스스로 생각하는 교육 목표를 어느 정도 달성했다고 생각하시나요? (100점 만점),30,1,5.0,19
2026년 사이버보안 기술 기초 실습 1차,2,goal,귀하는 이번 교육을 통해 스스로 생각하는 교육 목표를 어느 정도 달성했다고 생각하시나요? (100점 만점),20,0,0.0,19
2026년 사이버보안 기술 기초 실습 1차,2,goal,귀하는 이번 교육을 통해 스스로 생각하는 교육 목표를 어느 정도 달성했다고 생각하시나요? (100점 만점),10,0,0.0,19
2026년 사이버보안 기술 기초 실습 1차,2,goal,귀하는 이번 교육을 통해 스스로 생각하는 교육 목표를 어느 정도 달성했다고 생각하시나요? (100점 만점),0,0,0.0,19
2026년 사이버보안 기술 기초 실습 1차,4,difficulty,이번 교육의 난이도는 어떠하였습니까?,쉽다,0,0.0,19
2026년 사이버보안 기술 기초 실습 1차,4,difficulty,이번 교육의 난이도는 어떠하였습니까?,적당하다,10,52.0,19
2026년 사이버보안 기술 기초 실습 1차,4,difficulty,이번 교육의 난이도는 어떠하였습니까?,어렵다,9,47.0,19
2026년 사이버보안 기술 기초 실습 1차,6,satisfaction,이번 교육의 만족도는 어떠하였습니까?,높음,12,63.0,19
2026년 사이버보안 기술 기초 실습 1차,6,satisfaction,이번 교육의 만족도는 어떠하였습니까?,보통,7,36.0,19
2026년 사이버보안 기술 기초 실습 1차,6,satisfaction,이번 교육의 만족도는 어떠하였습니까?,낮음,0,0.0,19
2026년 사이버보안 기술 기초 실습 1차,8,utility,이번 교육의 업무 활용도는 어떠하십니까?,높음,9,47.0,19
2026년 사이버보안 기술 기초 실습 1차,8,utility,이번 교육의 업무 활용도는 어떠하십니까?,보통,9,47.0,19
2026년 사이버보안 기술 기초 실습 1차,8,utility,이번 교육의 업무 활용도는 어떠하십니까?,낮음,1,5.0,19
2026년 사이버보안 기술 기초 실습 1차,10,diff_inst,다른 기관과의 교육 차별성은 어떠하십니까?,차별성 있다,15,78.0,19
2026년 사이버보안 기술 기초 실습 1차,10,diff_inst,다른 기관과의 교육 차별성은 어떠하십니까?,보통이다,4,21.0,19
2026년 사이버보안 기술 기초 실습 1차,10,diff_inst,다른 기관과의 교육 차별성은 어떠하십니까?,차별성없다,0,0.0,19
2026년 사이버보안 기술 기초 실습 1차,12,duration,교육 시간은 적절하다고 생각하십니까?,부족하다,3,15.0,19
2026년 사이버보안 기술 기초 실습 1차,12,duration,교육 시간은 적절하다고 생각하십니까?,적절하다,16,84.0,19
2026년 사이버보안 기술 기초 실습 1차,12,duration,교육 시간은 적절하다고 생각하십니까?,길다,0,0.0,19
2026년 사이버보안 기술 기초 실습 1차,16,other,본 과정의 강의(강의 준비 및 강의 스킬) 만족도는?,매우 불만족,0,0.0,19
2026년 사이버보안 기술 기초 실습 1차,16,other,본 과정의 강의(강의 준비 및 강의 스킬) 만족도는?,불만족,0,0.0,19
2026년 사이버보안 기술 기초 실습 1차,16,other,본 과정의 강의(강의 준비 및 강의 스킬) 만족도는?,보통,2,10.0,19
2026년 사이버보안 기술 기초 실습 1차,16,other,본 과정의 강의(강의 준비 및 강의 스킬) 만족도는?,만족,5,26.0,19
2026년 사이버보안 기술 기초 실습 1차,16,other,본 과정의 강의(강의 준비 및 강의 스킬) 만족도는?,매우 만족,12,63.0,19
2026년 사이버보안 기술 기초 실습 1차,17,other,본 과정의 강의 내용(강의 콘텐츠 구성 등) 만족도는?,매우 불만족,0,0.0,19
2026년 사이버보안 기술 기초 실습 1차,17,other,본 과정의 강의 내용(강의 콘텐츠 구성 등) 만족도는?,불만족,0,0.0,19
2026년 사이버보안 기술 기초 실습 1차,17,other,본 과정의 강의 내용(강의 콘텐츠 구성 등) 만족도는?,보통,3,15.0,19
2026년 사이버보안 기술 기초 실습 1차,17,other,본 과정의 강의 내용(강의 콘텐츠 구성 등) 만족도는?,만족,4,21.0,19
2026년 사이버보안 기술 기초 실습 1차,17,other,본 과정의 강의 내용(강의 콘텐츠 구성 등) 만족도는?,매우 만족,12,63.0,19
2026년 사이버보안 기술 기초 실습 2차,1,other,귀하께서는 어떤 목적으로 이번 사이버안보훈련센터의 교육과정을 수강하셨습니까?,보안 인식 제고,5,25.0,20
2026년 사이버보안 기술 기초 실습 2차,1,other,귀하께서는 어떤 목적으로 이번 사이버안보훈련센터의 교육과정을 수강하셨습니까?,보안기술 능력 향상,12,60.0,20
2026년 사이버보안 기술 기초 실습 2차,1,other,귀하께서는 어떤 목적으로 이번 사이버안보훈련센터의 교육과정을 수강하셨습니까?,업무에의 활용,1,5.0,20
2026년 사이버보안 기술 기초 실습 2차,1,other,귀하께서는 어떤 목적으로 이번 사이버안보훈련센터의 교육과정을 수강하셨습니까?,교육 의무 시간 이수,2,10.0,20
2026년 사이버보안 기술 기초 실습 2차,1,other,귀하께서는 어떤 목적으로 이번 사이버안보훈련센터의 교육과정을 수강하셨습니까?,상급자 / 동료의 추천,0,0.0,20
2026년 사이버보안 기술 기초 실습 2차,1,other,귀하께서는 어떤 목적으로 이번 사이버안보훈련센터의 교육과정을 수강하셨습니까?,기타,0,0.0,20
2026년 사이버보안 기술 기초 실습 2차,4,difficulty,이번 교육의 난이도는 어떠하였습니까?,쉽다,0,0.0,20
2026년 사이버보안 기술 기초 실습 2차,4,difficulty,이번 교육의 난이도는 어떠하였습니까?,적당하다,14,70.0,20
2026년 사이버보안 기술 기초 실습 2차,4,difficulty,이번 교육의 난이도는 어떠하였습니까?,어렵다,6,30.0,20
2026년 사이버보안 기술 기초 실습 2차,6,satisfaction,이번 교육의 만족도는 어떠하였습니까?,높음,17,85.0,20
2026년 사이버보안 기술 기초 실습 2차,6,satisfaction,이번 교육의 만족도는 어떠하였습니까?,보통,3,15.0,20
2026년 사이버보안 기술 기초 실습 2차,6,satisfaction,이번 교육의 만족도는 어떠하였습니까?,낮음,0,0.0,20
2026년 사이버보안 기술 기초 실습 2차,8,utility,이번 교육의 업무 활용도는 어떠하십니까?,높음,9,45.0,20
2026년 사이버보안 기술 기초 실습 2차,8,utility,이번 교육의 업무 활용도는 어떠하십니까?,보통,9,45.0,20
2026년 사이버보안 기술 기초 실습 2차,8,utility,이번 교육의 업무 활용도는 어떠하십니까?,낮음,2,10.0,20
2026년 사이버보안 기술 기초 실습 2차,10,diff_inst,다른 기관과의 교육 차별성은 어떠하십니까?,차별성 있다,16,80.0,20
2026년 사이버보안 기술 기초 실습 2차,10,diff_inst,다른 기관과의 교육 차별성은 어떠하십니까?,보통이다,4,20.0,20
2026년 사이버보안 기술 기초 실습 2차,10,diff_inst,다른 기관과의 교육 차별성은 어떠하십니까?,차별성없다,0,0.0,20
2026년 사이버보안 기술 기초 실습 2차,12,duration,교육 시간은 적절하다고 생각하십니까?,부족하다,5,25.0,20
2026년 사이버보안 기술 기초 실습 2차,12,duration,교육 시간은 적절하다고 생각하십니까?,적절하다,15,75.0,20
2026년 사이버보안 기술 기초 실습 2차,12,duration,교육 시간은 적절하다고 생각하십니까?,길다,0,0.0,20
2026년 사이버보안 기술 기초 실습 2차,16,instructor,이번 과목의 강의(강의 준비 및 강의 스킬) 만족도는?,매우 불만족,0,0.0,20
2026년 사이버보안 기술 기초 실습 2차,16,instructor,이번 과목의 강의(강의 준비 및 강의 스킬) 만족도는?,불만족,0,0.0,20
2026년 사이버보안 기술 기초 실습 2차,16,instructor,이번 과목의 강의(강의 준비 및 강의 스킬) 만족도는?,보통,0,0.0,20
2026년 사이버보안 기술 기초 실습 2차,16,instructor,이번 과목의 강의(강의 준비 및 강의 스킬) 만족도는?,만족,4,20.0,20
2026년 사이버보안 기술 기초 실습 2차,16,instructor,이번 과목의 강의(강의 준비 및 강의 스킬) 만족도는?,매우 만족,16,80.0,20
2026년 사이버보안 기술 기초 실습 2차,17,instructor,이번 과목의 강의 내용(강의 콘텐츠 구성 등) 만족도는?,매우 불만족,0,0.0,20
2026년 사이버보안 기술 기초 실습 2차,17,instructor,이번 과목의 강의 내용(강의 콘텐츠 구성 등) 만족도는?,불만족,0,0.0,20
2026년 사이버보안 기술 기초 실습 2차,17,instructor,이번 과목의 강의 내용(강의 콘텐츠 구성 등) 만족도는?,보통,0,0.0,20
2026년 사이버보안 기술 기초 실습 2차,17,instructor,이번 과목의 강의 내용(강의 콘텐츠 구성 등) 만족도는?,만족,5,25.0,20
2026년 사이버보안 기술 기초 실습 2차,17,instructor,이번 과목의 강의 내용(강의 콘텐츠 구성 등) 만족도는?,매우 만족,15,75.0,20
2026년 사이버보안 실태 평가(1차),1,other,귀하께서는 어떤 목적으로 이번 사이버안보훈련센터의 교육과정을 수강하셨습니까?,보안 인식 제고,7,17.0,40
2026년 사이버보안 실태 평가(1차),1,other,귀하께서는 어떤 목적으로 이번 사이버안보훈련센터의 교육과정을 수강하셨습니까?,보안기술 능력 향상,9,21.0,40
2026년 사이버보안 실태 평가(1차),1,other,귀하께서는 어떤 목적으로 이번 사이버안보훈련센터의 교육과정을 수강하셨습니까?,업무에의 활용,20,48.0,40
2026년 사이버보안 실태 평가(1차),1,other,귀하께서는 어떤 목적으로 이번 사이버안보훈련센터의 교육과정을 수강하셨습니까?,교육 의무 시간 이수,5,12.0,40
2026년 사이버보안 실태 평가(1차),1,other,귀하께서는 어떤 목적으로 이번 사이버안보훈련센터의 교육과정을 수강하셨습니까?,상급자 / 동료의 추천,0,0.0,40
2026년 사이버보안 실태 평가(1차),1,other,귀하께서는 어떤 목적으로 이번 사이버안보훈련센터의 교육과정을 수강하셨습니까?,기타,0,0.0,40
2026년 사이버보안 실태 평가(1차),4,difficulty,이번 교육의 난이도는 어떠하였습니까?,쉽다,1,2.0,40
2026년 사이버보안 실태 평가(1차),4,difficulty,이번 교육의 난이도는 어떠하였습니까?,적당하다,34,82.0,40
2026년 사이버보안 실태 평가(1차),4,difficulty,이번 교육의 난이도는 어떠하였습니까?,어렵다,6,14.0,40
2026년 사이버보안 실태 평가(1차),6,satisfaction,이번 교육의 만족도는 어떠하였습니까?,높음,23,56.0,40
2026년 사이버보안 실태 평가(1차),6,satisfaction,이번 교육의 만족도는 어떠하였습니까?,보통,18,43.0,40
2026년 사이버보안 실태 평가(1차),6,satisfaction,이번 교육의 만족도는 어떠하였습니까?,낮음,0,0.0,40
2026년 사이버보안 실태 평가(1차),8,utility,이번 교육의 업무 활용도는 어떠하십니까?,높음,23,56.0,40
2026년 사이버보안 실태 평가(1차),8,utility,이번 교육의 업무 활용도는 어떠하십니까?,보통,16,39.0,40
2026년 사이버보안 실태 평가(1차),8,utility,이번 교육의 업무 활용도는 어떠하십니까?,낮음,2,4.0,40
2026년 사이버보안 실태 평가(1차),10,diff_inst,다른 기관과의 교육 차별성은 어떠하십니까?,차별성 있다,19,46.0,40
2026년 사이버보안 실태 평가(1차),10,diff_inst,다른 기관과의 교육 차별성은 어떠하십니까?,보통이다,21,51.0,40
2026년 사이버보안 실태 평가(1차),10,diff_inst,다른 기관과의 교육 차별성은 어떠하십니까?,차별성 없다,1,2.0,40
2026년 사이버보안 실태 평가(1차),12,duration,교육 시간은 적절하다고 생각하십니까?,부족하다,5,12.0,40
2026년 사이버보안 실태 평가(1차),12,duration,교육 시간은 적절하다고 생각하십니까?,적절하다,34,82.0,40
2026년 사이버보안 실태 평가(1차),12,duration,교육 시간은 적절하다고 생각하십니까?,길다,2,4.0,40
2026년 사이버보안 실태 평가(1차),16,instructor,"[우수사례] 과목의 강의(강의 준비 및 강의 스킬, 강의 콘텐츠 구성 등) 만족도는?",매우 불만족,0,0.0,40
2026년 사이버보안 실태 평가(1차),16,instructor,"[우수사례] 과목의 강의(강의 준비 및 강의 스킬, 강의 콘텐츠 구성 등) 만족도는?",불만족,0,0.0,40
2026년 사이버보안 실태 평가(1차),16,instructor,"[우수사례] 과목의 강의(강의 준비 및 강의 스킬, 강의 콘텐츠 구성 등) 만족도는?",보통,4,9.0,40
2026년 사이버보안 실태 평가(1차),16,instructor,"[우수사례] 과목의 강의(강의 준비 및 강의 스킬, 강의 콘텐츠 구성 등) 만족도는?",만족,19,46.0,40
2026년 사이버보안 실태 평가(1차),16,instructor,"[우수사례] 과목의 강의(강의 준비 및 강의 스킬, 강의 콘텐츠 구성 등) 만족도는?",매우 만족,18,43.0,40
2026년 사이버보안 실태 평가(1차),17,instructor,"[대응전략] 과목의 강의(강의 준비 및 강의 스킬, 강의 콘텐츠 구성 등) 만족도는?",매우 불만족,0,0.0,40
2026년 사이버보안 실태 평가(1차),17,instructor,"[대응전략] 과목의 강의(강의 준비 및 강의 스킬, 강의 콘텐츠 구성 등) 만족도는?",불만족,0,0.0,40
2026년 사이버보안 실태 평가(1차),17,instructor,"[대응전략] 과목의 강의(강의 준비 및 강의 스킬, 강의 콘텐츠 구성 등) 만족도는?",보통,5,12.0,40
2026년 사이버보안 실태 평가(1차),17,instructor,"[대응전략] 과목의 강의(강의 준비 및 강의 스킬, 강의 콘텐츠 구성 등) 만족도는?",만족,17,41.0,40
2026년 사이버보안 실태 평가(1차),17,instructor,"[대응전략] 과목의 강의(강의 준비 및 강의 스킬, 강의 콘텐츠 구성 등) 만족도는?",매우 만족,19,46.0,40
2026년 사이버보안 실태 평가(1차),18,instructor,"[공격대응관리] 과목의 강의(강의 준비 및 강의 스킬, 강의 콘텐츠 구성 등) 만족도는?",매우 불만족,0,0.0,40
2026년 사이버보안 실태 평가(1차),18,instructor,"[공격대응관리] 과목의 강의(강의 준비 및 강의 스킬, 강의 콘텐츠 구성 등) 만족도는?",불만족,0,0.0,40
2026년 사이버보안 실태 평가(1차),18,instructor,"[공격대응관리] 과목의 강의(강의 준비 및 강의 스킬, 강의 콘텐츠 구성 등) 만족도는?",보통,6,14.0,40
2026년 사이버보안 실태 평가(1차),18,instructor,"[공격대응관리] 과목의 강의(강의 준비 및 강의 스킬, 강의 콘텐츠 구성 등) 만족도는?",만족,14,34.0,40
2026년 사이버보안 실태 평가(1차),18,instructor,"[공격대응관리] 과목의 강의(강의 준비 및 강의 스킬, 강의 콘텐츠 구성 등) 만족도는?",매우 만족,21,51.0,40
2026년 사이버보안 실태 평가(1차),19,instructor,"[공급망 보안] 과목의 강의(강의 준비 및 강의 스킬, 강의 콘텐츠 구성 등) 만족도는?",매우 불만족,0,0.0,40
2026년 사이버보안 실태 평가(1차),19,instructor,"[공급망 보안] 과목의 강의(강의 준비 및 강의 스킬, 강의 콘텐츠 구성 등) 만족도는?",불만족,0,0.0,40
2026년 사이버보안 실태 평가(1차),19,instructor,"[공급망 보안] 과목의 강의(강의 준비 및 강의 스킬, 강의 콘텐츠 구성 등) 만족도는?",보통,6,14.0,40
2026년 사이버보안 실태 평가(1차),19,instructor,"[공급망 보안] 과목의 강의(강의 준비 및 강의 스킬, 강의 콘텐츠 구성 등) 만족도는?",만족,13,31.0,40
2026년 사이버보안 실태 평가(1차),19,instructor,"[공급망 보안] 과목의 강의(강의 준비 및 강의 스킬, 강의 콘텐츠 구성 등) 만족도는?",매우 만족,22,53.0,40
2026년 사이버보안 실태 평가(1차),20,instructor,"[AI 관제] 과목의 강의(강의 준비 및 강의 스킬, 강의 콘텐츠 구성 등) 만족도는?",매우 불만족,0,0.0,40
2026년 사이버보안 실태 평가(1차),20,instructor,"[AI 관제] 과목의 강의(강의 준비 및 강의 스킬, 강의 콘텐츠 구성 등) 만족도는?",불만족,0,0.0,40
2026년 사이버보안 실태 평가(1차),20,instructor,"[AI 관제] 과목의 강의(강의 준비 및 강의 스킬, 강의 콘텐츠 구성 등) 만족도는?",보통,7,17.0,40
2026년 사이버보안 실태 평가(1차),20,instructor,"[AI 관제] 과목의 강의(강의 준비 및 강의 스킬, 강의 콘텐츠 구성 등) 만족도는?",만족,15,36.0,40
2026년 사이버보안 실태 평가(1차),20,instructor,"[AI 관제] 과목의 강의(강의 준비 및 강의 스킬, 강의 콘텐츠 구성 등) 만족도는?",매우 만족,19,46.0,40
2026년 사이버보안 실태 평가(1차),21,instructor,"[서버 보안] 과목의 강의(강의 준비 및 강의 스킬, 강의 콘텐츠 구성 등) 만족도는?",매우 불만족,0,0.0,40
2026년 사이버보안 실태 평가(1차),21,instructor,"[서버 보안] 과목의 강의(강의 준비 및 강의 스킬, 강의 콘텐츠 구성 등) 만족도는?",불만족,0,0.0,40
2026년 사이버보안 실태 평가(1차),21,instructor,"[서버 보안] 과목의 강의(강의 준비 및 강의 스킬, 강의 콘텐츠 구성 등) 만족도는?",보통,5,12.0,40
2026년 사이버보안 실태 평가(1차),21,instructor,"[서버 보안] 과목의 강의(강의 준비 및 강의 스킬, 강의 콘텐츠 구성 등) 만족도는?",만족,13,31.0,40
2026년 사이버보안 실태 평가(1차),21,instructor,"[서버 보안] 과목의 강의(강의 준비 및 강의 스킬, 강의 콘텐츠 구성 등) 만족도는?",매우 만족,23,56.0,40
2026년 사이버보안 실태 평가(1차),22,instructor,"[웹보안] 과목의 강의(강의 준비 및 강의 스킬, 강의 콘텐츠 구성 등) 만족도는?",매우 불만족,0,0.0,40
2026년 사이버보안 실태 평가(1차),22,instructor,"[웹보안] 과목의 강의(강의 준비 및 강의 스킬, 강의 콘텐츠 구성 등) 만족도는?",불만족,0,0.0,40
2026년 사이버보안 실태 평가(1차),22,instructor,"[웹보안] 과목의 강의(강의 준비 및 강의 스킬, 강의 콘텐츠 구성 등) 만족도는?",보통,4,9.0,40
2026년 사이버보안 실태 평가(1차),22,instructor,"[웹보안] 과목의 강의(강의 준비 및 강의 스킬, 강의 콘텐츠 구성 등) 만족도는?",만족,14,34.0,40
2026년 사이버보안 실태 평가(1차),22,instructor,"[웹보안] 과목의 강의(강의 준비 및 강의 스킬, 강의 콘텐츠 구성 등) 만족도는?",매우 만족,23,56.0,40
2026년 사이버보안 실태 평가(1차),23,instructor,"[준비전략] 과목의 강의(강의 준비 및 강의 스킬, 강의 콘텐츠 구성 등) 만족도는?",매우 불만족,0,0.0,40
2026년 사이버보안 실태 평가(1차),23,instructor,"[준비전략] 과목의 강의(강의 준비 및 강의 스킬, 강의 콘텐츠 구성 등) 만족도는?",불만족,0,0.0,40
2026년 사이버보안 실태 평가(1차),23,instructor,"[준비전략] 과목의 강의(강의 준비 및 강의 스킬, 강의 콘텐츠 구성 등) 만족도는?",보통,5,12.0,40
2026년 사이버보안 실태 평가(1차),23,instructor,"[준비전략] 과목의 강의(강의 준비 및 강의 스킬, 강의 콘텐츠 구성 등) 만족도는?",만족,16,39.0,40
2026년 사이버보안 실태 평가(1차),23,instructor,"[준비전략] 과목의 강의(강의 준비 및 강의 스킬, 강의 콘텐츠 구성 등) 만족도는?",매우 만족,20,48.0,40
2026년 사이버보안 실태 평가(2차),1,other,귀하께서는 어떤 목적으로 이번 사이버안보훈련센터의 교육과정을 수강하셨습니까?,보안 인식 제고,10,22.0,44
2026년 사이버보안 실태 평가(2차),1,other,귀하께서는 어떤 목적으로 이번 사이버안보훈련센터의 교육과정을 수강하셨습니까?,보안기술 능력 향상,8,18.0,44
2026년 사이버보안 실태 평가(2차),1,other,귀하께서는 어떤 목적으로 이번 사이버안보훈련센터의 교육과정을 수강하셨습니까?,업무에의 활용,20,45.0,44
2026년 사이버보안 실태 평가(2차),1,other,귀하께서는 어떤 목적으로 이번 사이버안보훈련센터의 교육과정을 수강하셨습니까?,교육 의무 시간 이수,6,13.0,44
2026년 사이버보안 실태 평가(2차),1,other,귀하께서는 어떤 목적으로 이번 사이버안보훈련센터의 교육과정을 수강하셨습니까?,상급자 / 동료의 추천,0,0.0,44
2026년 사이버보안 실태 평가(2차),1,other,귀하께서는 어떤 목적으로 이번 사이버안보훈련센터의 교육과정을 수강하셨습니까?,기타,0,0.0,44
2026년 사이버보안 실태 평가(2차),4,difficulty,이번 교육의 난이도는 어떠하였습니까?,쉽다,3,6.0,44
2026년 사이버보안 실태 평가(2차),4,difficulty,이번 교육의 난이도는 어떠하였습니까?,적당하다,39,88.0,44
2026년 사이버보안 실태 평가(2차),4,difficulty,이번 교육의 난이도는 어떠하였습니까?,어렵다,2,4.0,44
2026년 사이버보안 실태 평가(2차),6,satisfaction,이번 교육의 만족도는 어떠하였습니까?,높음,25,56.0,44
2026년 사이버보안 실태 평가(2차),6,satisfaction,이번 교육의 만족도는 어떠하였습니까?,보통,19,43.0,44
2026년 사이버보안 실태 평가(2차),6,satisfaction,이번 교육의 만족도는 어떠하였습니까?,낮음,0,0.0,44
2026년 사이버보안 실태 평가(2차),8,utility,이번 교육의 업무 활용도는 어떠하십니까?,높음,27,61.0,44
2026년 사이버보안 실태 평가(2차),8,utility,이번 교육의 업무 활용도는 어떠하십니까?,보통,16,36.0,44
2026년 사이버보안 실태 평가(2차),8,utility,이번 교육의 업무 활용도는 어떠하십니까?,낮음,1,2.0,44
2026년 사이버보안 실태 평가(2차),10,diff_inst,다른 기관과의 교육 차별성은 어떠하십니까?,차별성 있다,24,54.0,44
2026년 사이버보안 실태 평가(2차),10,diff_inst,다른 기관과의 교육 차별성은 어떠하십니까?,보통이다,19,43.0,44
2026년 사이버보안 실태 평가(2차),10,diff_inst,다른 기관과의 교육 차별성은 어떠하십니까?,차별성 없다,1,2.0,44
2026년 사이버보안 실태 평가(2차),12,duration,교육 시간은 적절하다고 생각하십니까?,부족하다,2,4.0,44
2026년 사이버보안 실태 평가(2차),12,duration,교육 시간은 적절하다고 생각하십니까?,적절하다,38,86.0,44
2026년 사이버보안 실태 평가(2차),12,duration,교육 시간은 적절하다고 생각하십니까?,길다,4,9.0,44
2026년 사이버보안 실태 평가(2차),16,instructor,"[우수사례] 과목의 강의(강의 준비 및 강의 스킬, 강의 콘텐츠 구성 등) 만족도는?",매우 불만족,0,0.0,44
2026년 사이버보안 실태 평가(2차),16,instructor,"[우수사례] 과목의 강의(강의 준비 및 강의 스킬, 강의 콘텐츠 구성 등) 만족도는?",불만족,0,0.0,44
2026년 사이버보안 실태 평가(2차),16,instructor,"[우수사례] 과목의 강의(강의 준비 및 강의 스킬, 강의 콘텐츠 구성 등) 만족도는?",보통,6,13.0,44
2026년 사이버보안 실태 평가(2차),16,instructor,"[우수사례] 과목의 강의(강의 준비 및 강의 스킬, 강의 콘텐츠 구성 등) 만족도는?",만족,14,31.0,44
2026년 사이버보안 실태 평가(2차),16,instructor,"[우수사례] 과목의 강의(강의 준비 및 강의 스킬, 강의 콘텐츠 구성 등) 만족도는?",매우 만족,24,54.0,44
2026년 사이버보안 실태 평가(2차),17,instructor,"[공급방보안] 과목의 강의(강의 준비 및 강의 스킬, 강의 콘텐츠 구성 등) 만족도는?",매우 불만족,0,0.0,44
2026년 사이버보안 실태 평가(2차),17,instructor,"[공급방보안] 과목의 강의(강의 준비 및 강의 스킬, 강의 콘텐츠 구성 등) 만족도는?",불만족,0,0.0,44
2026년 사이버보안 실태 평가(2차),17,instructor,"[공급방보안] 과목의 강의(강의 준비 및 강의 스킬, 강의 콘텐츠 구성 등) 만족도는?",보통,9,20.0,44
2026년 사이버보안 실태 평가(2차),17,instructor,"[공급방보안] 과목의 강의(강의 준비 및 강의 스킬, 강의 콘텐츠 구성 등) 만족도는?",만족,12,27.0,44
2026년 사이버보안 실태 평가(2차),17,instructor,"[공급방보안] 과목의 강의(강의 준비 및 강의 스킬, 강의 콘텐츠 구성 등) 만족도는?",매우 만족,23,52.0,44
2026년 사이버보안 실태 평가(2차),18,instructor,"[공격표면관리] 과목의 강의(강의 준비 및 강의 스킬, 강의 콘텐츠 구성 등) 만족도는?",매우 불만족,0,0.0,44
2026년 사이버보안 실태 평가(2차),18,instructor,"[공격표면관리] 과목의 강의(강의 준비 및 강의 스킬, 강의 콘텐츠 구성 등) 만족도는?",불만족,0,0.0,44
2026년 사이버보안 실태 평가(2차),18,instructor,"[공격표면관리] 과목의 강의(강의 준비 및 강의 스킬, 강의 콘텐츠 구성 등) 만족도는?",보통,9,20.0,44
2026년 사이버보안 실태 평가(2차),18,instructor,"[공격표면관리] 과목의 강의(강의 준비 및 강의 스킬, 강의 콘텐츠 구성 등) 만족도는?",만족,13,29.0,44
2026년 사이버보안 실태 평가(2차),18,instructor,"[공격표면관리] 과목의 강의(강의 준비 및 강의 스킬, 강의 콘텐츠 구성 등) 만족도는?",매우 만족,22,50.0,44
2026년 사이버보안 실태 평가(2차),19,instructor,"[대응전략] 과목의 강의(강의 준비 및 강의 스킬, 강의 콘텐츠 구성 등) 만족도는?",매우 불만족,0,0.0,44
2026년 사이버보안 실태 평가(2차),19,instructor,"[대응전략] 과목의 강의(강의 준비 및 강의 스킬, 강의 콘텐츠 구성 등) 만족도는?",불만족,0,0.0,44
2026년 사이버보안 실태 평가(2차),19,instructor,"[대응전략] 과목의 강의(강의 준비 및 강의 스킬, 강의 콘텐츠 구성 등) 만족도는?",보통,6,13.0,44
2026년 사이버보안 실태 평가(2차),19,instructor,"[대응전략] 과목의 강의(강의 준비 및 강의 스킬, 강의 콘텐츠 구성 등) 만족도는?",만족,14,31.0,44
2026년 사이버보안 실태 평가(2차),19,instructor,"[대응전략] 과목의 강의(강의 준비 및 강의 스킬, 강의 콘텐츠 구성 등) 만족도는?",매우 만족,24,54.0,44
2026년 사이버보안 실태 평가(2차),20,instructor,"[AI관제] 과목의 강의(강의 준비 및 강의 스킬, 강의 콘텐츠 구성 등) 만족도는?",매우 불만족,0,0.0,44
2026년 사이버보안 실태 평가(2차),20,instructor,"[AI관제] 과목의 강의(강의 준비 및 강의 스킬, 강의 콘텐츠 구성 등) 만족도는?",불만족,2,4.0,44
2026년 사이버보안 실태 평가(2차),20,instructor,"[AI관제] 과목의 강의(강의 준비 및 강의 스킬, 강의 콘텐츠 구성 등) 만족도는?",보통,13,29.0,44
2026년 사이버보안 실태 평가(2차),20,instructor,"[AI관제] 과목의 강의(강의 준비 및 강의 스킬, 강의 콘텐츠 구성 등) 만족도는?",만족,9,20.0,44
2026년 사이버보안 실태 평가(2차),20,instructor,"[AI관제] 과목의 강의(강의 준비 및 강의 스킬, 강의 콘텐츠 구성 등) 만족도는?",매우 만족,20,45.0,44
2026년 사이버보안 실태 평가(2차),21,instructor,"[서버보안] 과목의 강의(강의 준비 및 강의 스킬, 강의 콘텐츠 구성 등) 만족도는?",매우 불만족,0,0.0,44
2026년 사이버보안 실태 평가(2차),21,instructor,"[서버보안] 과목의 강의(강의 준비 및 강의 스킬, 강의 콘텐츠 구성 등) 만족도는?",불만족,0,0.0,44
2026년 사이버보안 실태 평가(2차),21,instructor,"[서버보안] 과목의 강의(강의 준비 및 강의 스킬, 강의 콘텐츠 구성 등) 만족도는?",보통,11,25.0,44
2026년 사이버보안 실태 평가(2차),21,instructor,"[서버보안] 과목의 강의(강의 준비 및 강의 스킬, 강의 콘텐츠 구성 등) 만족도는?",만족,10,22.0,44
2026년 사이버보안 실태 평가(2차),21,instructor,"[서버보안] 과목의 강의(강의 준비 및 강의 스킬, 강의 콘텐츠 구성 등) 만족도는?",매우 만족,23,52.0,44
2026년 사이버보안 실태 평가(2차),22,instructor,"[웹보안] 과목의 강의(강의 준비 및 강의 스킬, 강의 콘텐츠 구성 등) 만족도는?",매우 불만족,0,0.0,44
2026년 사이버보안 실태 평가(2차),22,instructor,"[웹보안] 과목의 강의(강의 준비 및 강의 스킬, 강의 콘텐츠 구성 등) 만족도는?",불만족,0,0.0,44
2026년 사이버보안 실태 평가(2차),22,instructor,"[웹보안] 과목의 강의(강의 준비 및 강의 스킬, 강의 콘텐츠 구성 등) 만족도는?",보통,9,20.0,44
2026년 사이버보안 실태 평가(2차),22,instructor,"[웹보안] 과목의 강의(강의 준비 및 강의 스킬, 강의 콘텐츠 구성 등) 만족도는?",만족,10,22.0,44
2026년 사이버보안 실태 평가(2차),22,instructor,"[웹보안] 과목의 강의(강의 준비 및 강의 스킬, 강의 콘텐츠 구성 등) 만족도는?",매우 만족,25,56.0,44
2026년 사이버보안 실태 평가(2차),23,instructor,"[준비전략] 과목의 강의(강의 준비 및 강의 스킬, 강의 콘텐츠 구성 등) 만족도는?",매우 불만족,0,0.0,44
2026년 사이버보안 실태 평가(2차),23,instructor,"[준비전략] 과목의 강의(강의 준비 및 강의 스킬, 강의 콘텐츠 구성 등) 만족도는?",불만족,0,0.0,44
2026년 사이버보안 실태 평가(2차),23,instructor,"[준비전략] 과목의 강의(강의 준비 및 강의 스킬, 강의 콘텐츠 구성 등) 만족도는?",보통,8,18.0,44
2026년 사이버보안 실태 평가(2차),23,instructor,"[준비전략] 과목의 강의(강의 준비 및 강의 스킬, 강의 콘텐츠 구성 등) 만족도는?",만족,12,27.0,44
2026년 사이버보안 실태 평가(2차),23,instructor,"[준비전략] 과목의 강의(강의 준비 및 강의 스킬, 강의 콘텐츠 구성 등) 만족도는?",매우 만족,24,54.0,44
2026년 사이버보안 실태 평가(3차),1,other,귀하께서는 어떤 목적으로 이번 사이버안보훈련센터의 교육과정을 수강하셨습니까?,보안 인식 제고,9,19.0,47
2026년 사이버보안 실태 평가(3차),1,other,귀하께서는 어떤 목적으로 이번 사이버안보훈련센터의 교육과정을 수강하셨습니까?,보안기술 능력 향상,12,25.0,47
2026년 사이버보안 실태 평가(3차),1,other,귀하께서는 어떤 목적으로 이번 사이버안보훈련센터의 교육과정을 수강하셨습니까?,업무에의 활용,17,36.0,47
2026년 사이버보안 실태 평가(3차),1,other,귀하께서는 어떤 목적으로 이번 사이버안보훈련센터의 교육과정을 수강하셨습니까?,교육 의무 시간 이수,9,19.0,47
2026년 사이버보안 실태 평가(3차),1,other,귀하께서는 어떤 목적으로 이번 사이버안보훈련센터의 교육과정을 수강하셨습니까?,상급자 / 동료의 추천,0,0.0,47
2026년 사이버보안 실태 평가(3차),1,other,귀하께서는 어떤 목적으로 이번 사이버안보훈련센터의 교육과정을 수강하셨습니까?,기타,0,0.0,47
2026년 사이버보안 실태 평가(3차),4,difficulty,이번 교육의 난이도는 어떠하였습니까?,쉽다,1,2.0,47
2026년 사이버보안 실태 평가(3차),4,difficulty,이번 교육의 난이도는 어떠하였습니까?,적당하다,44,93.0,47
2026년 사이버보안 실태 평가(3차),4,difficulty,이번 교육의 난이도는 어떠하였습니까?,어렵다,2,4.0,47
2026년 사이버보안 실태 평가(3차),6,satisfaction,이번 교육의 만족도는 어떠하였습니까?,높음,27,57.0,47
2026년 사이버보안 실태 평가(3차),6,satisfaction,이번 교육의 만족도는 어떠하였습니까?,보통,19,40.0,47
2026년 사이버보안 실태 평가(3차),6,satisfaction,이번 교육의 만족도는 어떠하였습니까?,낮음,1,2.0,47
2026년 사이버보안 실태 평가(3차),8,utility,이번 교육의 업무 활용도는 어떠하십니까?,높음,25,53.0,47
2026년 사이버보안 실태 평가(3차),8,utility,이번 교육의 업무 활용도는 어떠하십니까?,보통,22,46.0,47
2026년 사이버보안 실태 평가(3차),8,utility,이번 교육의 업무 활용도는 어떠하십니까?,낮음,0,0.0,47
2026년 사이버보안 실태 평가(3차),10,diff_inst,다른 기관과의 교육 차별성은 어떠하십니까?,차별성 있다,27,57.0,47
2026년 사이버보안 실태 평가(3차),10,diff_inst,다른 기관과의 교육 차별성은 어떠하십니까?,보통이다,19,40.0,47
2026년 사이버보안 실태 평가(3차),10,diff_inst,다른 기관과의 교육 차별성은 어떠하십니까?,차별성 없다,1,2.0,47
2026년 사이버보안 실태 평가(3차),12,duration,교육 시간은 적절하다고 생각하십니까?,부족하다,5,10.0,47
2026년 사이버보안 실태 평가(3차),12,duration,교육 시간은 적절하다고 생각하십니까?,적절하다,41,87.0,47
2026년 사이버보안 실태 평가(3차),12,duration,교육 시간은 적절하다고 생각하십니까?,길다,1,2.0,47
2026년 사이버보안 실태 평가(3차),16,instructor,"[우수사례] 과목의 강의(강의 준비 및 강의 스킬, 강의 콘텐츠 구성 등) 만족도는?",매우 불만족,1,2.0,47
2026년 사이버보안 실태 평가(3차),16,instructor,"[우수사례] 과목의 강의(강의 준비 및 강의 스킬, 강의 콘텐츠 구성 등) 만족도는?",불만족,0,0.0,47
2026년 사이버보안 실태 평가(3차),16,instructor,"[우수사례] 과목의 강의(강의 준비 및 강의 스킬, 강의 콘텐츠 구성 등) 만족도는?",보통,5,10.0,47
2026년 사이버보안 실태 평가(3차),16,instructor,"[우수사례] 과목의 강의(강의 준비 및 강의 스킬, 강의 콘텐츠 구성 등) 만족도는?",만족,10,21.0,47
2026년 사이버보안 실태 평가(3차),16,instructor,"[우수사례] 과목의 강의(강의 준비 및 강의 스킬, 강의 콘텐츠 구성 등) 만족도는?",매우 만족,31,65.0,47
2026년 사이버보안 실태 평가(3차),17,instructor,"[대응 전략] 과목의 강의(강의 준비 및 강의 스킬, 강의 콘텐츠 구성 등) 만족도는?",매우 불만족,3,6.0,47
2026년 사이버보안 실태 평가(3차),17,instructor,"[대응 전략] 과목의 강의(강의 준비 및 강의 스킬, 강의 콘텐츠 구성 등) 만족도는?",불만족,1,2.0,47
2026년 사이버보안 실태 평가(3차),17,instructor,"[대응 전략] 과목의 강의(강의 준비 및 강의 스킬, 강의 콘텐츠 구성 등) 만족도는?",보통,8,17.0,47
2026년 사이버보안 실태 평가(3차),17,instructor,"[대응 전략] 과목의 강의(강의 준비 및 강의 스킬, 강의 콘텐츠 구성 등) 만족도는?",만족,10,21.0,47
2026년 사이버보안 실태 평가(3차),17,instructor,"[대응 전략] 과목의 강의(강의 준비 및 강의 스킬, 강의 콘텐츠 구성 등) 만족도는?",매우 만족,25,53.0,47
2026년 사이버보안 실태 평가(3차),18,instructor,"[공격표면관리] 과목의 강의(강의 준비 및 강의 스킬, 강의 콘텐츠 구성 등) 만족도는?",매우 불만족,0,0.0,47
2026년 사이버보안 실태 평가(3차),18,instructor,"[공격표면관리] 과목의 강의(강의 준비 및 강의 스킬, 강의 콘텐츠 구성 등) 만족도는?",불만족,0,0.0,47
2026년 사이버보안 실태 평가(3차),18,instructor,"[공격표면관리] 과목의 강의(강의 준비 및 강의 스킬, 강의 콘텐츠 구성 등) 만족도는?",보통,6,12.0,47
2026년 사이버보안 실태 평가(3차),18,instructor,"[공격표면관리] 과목의 강의(강의 준비 및 강의 스킬, 강의 콘텐츠 구성 등) 만족도는?",만족,12,25.0,47
2026년 사이버보안 실태 평가(3차),18,instructor,"[공격표면관리] 과목의 강의(강의 준비 및 강의 스킬, 강의 콘텐츠 구성 등) 만족도는?",매우 만족,29,61.0,47
2026년 사이버보안 실태 평가(3차),19,instructor,"[공급망보안] 과목의 강의(강의 준비 및 강의 스킬, 강의 콘텐츠 구성 등) 만족도는?",매우 불만족,0,0.0,47
2026년 사이버보안 실태 평가(3차),19,instructor,"[공급망보안] 과목의 강의(강의 준비 및 강의 스킬, 강의 콘텐츠 구성 등) 만족도는?",불만족,0,0.0,47
2026년 사이버보안 실태 평가(3차),19,instructor,"[공급망보안] 과목의 강의(강의 준비 및 강의 스킬, 강의 콘텐츠 구성 등) 만족도는?",보통,5,10.0,47
2026년 사이버보안 실태 평가(3차),19,instructor,"[공급망보안] 과목의 강의(강의 준비 및 강의 스킬, 강의 콘텐츠 구성 등) 만족도는?",만족,14,29.0,47
2026년 사이버보안 실태 평가(3차),19,instructor,"[공급망보안] 과목의 강의(강의 준비 및 강의 스킬, 강의 콘텐츠 구성 등) 만족도는?",매우 만족,28,59.0,47
2026년 사이버보안 실태 평가(3차),20,instructor,"[AI관제] 과목의 강의(강의 준비 및 강의 스킬, 강의 콘텐츠 구성 등) 만족도는?",매우 불만족,0,0.0,47
2026년 사이버보안 실태 평가(3차),20,instructor,"[AI관제] 과목의 강의(강의 준비 및 강의 스킬, 강의 콘텐츠 구성 등) 만족도는?",불만족,1,2.0,47
2026년 사이버보안 실태 평가(3차),20,instructor,"[AI관제] 과목의 강의(강의 준비 및 강의 스킬, 강의 콘텐츠 구성 등) 만족도는?",보통,7,14.0,47
2026년 사이버보안 실태 평가(3차),20,instructor,"[AI관제] 과목의 강의(강의 준비 및 강의 스킬, 강의 콘텐츠 구성 등) 만족도는?",만족,15,31.0,47
2026년 사이버보안 실태 평가(3차),20,instructor,"[AI관제] 과목의 강의(강의 준비 및 강의 스킬, 강의 콘텐츠 구성 등) 만족도는?",매우 만족,24,51.0,47
2026년 사이버보안 실태 평가(3차),21,instructor,"[서버보안] 과목의 강의(강의 준비 및 강의 스킬, 강의 콘텐츠 구성 등) 만족도는?",매우 불만족,0,0.0,47
2026년 사이버보안 실태 평가(3차),21,instructor,"[서버보안] 과목의 강의(강의 준비 및 강의 스킬, 강의 콘텐츠 구성 등) 만족도는?",불만족,0,0.0,47
2026년 사이버보안 실태 평가(3차),21,instructor,"[서버보안] 과목의 강의(강의 준비 및 강의 스킬, 강의 콘텐츠 구성 등) 만족도는?",보통,12,25.0,47
2026년 사이버보안 실태 평가(3차),21,instructor,"[서버보안] 과목의 강의(강의 준비 및 강의 스킬, 강의 콘텐츠 구성 등) 만족도는?",만족,8,17.0,47
2026년 사이버보안 실태 평가(3차),21,instructor,"[서버보안] 과목의 강의(강의 준비 및 강의 스킬, 강의 콘텐츠 구성 등) 만족도는?",매우 만족,27,57.0,47
2026년 사이버보안 실태 평가(3차),22,instructor,"[웹보안] 과목의 강의(강의 준비 및 강의 스킬, 강의 콘텐츠 구성 등) 만족도는?",매우 불만족,1,2.0,47
2026년 사이버보안 실태 평가(3차),22,instructor,"[웹보안] 과목의 강의(강의 준비 및 강의 스킬, 강의 콘텐츠 구성 등) 만족도는?",불만족,0,0.0,47
2026년 사이버보안 실태 평가(3차),22,instructor,"[웹보안] 과목의 강의(강의 준비 및 강의 스킬, 강의 콘텐츠 구성 등) 만족도는?",보통,9,19.0,47
2026년 사이버보안 실태 평가(3차),22,instructor,"[웹보안] 과목의 강의(강의 준비 및 강의 스킬, 강의 콘텐츠 구성 등) 만족도는?",만족,10,21.0,47
2026년 사이버보안 실태 평가(3차),22,instructor,"[웹보안] 과목의 강의(강의 준비 및 강의 스킬, 강의 콘텐츠 구성 등) 만족도는?",매우 만족,27,57.0,47
2026년 사이버보안 실태 평가(3차),23,instructor,"[준비전략] 과목의 강의(강의 준비 및 강의 스킬, 강의 콘텐츠 구성 등) 만족도는?",매우 불만족,1,2.0,47
2026년 사이버보안 실태 평가(3차),23,instructor,"[준비전략] 과목의 강의(강의 준비 및 강의 스킬, 강의 콘텐츠 구성 등) 만족도는?",불만족,1,2.0,47
2026년 사이버보안 실태 평가(3차),23,instructor,"[준비전략] 과목의 강의(강의 준비 및 강의 스킬, 강의 콘텐츠 구성 등) 만족도는?",보통,6,12.0,47
2026년 사이버보안 실태 평가(3차),23,instructor,"[준비전략] 과목의 강의(강의 준비 및 강의 스킬, 강의 콘텐츠 구성 등) 만족도는?",만족,13,27.0,47
2026년 사이버보안 실태 평가(3차),23,instructor,"[준비전략] 과목의 강의(강의 준비 및 강의 스킬, 강의 콘텐츠 구성 등) 만족도는?",매우 만족,26,55.0,47
2026년 사이버파트너스 역량강화 중급 과정,1,other,귀하께서는 어떤 목적으로 이번 사이버안보훈련센터의 교육과정을 수강하셨습니까?,보안 인식 제고,2,8.0,23
2026년 사이버파트너스 역량강화 중급 과정,1,other,귀하께서는 어떤 목적으로 이번 사이버안보훈련센터의 교육과정을 수강하셨습니까?,보안기술 능력 향상,14,60.0,23
2026년 사이버파트너스 역량강화 중급 과정,1,other,귀하께서는 어떤 목적으로 이번 사이버안보훈련센터의 교육과정을 수강하셨습니까?,업무에의 활용,4,17.0,23
2026년 사이버파트너스 역량강화 중급 과정,1,other,귀하께서는 어떤 목적으로 이번 사이버안보훈련센터의 교육과정을 수강하셨습니까?,상급자 / 동료의 추천,3,13.0,23
2026년 사이버파트너스 역량강화 중급 과정,1,other,귀하께서는 어떤 목적으로 이번 사이버안보훈련센터의 교육과정을 수강하셨습니까?,유사 업무 수행자와 네트워킹,0,0.0,23
2026년 사이버파트너스 역량강화 중급 과정,2,other,이번 교육이 국가 차원의 사이버보안 협력에 얼마나 도움이 되었다고 생각하시나요?(100점 만점),100,9,39.0,23
2026년 사이버파트너스 역량강화 중급 과정,2,other,이번 교육이 국가 차원의 사이버보안 협력에 얼마나 도움이 되었다고 생각하시나요?(100점 만점),90,3,13.0,23
2026년 사이버파트너스 역량강화 중급 과정,2,other,이번 교육이 국가 차원의 사이버보안 협력에 얼마나 도움이 되었다고 생각하시나요?(100점 만점),80,7,30.0,23
2026년 사이버파트너스 역량강화 중급 과정,2,other,이번 교육이 국가 차원의 사이버보안 협력에 얼마나 도움이 되었다고 생각하시나요?(100점 만점),70,3,13.0,23
2026년 사이버파트너스 역량강화 중급 과정,2,other,이번 교육이 국가 차원의 사이버보안 협력에 얼마나 도움이 되었다고 생각하시나요?(100점 만점),60,1,4.0,23
2026년 사이버파트너스 역량강화 중급 과정,2,other,이번 교육이 국가 차원의 사이버보안 협력에 얼마나 도움이 되었다고 생각하시나요?(100점 만점),50,0,0.0,23
2026년 사이버파트너스 역량강화 중급 과정,2,other,이번 교육이 국가 차원의 사이버보안 협력에 얼마나 도움이 되었다고 생각하시나요?(100점 만점),40,0,0.0,23
2026년 사이버파트너스 역량강화 중급 과정,2,other,이번 교육이 국가 차원의 사이버보안 협력에 얼마나 도움이 되었다고 생각하시나요?(100점 만점),30,0,0.0,23
2026년 사이버파트너스 역량강화 중급 과정,2,other,이번 교육이 국가 차원의 사이버보안 협력에 얼마나 도움이 되었다고 생각하시나요?(100점 만점),20,0,0.0,23
2026년 사이버파트너스 역량강화 중급 과정,2,other,이번 교육이 국가 차원의 사이버보안 협력에 얼마나 도움이 되었다고 생각하시나요?(100점 만점),10,0,0.0,23
2026년 사이버파트너스 역량강화 중급 과정,2,other,이번 교육이 국가 차원의 사이버보안 협력에 얼마나 도움이 되었다고 생각하시나요?(100점 만점),0,0,0.0,23
2026년 사이버파트너스 역량강화 중급 과정,6,difficulty,이번 교육의 난이도는 어떠하였습니까?,어렵다,7,30.0,23
2026년 사이버파트너스 역량강화 중급 과정,6,difficulty,이번 교육의 난이도는 어떠하였습니까?,적절하다,15,65.0,23
2026년 사이버파트너스 역량강화 중급 과정,6,difficulty,이번 교육의 난이도는 어떠하였습니까?,쉽다,1,4.0,23
2026년 사이버파트너스 역량강화 중급 과정,8,satisfaction,이번 교육의 만족도는 어떠하였습니까?,높음,12,52.0,23
2026년 사이버파트너스 역량강화 중급 과정,8,satisfaction,이번 교육의 만족도는 어떠하였습니까?,보통,10,43.0,23
2026년 사이버파트너스 역량강화 중급 과정,8,satisfaction,이번 교육의 만족도는 어떠하였습니까?,낮음,1,4.0,23
2026년 사이버파트너스 역량강화 중급 과정,10,utility,이번 교육의 업무 활용도는 어떠하십니까?,높음,9,39.0,23
2026년 사이버파트너스 역량강화 중급 과정,10,utility,이번 교육의 업무 활용도는 어떠하십니까?,보통,12,52.0,23
2026년 사이버파트너스 역량강화 중급 과정,10,utility,이번 교육의 업무 활용도는 어떠하십니까?,낮음,2,8.0,23
2026년 사이버파트너스 역량강화 중급 과정,12,diff_inst,다른 기관과의 교육 차별성은 어떠하십니까?,차별성 있다,10,43.0,23
2026년 사이버파트너스 역량강화 중급 과정,12,diff_inst,다른 기관과의 교육 차별성은 어떠하십니까?,보통이다,13,56.0,23
2026년 사이버파트너스 역량강화 중급 과정,12,diff_inst,다른 기관과의 교육 차별성은 어떠하십니까?,차별성없다,0,0.0,23
2026년 사이버파트너스 역량강화 중급 과정,14,duration,교육 시간은 적절하다고 생각하십니까?,길다,0,0.0,23
2026년 사이버파트너스 역량강화 중급 과정,14,duration,교육 시간은 적절하다고 생각하십니까?,적절하다,16,69.0,23
2026년 사이버파트너스 역량강화 중급 과정,14,duration,교육 시간은 적절하다고 생각하십니까?,부족하다,7,30.0,23
2026년 사이버파트너스 역량강화 중급 과정,18,other,사이버 침해대응 실습의 강의(강의 준비 및 강의 스킬) 만족도는?,매우 불만족,0,0.0,23
2026년 사이버파트너스 역량강화 중급 과정,18,other,사이버 침해대응 실습의 강의(강의 준비 및 강의 스킬) 만족도는?,불만족,0,0.0,23
2026년 사이버파트너스 역량강화 중급 과정,18,other,사이버 침해대응 실습의 강의(강의 준비 및 강의 스킬) 만족도는?,보통,9,39.0,23
2026년 사이버파트너스 역량강화 중급 과정,18,other,사이버 침해대응 실습의 강의(강의 준비 및 강의 스킬) 만족도는?,만족,8,34.0,23
2026년 사이버파트너스 역량강화 중급 과정,18,other,사이버 침해대응 실습의 강의(강의 준비 및 강의 스킬) 만족도는?,매우 만족,6,26.0,23
2026년 사이버파트너스 역량강화 중급 과정,19,other,사이버 침해대응 실습의 강의 내용(강의 콘텐츠 구성 등) 만족도는?,매우 불만족,0,0.0,23
2026년 사이버파트너스 역량강화 중급 과정,19,other,사이버 침해대응 실습의 강의 내용(강의 콘텐츠 구성 등) 만족도는?,불만족,1,4.0,23
2026년 사이버파트너스 역량강화 중급 과정,19,other,사이버 침해대응 실습의 강의 내용(강의 콘텐츠 구성 등) 만족도는?,보통,7,30.0,23
2026년 사이버파트너스 역량강화 중급 과정,19,other,사이버 침해대응 실습의 강의 내용(강의 콘텐츠 구성 등) 만족도는?,만족,8,34.0,23
2026년 사이버파트너스 역량강화 중급 과정,19,other,사이버 침해대응 실습의 강의 내용(강의 콘텐츠 구성 등) 만족도는?,매우 만족,7,30.0,23
2026년 사이버파트너스 역량강화 초급 과정 1차,1,other,귀하께서는 어떤 목적으로 이번 사이버안보훈련센터의 교육과정을 수강하셨습니까?,보안 인식 제고,0,0.0,23
2026년 사이버파트너스 역량강화 초급 과정 1차,1,other,귀하께서는 어떤 목적으로 이번 사이버안보훈련센터의 교육과정을 수강하셨습니까?,보안기술 능력 향상,18,78.0,23
2026년 사이버파트너스 역량강화 초급 과정 1차,1,other,귀하께서는 어떤 목적으로 이번 사이버안보훈련센터의 교육과정을 수강하셨습니까?,업무에의 활용,4,17.0,23
2026년 사이버파트너스 역량강화 초급 과정 1차,1,other,귀하께서는 어떤 목적으로 이번 사이버안보훈련센터의 교육과정을 수강하셨습니까?,교육 의무 시간 이수,0,0.0,23
2026년 사이버파트너스 역량강화 초급 과정 1차,1,other,귀하께서는 어떤 목적으로 이번 사이버안보훈련센터의 교육과정을 수강하셨습니까?,상급자 / 동료의 추천,1,4.0,23
2026년 사이버파트너스 역량강화 초급 과정 1차,1,other,귀하께서는 어떤 목적으로 이번 사이버안보훈련센터의 교육과정을 수강하셨습니까?,유사 업무 수행자와 네트워킹,0,0.0,23
2026년 사이버파트너스 역량강화 초급 과정 1차,2,other,이번 교육이 국가 차원의 사이버보안 협력에 얼마나 도움이 되었다고 생각하시나요?(100점 만점),100,8,34.0,23
2026년 사이버파트너스 역량강화 초급 과정 1차,2,other,이번 교육이 국가 차원의 사이버보안 협력에 얼마나 도움이 되었다고 생각하시나요?(100점 만점),90,6,26.0,23
2026년 사이버파트너스 역량강화 초급 과정 1차,2,other,이번 교육이 국가 차원의 사이버보안 협력에 얼마나 도움이 되었다고 생각하시나요?(100점 만점),80,5,21.0,23
2026년 사이버파트너스 역량강화 초급 과정 1차,2,other,이번 교육이 국가 차원의 사이버보안 협력에 얼마나 도움이 되었다고 생각하시나요?(100점 만점),70,1,4.0,23
2026년 사이버파트너스 역량강화 초급 과정 1차,2,other,이번 교육이 국가 차원의 사이버보안 협력에 얼마나 도움이 되었다고 생각하시나요?(100점 만점),60,1,4.0,23
2026년 사이버파트너스 역량강화 초급 과정 1차,2,other,이번 교육이 국가 차원의 사이버보안 협력에 얼마나 도움이 되었다고 생각하시나요?(100점 만점),50,2,8.0,23
2026년 사이버파트너스 역량강화 초급 과정 1차,2,other,이번 교육이 국가 차원의 사이버보안 협력에 얼마나 도움이 되었다고 생각하시나요?(100점 만점),40,0,0.0,23
2026년 사이버파트너스 역량강화 초급 과정 1차,2,other,이번 교육이 국가 차원의 사이버보안 협력에 얼마나 도움이 되었다고 생각하시나요?(100점 만점),30,0,0.0,23
2026년 사이버파트너스 역량강화 초급 과정 1차,2,other,이번 교육이 국가 차원의 사이버보안 협력에 얼마나 도움이 되었다고 생각하시나요?(100점 만점),20,0,0.0,23
2026년 사이버파트너스 역량강화 초급 과정 1차,2,other,이번 교육이 국가 차원의 사이버보안 협력에 얼마나 도움이 되었다고 생각하시나요?(100점 만점),10,0,0.0,23
2026년 사이버파트너스 역량강화 초급 과정 1차,2,other,이번 교육이 국가 차원의 사이버보안 협력에 얼마나 도움이 되었다고 생각하시나요?(100점 만점),0,0,0.0,23
2026년 사이버파트너스 역량강화 초급 과정 1차,6,difficulty,이번 교육의 난이도는 어떠하였습니까?,어렵다,16,69.0,23
2026년 사이버파트너스 역량강화 초급 과정 1차,6,difficulty,이번 교육의 난이도는 어떠하였습니까?,적절하다,7,30.0,23
2026년 사이버파트너스 역량강화 초급 과정 1차,6,difficulty,이번 교육의 난이도는 어떠하였습니까?,쉽다,0,0.0,23
2026년 사이버파트너스 역량강화 초급 과정 1차,8,satisfaction,이번 교육의 만족도는 어떠하였습니까?,높음,17,73.0,23
2026년 사이버파트너스 역량강화 초급 과정 1차,8,satisfaction,이번 교육의 만족도는 어떠하였습니까?,보통,5,21.0,23
2026년 사이버파트너스 역량강화 초급 과정 1차,8,satisfaction,이번 교육의 만족도는 어떠하였습니까?,낮음,1,4.0,23
2026년 사이버파트너스 역량강화 초급 과정 1차,10,utility,이번 교육의 업무 활용도는 어떠하십니까?,높음,13,56.0,23
2026년 사이버파트너스 역량강화 초급 과정 1차,10,utility,이번 교육의 업무 활용도는 어떠하십니까?,보통,8,34.0,23
2026년 사이버파트너스 역량강화 초급 과정 1차,10,utility,이번 교육의 업무 활용도는 어떠하십니까?,낮음,2,8.0,23
2026년 사이버파트너스 역량강화 초급 과정 1차,12,diff_inst,다른 기관과의 교육 차별성은 어떠하십니까?,차별성 있다,16,69.0,23
2026년 사이버파트너스 역량강화 초급 과정 1차,12,diff_inst,다른 기관과의 교육 차별성은 어떠하십니까?,보통이다,7,30.0,23
2026년 사이버파트너스 역량강화 초급 과정 1차,12,diff_inst,다른 기관과의 교육 차별성은 어떠하십니까?,차별성없다,0,0.0,23
2026년 사이버파트너스 역량강화 초급 과정 1차,14,duration,교육 시간은 적절하다고 생각하십니까?,길다,1,4.0,23
2026년 사이버파트너스 역량강화 초급 과정 1차,14,duration,교육 시간은 적절하다고 생각하십니까?,적절하다,10,43.0,23
2026년 사이버파트너스 역량강화 초급 과정 1차,14,duration,교육 시간은 적절하다고 생각하십니까?,부족하다,12,52.0,23
2026년 사이버파트너스 역량강화 초급 과정 1차,18,other,사이버 침해대응 실습의 강의(강의 준비 및 강의 스킬) 만족도는?,매우 불만족,0,0.0,23
2026년 사이버파트너스 역량강화 초급 과정 1차,18,other,사이버 침해대응 실습의 강의(강의 준비 및 강의 스킬) 만족도는?,불만족,0,0.0,23
2026년 사이버파트너스 역량강화 초급 과정 1차,18,other,사이버 침해대응 실습의 강의(강의 준비 및 강의 스킬) 만족도는?,보통,3,13.0,23
2026년 사이버파트너스 역량강화 초급 과정 1차,18,other,사이버 침해대응 실습의 강의(강의 준비 및 강의 스킬) 만족도는?,만족,12,52.0,23
2026년 사이버파트너스 역량강화 초급 과정 1차,18,other,사이버 침해대응 실습의 강의(강의 준비 및 강의 스킬) 만족도는?,매우 만족,8,34.0,23
2026년 사이버파트너스 역량강화 초급 과정 1차,19,other,사이버 침해대응 실습의 강의 내용(강의 콘텐츠 구성 등) 만족도는?,매우 불만족,0,0.0,23
2026년 사이버파트너스 역량강화 초급 과정 1차,19,other,사이버 침해대응 실습의 강의 내용(강의 콘텐츠 구성 등) 만족도는?,불만족,0,0.0,23
2026년 사이버파트너스 역량강화 초급 과정 1차,19,other,사이버 침해대응 실습의 강의 내용(강의 콘텐츠 구성 등) 만족도는?,보통,2,8.0,23
2026년 사이버파트너스 역량강화 초급 과정 1차,19,other,사이버 침해대응 실습의 강의 내용(강의 콘텐츠 구성 등) 만족도는?,만족,10,43.0,23
2026년 사이버파트너스 역량강화 초급 과정 1차,19,other,사이버 침해대응 실습의 강의 내용(강의 콘텐츠 구성 등) 만족도는?,매우 만족,11,47.0,23
2026년 생성형 AI 구축 및 취약점 실습 1차,1,other,귀하께서는 어떤 목적으로 이번 사이버안보훈련센터의 교육과정을 수강하셨습니까?,보안 인식 제고,2,13.0,15
2026년 생성형 AI 구축 및 취약점 실습 1차,1,other,귀하께서는 어떤 목적으로 이번 사이버안보훈련센터의 교육과정을 수강하셨습니까?,보안기술 능력 향상,4,26.0,15
2026년 생성형 AI 구축 및 취약점 실습 1차,1,other,귀하께서는 어떤 목적으로 이번 사이버안보훈련센터의 교육과정을 수강하셨습니까?,업무에의 활용,6,40.0,15
2026년 생성형 AI 구축 및 취약점 실습 1차,1,other,귀하께서는 어떤 목적으로 이번 사이버안보훈련센터의 교육과정을 수강하셨습니까?,교육 의무 시간 이수,3,20.0,15
2026년 생성형 AI 구축 및 취약점 실습 1차,1,other,귀하께서는 어떤 목적으로 이번 사이버안보훈련센터의 교육과정을 수강하셨습니까?,상급자 / 동료의 추천,0,0.0,15
2026년 생성형 AI 구축 및 취약점 실습 1차,1,other,귀하께서는 어떤 목적으로 이번 사이버안보훈련센터의 교육과정을 수강하셨습니까?,기타,0,0.0,15
2026년 생성형 AI 구축 및 취약점 실습 1차,4,difficulty,이번 교육의 난이도는 어떠하였습니까?,쉽다,1,6.0,15
2026년 생성형 AI 구축 및 취약점 실습 1차,4,difficulty,이번 교육의 난이도는 어떠하였습니까?,적당하다,10,66.0,15
2026년 생성형 AI 구축 및 취약점 실습 1차,4,difficulty,이번 교육의 난이도는 어떠하였습니까?,어렵다,4,26.0,15
2026년 생성형 AI 구축 및 취약점 실습 1차,6,satisfaction,이번 교육의 만족도는 어떠하였습니까?,높음,9,60.0,15
2026년 생성형 AI 구축 및 취약점 실습 1차,6,satisfaction,이번 교육의 만족도는 어떠하였습니까?,보통,4,26.0,15
2026년 생성형 AI 구축 및 취약점 실습 1차,6,satisfaction,이번 교육의 만족도는 어떠하였습니까?,낮음,2,13.0,15
2026년 생성형 AI 구축 및 취약점 실습 1차,8,utility,이번 교육의 업무 활용도는 어떠하십니까?,높음,7,46.0,15
2026년 생성형 AI 구축 및 취약점 실습 1차,8,utility,이번 교육의 업무 활용도는 어떠하십니까?,보통,4,26.0,15
2026년 생성형 AI 구축 및 취약점 실습 1차,8,utility,이번 교육의 업무 활용도는 어떠하십니까?,낮음,4,26.0,15
2026년 생성형 AI 구축 및 취약점 실습 1차,10,diff_inst,다른 기관과의 교육 차별성은 어떠하십니까?,차별성 있다,11,73.0,15
2026년 생성형 AI 구축 및 취약점 실습 1차,10,diff_inst,다른 기관과의 교육 차별성은 어떠하십니까?,보통이다,3,20.0,15
2026년 생성형 AI 구축 및 취약점 실습 1차,10,diff_inst,다른 기관과의 교육 차별성은 어떠하십니까?,차별성없다,1,6.0,15
2026년 생성형 AI 구축 및 취약점 실습 1차,12,duration,교육 시간은 적절하다고 생각하십니까?,부족하다,6,40.0,15
2026년 생성형 AI 구축 및 취약점 실습 1차,12,duration,교육 시간은 적절하다고 생각하십니까?,적절하다,9,60.0,15
2026년 생성형 AI 구축 및 취약점 실습 1차,12,duration,교육 시간은 적절하다고 생각하십니까?,길다,0,0.0,15
2026년 생성형 AI 구축 및 취약점 실습 1차,16,instructor,[생성형 AI 구축 및 취약점 실습] 과목의 강의(강의 준비 및 강의 스킬) 만족도는?,매우 불만족,0,0.0,15
2026년 생성형 AI 구축 및 취약점 실습 1차,16,instructor,[생성형 AI 구축 및 취약점 실습] 과목의 강의(강의 준비 및 강의 스킬) 만족도는?,불만족,1,6.0,15
2026년 생성형 AI 구축 및 취약점 실습 1차,16,instructor,[생성형 AI 구축 및 취약점 실습] 과목의 강의(강의 준비 및 강의 스킬) 만족도는?,보통,4,26.0,15
2026년 생성형 AI 구축 및 취약점 실습 1차,16,instructor,[생성형 AI 구축 및 취약점 실습] 과목의 강의(강의 준비 및 강의 스킬) 만족도는?,만족,5,33.0,15
2026년 생성형 AI 구축 및 취약점 실습 1차,16,instructor,[생성형 AI 구축 및 취약점 실습] 과목의 강의(강의 준비 및 강의 스킬) 만족도는?,매우 만족,5,33.0,15
2026년 생성형 AI 구축 및 취약점 실습 1차,17,instructor,[생성형 AI 구축 및 취약점 실습] 과목의 강의 내용(강의 콘텐츠 구성 등) 만족도는?,매우 불만족,0,0.0,15
2026년 생성형 AI 구축 및 취약점 실습 1차,17,instructor,[생성형 AI 구축 및 취약점 실습] 과목의 강의 내용(강의 콘텐츠 구성 등) 만족도는?,불만족,0,0.0,15
2026년 생성형 AI 구축 및 취약점 실습 1차,17,instructor,[생성형 AI 구축 및 취약점 실습] 과목의 강의 내용(강의 콘텐츠 구성 등) 만족도는?,보통,3,20.0,15
2026년 생성형 AI 구축 및 취약점 실습 1차,17,instructor,[생성형 AI 구축 및 취약점 실습] 과목의 강의 내용(강의 콘텐츠 구성 등) 만족도는?,만족,7,46.0,15
2026년 생성형 AI 구축 및 취약점 실습 1차,17,instructor,[생성형 AI 구축 및 취약점 실습] 과목의 강의 내용(강의 콘텐츠 구성 등) 만족도는?,매우 만족,5,33.0,15
2026년 생성형 AI 구축 및 취약점 실습 2차,1,other,귀하께서는 어떤 목적으로 이번 사이버안보훈련센터의 교육과정을 수강하셨습니까?,보안 인식 제고,3,16.0,18
2026년 생성형 AI 구축 및 취약점 실습 2차,1,other,귀하께서는 어떤 목적으로 이번 사이버안보훈련센터의 교육과정을 수강하셨습니까?,보안기술 능력 향상,7,38.0,18
2026년 생성형 AI 구축 및 취약점 실습 2차,1,other,귀하께서는 어떤 목적으로 이번 사이버안보훈련센터의 교육과정을 수강하셨습니까?,업무에의 활용,7,38.0,18
2026년 생성형 AI 구축 및 취약점 실습 2차,1,other,귀하께서는 어떤 목적으로 이번 사이버안보훈련센터의 교육과정을 수강하셨습니까?,교육 의무 시간 이수,0,0.0,18
2026년 생성형 AI 구축 및 취약점 실습 2차,1,other,귀하께서는 어떤 목적으로 이번 사이버안보훈련센터의 교육과정을 수강하셨습니까?,상급자 / 동료의 추천,0,0.0,18
2026년 생성형 AI 구축 및 취약점 실습 2차,1,other,귀하께서는 어떤 목적으로 이번 사이버안보훈련센터의 교육과정을 수강하셨습니까?,기타,1,5.0,18
2026년 생성형 AI 구축 및 취약점 실습 2차,4,difficulty,이번 교육의 난이도는 어떠하였습니까?,쉽다,1,5.0,18
2026년 생성형 AI 구축 및 취약점 실습 2차,4,difficulty,이번 교육의 난이도는 어떠하였습니까?,적당하다,6,33.0,18
2026년 생성형 AI 구축 및 취약점 실습 2차,4,difficulty,이번 교육의 난이도는 어떠하였습니까?,어렵다,11,61.0,18
2026년 생성형 AI 구축 및 취약점 실습 2차,6,satisfaction,이번 교육의 만족도는 어떠하였습니까?,높음,11,61.0,18
2026년 생성형 AI 구축 및 취약점 실습 2차,6,satisfaction,이번 교육의 만족도는 어떠하였습니까?,보통,6,33.0,18
2026년 생성형 AI 구축 및 취약점 실습 2차,6,satisfaction,이번 교육의 만족도는 어떠하였습니까?,낮음,1,5.0,18
2026년 생성형 AI 구축 및 취약점 실습 2차,8,utility,이번 교육의 업무 활용도는 어떠하십니까?,높음,7,38.0,18
2026년 생성형 AI 구축 및 취약점 실습 2차,8,utility,이번 교육의 업무 활용도는 어떠하십니까?,보통,10,55.0,18
2026년 생성형 AI 구축 및 취약점 실습 2차,8,utility,이번 교육의 업무 활용도는 어떠하십니까?,낮음,1,5.0,18
2026년 생성형 AI 구축 및 취약점 실습 2차,10,diff_inst,다른 기관과의 교육 차별성은 어떠하십니까?,차별성 있다,12,66.0,18
2026년 생성형 AI 구축 및 취약점 실습 2차,10,diff_inst,다른 기관과의 교육 차별성은 어떠하십니까?,보통이다,4,22.0,18
2026년 생성형 AI 구축 및 취약점 실습 2차,10,diff_inst,다른 기관과의 교육 차별성은 어떠하십니까?,차별성없다,2,11.0,18
2026년 생성형 AI 구축 및 취약점 실습 2차,12,duration,교육 시간은 적절하다고 생각하십니까?,부족하다,8,44.0,18
2026년 생성형 AI 구축 및 취약점 실습 2차,12,duration,교육 시간은 적절하다고 생각하십니까?,적절하다,10,55.0,18
2026년 생성형 AI 구축 및 취약점 실습 2차,12,duration,교육 시간은 적절하다고 생각하십니까?,길다,0,0.0,18
2026년 생성형 AI 구축 및 취약점 실습 2차,16,instructor,[생성형AI 구축 및 취약점 실습 2차] (고주혁 선임연구원) 과목의 강의(강의 준비 및 강의 스킬) 만족도는?,매우 불만족,0,0.0,18
2026년 생성형 AI 구축 및 취약점 실습 2차,16,instructor,[생성형AI 구축 및 취약점 실습 2차] (고주혁 선임연구원) 과목의 강의(강의 준비 및 강의 스킬) 만족도는?,불만족,1,5.0,18
2026년 생성형 AI 구축 및 취약점 실습 2차,16,instructor,[생성형AI 구축 및 취약점 실습 2차] (고주혁 선임연구원) 과목의 강의(강의 준비 및 강의 스킬) 만족도는?,보통,4,22.0,18
2026년 생성형 AI 구축 및 취약점 실습 2차,16,instructor,[생성형AI 구축 및 취약점 실습 2차] (고주혁 선임연구원) 과목의 강의(강의 준비 및 강의 스킬) 만족도는?,만족,5,27.0,18
2026년 생성형 AI 구축 및 취약점 실습 2차,16,instructor,[생성형AI 구축 및 취약점 실습 2차] (고주혁 선임연구원) 과목의 강의(강의 준비 및 강의 스킬) 만족도는?,매우 만족,8,44.0,18
2026년 생성형 AI 구축 및 취약점 실습 2차,17,instructor,[생성형AI 구축 및 취약점 실습 2차] (고주혁 선임연구원) 과목의 강의 내용(강의 콘텐츠 구성 등) 만족도는?,매우 불만족,0,0.0,18
2026년 생성형 AI 구축 및 취약점 실습 2차,17,instructor,[생성형AI 구축 및 취약점 실습 2차] (고주혁 선임연구원) 과목의 강의 내용(강의 콘텐츠 구성 등) 만족도는?,불만족,1,5.0,18
2026년 생성형 AI 구축 및 취약점 실습 2차,17,instructor,[생성형AI 구축 및 취약점 실습 2차] (고주혁 선임연구원) 과목의 강의 내용(강의 콘텐츠 구성 등) 만족도는?,보통,3,16.0,18
2026년 생성형 AI 구축 및 취약점 실습 2차,17,instructor,[생성형AI 구축 및 취약점 실습 2차] (고주혁 선임연구원) 과목의 강의 내용(강의 콘텐츠 구성 등) 만족도는?,만족,6,33.0,18
2026년 생성형 AI 구축 및 취약점 실습 2차,17,instructor,[생성형AI 구축 및 취약점 실습 2차] (고주혁 선임연구원) 과목의 강의 내용(강의 콘텐츠 구성 등) 만족도는?,매우 만족,8,44.0,18
2026년 웹 해킹 및 시스템 모의침투 교육 1차,1,other,귀하께서는 어떤 목적으로 이번 사이버안보훈련센터의 교육과정을 수강하셨습니까?,보안 인식 제고,1,7.0,14
2026년 웹 해킹 및 시스템 모의침투 교육 1차,1,other,귀하께서는 어떤 목적으로 이번 사이버안보훈련센터의 교육과정을 수강하셨습니까?,보안기술 능력 향상,6,42.0,14
2026년 웹 해킹 및 시스템 모의침투 교육 1차,1,other,귀하께서는 어떤 목적으로 이번 사이버안보훈련센터의 교육과정을 수강하셨습니까?,업무에의 활용,1,7.0,14
2026년 웹 해킹 및 시스템 모의침투 교육 1차,1,other,귀하께서는 어떤 목적으로 이번 사이버안보훈련센터의 교육과정을 수강하셨습니까?,교육 의무 시간 이수,4,28.0,14
2026년 웹 해킹 및 시스템 모의침투 교육 1차,1,other,귀하께서는 어떤 목적으로 이번 사이버안보훈련센터의 교육과정을 수강하셨습니까?,상급자 / 동료의 추천,1,7.0,14
2026년 웹 해킹 및 시스템 모의침투 교육 1차,1,other,귀하께서는 어떤 목적으로 이번 사이버안보훈련센터의 교육과정을 수강하셨습니까?,기타,1,7.0,14
2026년 웹 해킹 및 시스템 모의침투 교육 1차,4,difficulty,이번 교육의 난이도는 어떠하였습니까?,쉽다,0,0.0,14
2026년 웹 해킹 및 시스템 모의침투 교육 1차,4,difficulty,이번 교육의 난이도는 어떠하였습니까?,적당하다,6,42.0,14
2026년 웹 해킹 및 시스템 모의침투 교육 1차,4,difficulty,이번 교육의 난이도는 어떠하였습니까?,어렵다,8,57.0,14
2026년 웹 해킹 및 시스템 모의침투 교육 1차,6,satisfaction,이번 교육의 만족도는 어떠하였습니까?,높음,10,71.0,14
2026년 웹 해킹 및 시스템 모의침투 교육 1차,6,satisfaction,이번 교육의 만족도는 어떠하였습니까?,보통,4,28.0,14
2026년 웹 해킹 및 시스템 모의침투 교육 1차,6,satisfaction,이번 교육의 만족도는 어떠하였습니까?,낮음,0,0.0,14
2026년 웹 해킹 및 시스템 모의침투 교육 1차,8,utility,이번 교육의 업무 활용도는 어떠하십니까?,높음,5,35.0,14
2026년 웹 해킹 및 시스템 모의침투 교육 1차,8,utility,이번 교육의 업무 활용도는 어떠하십니까?,보통,8,57.0,14
2026년 웹 해킹 및 시스템 모의침투 교육 1차,8,utility,이번 교육의 업무 활용도는 어떠하십니까?,낮음,1,7.0,14
2026년 웹 해킹 및 시스템 모의침투 교육 1차,10,diff_inst,다른 기관과의 교육 차별성은 어떠하십니까?,차별성 있다,10,71.0,14
2026년 웹 해킹 및 시스템 모의침투 교육 1차,10,diff_inst,다른 기관과의 교육 차별성은 어떠하십니까?,보통이다,4,28.0,14
2026년 웹 해킹 및 시스템 모의침투 교육 1차,10,diff_inst,다른 기관과의 교육 차별성은 어떠하십니까?,차별성없다,0,0.0,14
2026년 웹 해킹 및 시스템 모의침투 교육 1차,12,duration,교육 시간은 적절하다고 생각하십니까?,부족하다,4,28.0,14
2026년 웹 해킹 및 시스템 모의침투 교육 1차,12,duration,교육 시간은 적절하다고 생각하십니까?,적절하다,9,64.0,14
2026년 웹 해킹 및 시스템 모의침투 교육 1차,12,duration,교육 시간은 적절하다고 생각하십니까?,길다,1,7.0,14
2026년 웹 해킹 및 시스템 모의침투 교육 1차,16,instructor,이번 과목의 강의(강의 준비 및 강의 스킬) 만족도는?,매우 불만족,0,0.0,14
2026년 웹 해킹 및 시스템 모의침투 교육 1차,16,instructor,이번 과목의 강의(강의 준비 및 강의 스킬) 만족도는?,불만족,0,0.0,14
2026년 웹 해킹 및 시스템 모의침투 교육 1차,16,instructor,이번 과목의 강의(강의 준비 및 강의 스킬) 만족도는?,보통,4,28.0,14
2026년 웹 해킹 및 시스템 모의침투 교육 1차,16,instructor,이번 과목의 강의(강의 준비 및 강의 스킬) 만족도는?,만족,4,28.0,14
2026년 웹 해킹 및 시스템 모의침투 교육 1차,16,instructor,이번 과목의 강의(강의 준비 및 강의 스킬) 만족도는?,매우 만족,6,42.0,14
2026년 웹 해킹 및 시스템 모의침투 교육 1차,17,instructor,이번 과목의 강의 내용(강의 콘텐츠 구성 등) 만족도는?,매우 불만족,0,0.0,14
2026년 웹 해킹 및 시스템 모의침투 교육 1차,17,instructor,이번 과목의 강의 내용(강의 콘텐츠 구성 등) 만족도는?,불만족,0,0.0,14
2026년 웹 해킹 및 시스템 모의침투 교육 1차,17,instructor,이번 과목의 강의 내용(강의 콘텐츠 구성 등) 만족도는?,보통,4,28.0,14
2026년 웹 해킹 및 시스템 모의침투 교육 1차,17,instructor,이번 과목의 강의 내용(강의 콘텐츠 구성 등) 만족도는?,만족,3,21.0,14
2026년 웹 해킹 및 시스템 모의침투 교육 1차,17,instructor,이번 과목의 강의 내용(강의 콘텐츠 구성 등) 만족도는?,매우 만족,7,50.0,14
2026년 정보보안업무이해(1차),1,other,귀하께서는 어떤 목적으로 이번 사이버안보훈련센터의 교육과정을 수강하셨습니까?,보안 인식 제고,15,35.0,42
2026년 정보보안업무이해(1차),1,other,귀하께서는 어떤 목적으로 이번 사이버안보훈련센터의 교육과정을 수강하셨습니까?,보안기술 능력 향상,4,9.0,42
2026년 정보보안업무이해(1차),1,other,귀하께서는 어떤 목적으로 이번 사이버안보훈련센터의 교육과정을 수강하셨습니까?,업무에의 활용,14,33.0,42
2026년 정보보안업무이해(1차),1,other,귀하께서는 어떤 목적으로 이번 사이버안보훈련센터의 교육과정을 수강하셨습니까?,교육 의무 시간 이수,8,19.0,42
2026년 정보보안업무이해(1차),1,other,귀하께서는 어떤 목적으로 이번 사이버안보훈련센터의 교육과정을 수강하셨습니까?,상급자 / 동료의 추천,1,2.0,42
2026년 정보보안업무이해(1차),1,other,귀하께서는 어떤 목적으로 이번 사이버안보훈련센터의 교육과정을 수강하셨습니까?,기타,0,0.0,42
2026년 정보보안업무이해(1차),2,difficulty,이번 교육의 난이도는 어떠하였습니까?,쉽다,1,2.0,42
2026년 정보보안업무이해(1차),2,difficulty,이번 교육의 난이도는 어떠하였습니까?,적당하다,32,76.0,42
2026년 정보보안업무이해(1차),2,difficulty,이번 교육의 난이도는 어떠하였습니까?,어렵다,9,21.0,42
2026년 정보보안업무이해(1차),4,satisfaction,이번 교육의 만족도는 어떠하였습니까?,높음,21,50.0,42
2026년 정보보안업무이해(1차),4,satisfaction,이번 교육의 만족도는 어떠하였습니까?,보통이다,19,45.0,42
2026년 정보보안업무이해(1차),4,satisfaction,이번 교육의 만족도는 어떠하였습니까?,낮음,2,4.0,42
2026년 정보보안업무이해(1차),6,utility,이번 교육의 업무 활용도는 어떠하십니까?,높음,13,30.0,42
2026년 정보보안업무이해(1차),6,utility,이번 교육의 업무 활용도는 어떠하십니까?,보통이다,25,59.0,42
2026년 정보보안업무이해(1차),6,utility,이번 교육의 업무 활용도는 어떠하십니까?,낮음,4,9.0,42
2026년 정보보안업무이해(1차),8,diff_inst,다른 기관과의 교육 차별성은 어떠하십니까?,차별성 있다,24,57.0,42
2026년 정보보안업무이해(1차),8,diff_inst,다른 기관과의 교육 차별성은 어떠하십니까?,보통이다,17,40.0,42
2026년 정보보안업무이해(1차),8,diff_inst,다른 기관과의 교육 차별성은 어떠하십니까?,차별성 없다,1,2.0,42
2026년 정보보안업무이해(1차),10,duration,교육 시간은 적절하다고 생각하십니까?,적절하다,26,61.0,42
2026년 정보보안업무이해(1차),10,duration,교육 시간은 적절하다고 생각하십니까?,보통이다,11,26.0,42
2026년 정보보안업무이해(1차),10,duration,교육 시간은 적절하다고 생각하십니까?,적절하지 않다.,5,11.0,42
2026년 정보보안업무이해(1차),12,other,본 교육의 가장 적당한 교육기간은 며칠이라고 생각하십니까?,3일,28,66.0,42
2026년 정보보안업무이해(1차),12,other,본 교육의 가장 적당한 교육기간은 며칠이라고 생각하십니까?,4일,11,26.0,42
2026년 정보보안업무이해(1차),12,other,본 교육의 가장 적당한 교육기간은 며칠이라고 생각하십니까?,4일 초과,3,7.0,42
2026년 정보보안업무이해(1차),13,needs,"국가공공 기관 및 정보통신기반시설의 정보화, 정보보호 담당자에게 꼭 필요한 사이버안보 교육에는 어떤 것이 있을까요?",포렌식 분야 교육/훈련,0,0.0,42
2026년 정보보안업무이해(1차),13,needs,"국가공공 기관 및 정보통신기반시설의 정보화, 정보보호 담당자에게 꼭 필요한 사이버안보 교육에는 어떤 것이 있을까요?",악성코드 분석 교육/훈련,2,4.0,42
2026년 정보보안업무이해(1차),13,needs,"국가공공 기관 및 정보통신기반시설의 정보화, 정보보호 담당자에게 꼭 필요한 사이버안보 교육에는 어떤 것이 있을까요?",모바일 분야 교육/훈련,1,2.0,42
2026년 정보보안업무이해(1차),13,needs,"국가공공 기관 및 정보통신기반시설의 정보화, 정보보호 담당자에게 꼭 필요한 사이버안보 교육에는 어떤 것이 있을까요?",무선랜 해킹 관련 교육/훈련,0,0.0,42
2026년 정보보안업무이해(1차),13,needs,"국가공공 기관 및 정보통신기반시설의 정보화, 정보보호 담당자에게 꼭 필요한 사이버안보 교육에는 어떤 것이 있을까요?",서버 취약점 공격 대응 교육/훈련,2,4.0,42
2026년 정보보안업무이해(1차),13,needs,"국가공공 기관 및 정보통신기반시설의 정보화, 정보보호 담당자에게 꼭 필요한 사이버안보 교육에는 어떤 것이 있을까요?",시스템 보안강화(System Hardening) 교육/훈련,10,23.0,42
2026년 정보보안업무이해(1차),13,needs,"국가공공 기관 및 정보통신기반시설의 정보화, 정보보호 담당자에게 꼭 필요한 사이버안보 교육에는 어떤 것이 있을까요?",정보유출 사건에 대한 교육/훈련,9,21.0,42
2026년 정보보안업무이해(1차),13,needs,"국가공공 기관 및 정보통신기반시설의 정보화, 정보보호 담당자에게 꼭 필요한 사이버안보 교육에는 어떤 것이 있을까요?",정보보호 시스템 관리 교육/훈련,18,42.0,42
2026년 정보보안업무이해(1차),16,instructor,ChatGPT 사용과 보안 위협 시나리오(강사: 김종길 교수) 과목의 강의 만족도(강의 준비 및 스킬 등)는?,매우 만족,16,38.0,42
2026년 정보보안업무이해(1차),16,instructor,ChatGPT 사용과 보안 위협 시나리오(강사: 김종길 교수) 과목의 강의 만족도(강의 준비 및 스킬 등)는?,만족,13,30.0,42
2026년 정보보안업무이해(1차),16,instructor,ChatGPT 사용과 보안 위협 시나리오(강사: 김종길 교수) 과목의 강의 만족도(강의 준비 및 스킬 등)는?,보통,12,28.0,42
2026년 정보보안업무이해(1차),16,instructor,ChatGPT 사용과 보안 위협 시나리오(강사: 김종길 교수) 과목의 강의 만족도(강의 준비 및 스킬 등)는?,불만족,1,2.0,42
2026년 정보보안업무이해(1차),16,instructor,ChatGPT 사용과 보안 위협 시나리오(강사: 김종길 교수) 과목의 강의 만족도(강의 준비 및 스킬 등)는?,매우 불만족,0,0.0,42
2026년 정보보안업무이해(1차),17,instructor,ChatGPT 사용과 보안 위협 시나리오(강사: 김종길 교수) 과목의 강의 내용 만족도(강의 컨텐츠 구성 등)는?,매우 만족,16,38.0,42
2026년 정보보안업무이해(1차),17,instructor,ChatGPT 사용과 보안 위협 시나리오(강사: 김종길 교수) 과목의 강의 내용 만족도(강의 컨텐츠 구성 등)는?,만족,12,28.0,42
2026년 정보보안업무이해(1차),17,instructor,ChatGPT 사용과 보안 위협 시나리오(강사: 김종길 교수) 과목의 강의 내용 만족도(강의 컨텐츠 구성 등)는?,보통,13,30.0,42
2026년 정보보안업무이해(1차),17,instructor,ChatGPT 사용과 보안 위협 시나리오(강사: 김종길 교수) 과목의 강의 내용 만족도(강의 컨텐츠 구성 등)는?,불만족,1,2.0,42
2026년 정보보안업무이해(1차),17,instructor,ChatGPT 사용과 보안 위협 시나리오(강사: 김종길 교수) 과목의 강의 내용 만족도(강의 컨텐츠 구성 등)는?,매우 불만족,0,0.0,42
2026년 정보보안업무이해(1차),18,instructor,양자 안전 기술 “동형암호” 기술과 활용(강사: 이문성 박사) 과목의 강의 만족도(강의 준비 및 스킬 등)는?,매우 만족,15,35.0,42
2026년 정보보안업무이해(1차),18,instructor,양자 안전 기술 “동형암호” 기술과 활용(강사: 이문성 박사) 과목의 강의 만족도(강의 준비 및 스킬 등)는?,만족,10,23.0,42
2026년 정보보안업무이해(1차),18,instructor,양자 안전 기술 “동형암호” 기술과 활용(강사: 이문성 박사) 과목의 강의 만족도(강의 준비 및 스킬 등)는?,보통,15,35.0,42
2026년 정보보안업무이해(1차),18,instructor,양자 안전 기술 “동형암호” 기술과 활용(강사: 이문성 박사) 과목의 강의 만족도(강의 준비 및 스킬 등)는?,불만족,1,2.0,42
2026년 정보보안업무이해(1차),18,instructor,양자 안전 기술 “동형암호” 기술과 활용(강사: 이문성 박사) 과목의 강의 만족도(강의 준비 및 스킬 등)는?,매우 불만족,1,2.0,42
2026년 정보보안업무이해(1차),19,instructor,양자 안전 기술 “동형암호” 기술과 활용(강사: 이문성 박사) 과목의 강의 내용 만족도(강의 컨텐츠 구성 등)는?,매우 만족,14,33.0,42
2026년 정보보안업무이해(1차),19,instructor,양자 안전 기술 “동형암호” 기술과 활용(강사: 이문성 박사) 과목의 강의 내용 만족도(강의 컨텐츠 구성 등)는?,만족,11,26.0,42
2026년 정보보안업무이해(1차),19,instructor,양자 안전 기술 “동형암호” 기술과 활용(강사: 이문성 박사) 과목의 강의 내용 만족도(강의 컨텐츠 구성 등)는?,보통,14,33.0,42
2026년 정보보안업무이해(1차),19,instructor,양자 안전 기술 “동형암호” 기술과 활용(강사: 이문성 박사) 과목의 강의 내용 만족도(강의 컨텐츠 구성 등)는?,불만족,2,4.0,42
2026년 정보보안업무이해(1차),19,instructor,양자 안전 기술 “동형암호” 기술과 활용(강사: 이문성 박사) 과목의 강의 내용 만족도(강의 컨텐츠 구성 등)는?,매우 불만족,1,2.0,42
2026년 정보보안업무이해(1차),20,instructor,제로트러스트 보안(강사: 양경아 책연) 과목의 강의 만족도(강의 준비 및 스킬 등)는?,매우 만족,21,50.0,42
2026년 정보보안업무이해(1차),20,instructor,제로트러스트 보안(강사: 양경아 책연) 과목의 강의 만족도(강의 준비 및 스킬 등)는?,만족,12,28.0,42
2026년 정보보안업무이해(1차),20,instructor,제로트러스트 보안(강사: 양경아 책연) 과목의 강의 만족도(강의 준비 및 스킬 등)는?,보통,9,21.0,42
2026년 정보보안업무이해(1차),20,instructor,제로트러스트 보안(강사: 양경아 책연) 과목의 강의 만족도(강의 준비 및 스킬 등)는?,불만족,0,0.0,42
2026년 정보보안업무이해(1차),20,instructor,제로트러스트 보안(강사: 양경아 책연) 과목의 강의 만족도(강의 준비 및 스킬 등)는?,매우 불만족,0,0.0,42
2026년 정보보안업무이해(1차),21,instructor,제로트러스트 보안(강사: 양경아 책연) 과목의 강의 내용 만족도(강의 컨텐츠 구성 등)는?,매우 만족,21,50.0,42
2026년 정보보안업무이해(1차),21,instructor,제로트러스트 보안(강사: 양경아 책연) 과목의 강의 내용 만족도(강의 컨텐츠 구성 등)는?,만족,11,26.0,42
2026년 정보보안업무이해(1차),21,instructor,제로트러스트 보안(강사: 양경아 책연) 과목의 강의 내용 만족도(강의 컨텐츠 구성 등)는?,보통,10,23.0,42
2026년 정보보안업무이해(1차),21,instructor,제로트러스트 보안(강사: 양경아 책연) 과목의 강의 내용 만족도(강의 컨텐츠 구성 등)는?,불만족,0,0.0,42
2026년 정보보안업무이해(1차),21,instructor,제로트러스트 보안(강사: 양경아 책연) 과목의 강의 내용 만족도(강의 컨텐츠 구성 등)는?,매우 불만족,0,0.0,42
2026년 정보보안업무이해(1차),22,instructor,서버 보안 실무(강사: 김요셉 본부장) 과목의 강의 만족도(강의 준비 및 스킬 등)는?,매우 만족,19,45.0,42
2026년 정보보안업무이해(1차),22,instructor,서버 보안 실무(강사: 김요셉 본부장) 과목의 강의 만족도(강의 준비 및 스킬 등)는?, 만족,14,33.0,42
2026년 정보보안업무이해(1차),22,instructor,서버 보안 실무(강사: 김요셉 본부장) 과목의 강의 만족도(강의 준비 및 스킬 등)는?,보통,7,16.0,42
2026년 정보보안업무이해(1차),22,instructor,서버 보안 실무(강사: 김요셉 본부장) 과목의 강의 만족도(강의 준비 및 스킬 등)는?,불만족,0,0.0,42
2026년 정보보안업무이해(1차),22,instructor,서버 보안 실무(강사: 김요셉 본부장) 과목의 강의 만족도(강의 준비 및 스킬 등)는?,매우 불만족,2,4.0,42
2026년 정보보안업무이해(1차),23,instructor,서버 보안 실무(강사: 김요셉 본부장) 과목의 강의 내용 만족도(강의 컨텐츠 구성 등)는?,매우 만족,19,45.0,42
2026년 정보보안업무이해(1차),23,instructor,서버 보안 실무(강사: 김요셉 본부장) 과목의 강의 내용 만족도(강의 컨텐츠 구성 등)는?,만족,13,30.0,42
2026년 정보보안업무이해(1차),23,instructor,서버 보안 실무(강사: 김요셉 본부장) 과목의 강의 내용 만족도(강의 컨텐츠 구성 등)는?,보통,8,19.0,42
2026년 정보보안업무이해(1차),23,instructor,서버 보안 실무(강사: 김요셉 본부장) 과목의 강의 내용 만족도(강의 컨텐츠 구성 등)는?,불만족,0,0.0,42
2026년 정보보안업무이해(1차),23,instructor,서버 보안 실무(강사: 김요셉 본부장) 과목의 강의 내용 만족도(강의 컨텐츠 구성 등)는?,매우 불만족,2,4.0,42
2026년 정보보안업무이해(1차),24,instructor,국가 전산망 보안장비의 이해(강사: 김현준 실장) 과목의 강의 만족도(강의 준비 및 스킬 등)는?,매우 만족,23,54.0,42
2026년 정보보안업무이해(1차),24,instructor,국가 전산망 보안장비의 이해(강사: 김현준 실장) 과목의 강의 만족도(강의 준비 및 스킬 등)는?,만족,12,28.0,42
2026년 정보보안업무이해(1차),24,instructor,국가 전산망 보안장비의 이해(강사: 김현준 실장) 과목의 강의 만족도(강의 준비 및 스킬 등)는?,보통,7,16.0,42
2026년 정보보안업무이해(1차),24,instructor,국가 전산망 보안장비의 이해(강사: 김현준 실장) 과목의 강의 만족도(강의 준비 및 스킬 등)는?,불만족,0,0.0,42
2026년 정보보안업무이해(1차),24,instructor,국가 전산망 보안장비의 이해(강사: 김현준 실장) 과목의 강의 만족도(강의 준비 및 스킬 등)는?,매우 불만족,0,0.0,42
2026년 정보보안업무이해(1차),25,instructor,국가 전산망 보안장비의 이해(강사: 김현준 실장) 과목의 강의 내용 만족도(강의 컨텐츠 구성 등)는?,매우 만족,24,57.0,42
2026년 정보보안업무이해(1차),25,instructor,국가 전산망 보안장비의 이해(강사: 김현준 실장) 과목의 강의 내용 만족도(강의 컨텐츠 구성 등)는?,만족,11,26.0,42
2026년 정보보안업무이해(1차),25,instructor,국가 전산망 보안장비의 이해(강사: 김현준 실장) 과목의 강의 내용 만족도(강의 컨텐츠 구성 등)는?,보통,7,16.0,42
2026년 정보보안업무이해(1차),25,instructor,국가 전산망 보안장비의 이해(강사: 김현준 실장) 과목의 강의 내용 만족도(강의 컨텐츠 구성 등)는?,불만족,0,0.0,42
2026년 정보보안업무이해(1차),25,instructor,국가 전산망 보안장비의 이해(강사: 김현준 실장) 과목의 강의 내용 만족도(강의 컨텐츠 구성 등)는?,매우 불만족,0,0.0,42
2026년 정보보안업무이해(1차),26,instructor,보안 취약점 관리와 모의해킹 이해(강사: 김영주 대표) 과목의 강의 만족도(강의 준비 및 스킬 등)는?,매우 만족,18,42.0,42
2026년 정보보안업무이해(1차),26,instructor,보안 취약점 관리와 모의해킹 이해(강사: 김영주 대표) 과목의 강의 만족도(강의 준비 및 스킬 등)는?,만족,13,30.0,42
2026년 정보보안업무이해(1차),26,instructor,보안 취약점 관리와 모의해킹 이해(강사: 김영주 대표) 과목의 강의 만족도(강의 준비 및 스킬 등)는?,보통,10,23.0,42
2026년 정보보안업무이해(1차),26,instructor,보안 취약점 관리와 모의해킹 이해(강사: 김영주 대표) 과목의 강의 만족도(강의 준비 및 스킬 등)는?,불만족,1,2.0,42
2026년 정보보안업무이해(1차),26,instructor,보안 취약점 관리와 모의해킹 이해(강사: 김영주 대표) 과목의 강의 만족도(강의 준비 및 스킬 등)는?,매우 불만족,0,0.0,42
2026년 정보보안업무이해(1차),27,instructor,보안 취약점 관리와 모의해킹 이해(강사: 김영주 대표) 과목의 강의 내용 만족도(강의 컨텐츠 구성 등)는?,매우 만족,18,42.0,42
2026년 정보보안업무이해(1차),27,instructor,보안 취약점 관리와 모의해킹 이해(강사: 김영주 대표) 과목의 강의 내용 만족도(강의 컨텐츠 구성 등)는?,만족,13,30.0,42
2026년 정보보안업무이해(1차),27,instructor,보안 취약점 관리와 모의해킹 이해(강사: 김영주 대표) 과목의 강의 내용 만족도(강의 컨텐츠 구성 등)는?,보통,10,23.0,42
2026년 정보보안업무이해(1차),27,instructor,보안 취약점 관리와 모의해킹 이해(강사: 김영주 대표) 과목의 강의 내용 만족도(강의 컨텐츠 구성 등)는?,불만족,1,2.0,42
2026년 정보보안업무이해(1차),27,instructor,보안 취약점 관리와 모의해킹 이해(강사: 김영주 대표) 과목의 강의 내용 만족도(강의 컨텐츠 구성 등)는?,매우 불만족,0,0.0,42
2026년 정보보안업무이해(1차),28,instructor,PC 보안 실무(강사: 채수영 전문연구위원) 과목의 강의 만족도(강의 준비 및 스킬 등)는?,매우 만족,19,45.0,42
2026년 정보보안업무이해(1차),28,instructor,PC 보안 실무(강사: 채수영 전문연구위원) 과목의 강의 만족도(강의 준비 및 스킬 등)는?, 만족,15,35.0,42
2026년 정보보안업무이해(1차),28,instructor,PC 보안 실무(강사: 채수영 전문연구위원) 과목의 강의 만족도(강의 준비 및 스킬 등)는?,보통,8,19.0,42
2026년 정보보안업무이해(1차),28,instructor,PC 보안 실무(강사: 채수영 전문연구위원) 과목의 강의 만족도(강의 준비 및 스킬 등)는?,불만족,0,0.0,42
2026년 정보보안업무이해(1차),28,instructor,PC 보안 실무(강사: 채수영 전문연구위원) 과목의 강의 만족도(강의 준비 및 스킬 등)는?,매우 불만족,0,0.0,42
2026년 정보보안업무이해(1차),29,instructor,PC 보안 실무(강사: 채수영 전문연구위원) 과목의 강의 내용 만족도(강의 컨텐츠 구성 등)는?,매우 만족,19,45.0,42
2026년 정보보안업무이해(1차),29,instructor,PC 보안 실무(강사: 채수영 전문연구위원) 과목의 강의 내용 만족도(강의 컨텐츠 구성 등)는?,만족,15,35.0,42
2026년 정보보안업무이해(1차),29,instructor,PC 보안 실무(강사: 채수영 전문연구위원) 과목의 강의 내용 만족도(강의 컨텐츠 구성 등)는?,보통,8,19.0,42
2026년 정보보안업무이해(1차),29,instructor,PC 보안 실무(강사: 채수영 전문연구위원) 과목의 강의 내용 만족도(강의 컨텐츠 구성 등)는?,불만족,0,0.0,42
2026년 정보보안업무이해(1차),29,instructor,PC 보안 실무(강사: 채수영 전문연구위원) 과목의 강의 내용 만족도(강의 컨텐츠 구성 등)는?,매우 불만족,0,0.0,42
2026년 정보화사업 보안성 검토(1차),1,other,귀하께서는 어떤 목적으로 이번 사이버안보훈련센터의 교육과정을 수강하셨습니까?,보안 인식 제고,5,11.0,43
2026년 정보화사업 보안성 검토(1차),1,other,귀하께서는 어떤 목적으로 이번 사이버안보훈련센터의 교육과정을 수강하셨습니까?,보안기술 능력 향상,5,11.0,43
2026년 정보화사업 보안성 검토(1차),1,other,귀하께서는 어떤 목적으로 이번 사이버안보훈련센터의 교육과정을 수강하셨습니까?,업무에의 활용,28,65.0,43
2026년 정보화사업 보안성 검토(1차),1,other,귀하께서는 어떤 목적으로 이번 사이버안보훈련센터의 교육과정을 수강하셨습니까?,교육 의무 시간 이수,3,6.0,43
2026년 정보화사업 보안성 검토(1차),1,other,귀하께서는 어떤 목적으로 이번 사이버안보훈련센터의 교육과정을 수강하셨습니까?,상급자 / 동료의 추천,2,4.0,43
2026년 정보화사업 보안성 검토(1차),1,other,귀하께서는 어떤 목적으로 이번 사이버안보훈련센터의 교육과정을 수강하셨습니까?,기타,0,0.0,43
2026년 정보화사업 보안성 검토(1차),4,difficulty,이번 교육의 난이도는 어떠하였습니까?,쉽다,1,2.0,43
2026년 정보화사업 보안성 검토(1차),4,difficulty,이번 교육의 난이도는 어떠하였습니까?,적당하다,42,97.0,43
2026년 정보화사업 보안성 검토(1차),4,difficulty,이번 교육의 난이도는 어떠하였습니까?,어렵다,0,0.0,43
2026년 정보화사업 보안성 검토(1차),6,satisfaction,이번 교육의 만족도는 어떠하였습니까?,높음,23,53.0,43
2026년 정보화사업 보안성 검토(1차),6,satisfaction,이번 교육의 만족도는 어떠하였습니까?,보통,19,44.0,43
2026년 정보화사업 보안성 검토(1차),6,satisfaction,이번 교육의 만족도는 어떠하였습니까?,낮음,1,2.0,43
2026년 정보화사업 보안성 검토(1차),8,utility,이번 교육의 업무 활용도는 어떠하십니까?,높음,25,58.0,43
2026년 정보화사업 보안성 검토(1차),8,utility,이번 교육의 업무 활용도는 어떠하십니까?,보통,18,41.0,43
2026년 정보화사업 보안성 검토(1차),8,utility,이번 교육의 업무 활용도는 어떠하십니까?,낮음,0,0.0,43
2026년 정보화사업 보안성 검토(1차),10,diff_inst,다른 기관과의 교육 차별성은 어떠하십니까?,차별성 있다,19,44.0,43
2026년 정보화사업 보안성 검토(1차),10,diff_inst,다른 기관과의 교육 차별성은 어떠하십니까?,보통이다,23,53.0,43
2026년 정보화사업 보안성 검토(1차),10,diff_inst,다른 기관과의 교육 차별성은 어떠하십니까?,차별성 없다,1,2.0,43
2026년 정보화사업 보안성 검토(1차),12,duration,교육 시간은 적절하다고 생각하십니까?,부족하다,8,18.0,43
2026년 정보화사업 보안성 검토(1차),12,duration,교육 시간은 적절하다고 생각하십니까?,적절하다,32,74.0,43
2026년 정보화사업 보안성 검토(1차),12,duration,교육 시간은 적절하다고 생각하십니까?,길다,3,6.0,43
2026년 정보화사업 보안성 검토(2차),1,other,귀하께서는 어떤 목적으로 이번 사이버안보훈련센터의 교육과정을 수강하셨습니까?,보안 인식 제고,6,13.0,43
2026년 정보화사업 보안성 검토(2차),1,other,귀하께서는 어떤 목적으로 이번 사이버안보훈련센터의 교육과정을 수강하셨습니까?,보안기술 능력 향상,5,11.0,43
2026년 정보화사업 보안성 검토(2차),1,other,귀하께서는 어떤 목적으로 이번 사이버안보훈련센터의 교육과정을 수강하셨습니까?,업무에의 활용,25,58.0,43
2026년 정보화사업 보안성 검토(2차),1,other,귀하께서는 어떤 목적으로 이번 사이버안보훈련센터의 교육과정을 수강하셨습니까?,교육 의무 시간 이수,7,16.0,43
2026년 정보화사업 보안성 검토(2차),1,other,귀하께서는 어떤 목적으로 이번 사이버안보훈련센터의 교육과정을 수강하셨습니까?,상급자 / 동료의 추천,0,0.0,43
2026년 정보화사업 보안성 검토(2차),1,other,귀하께서는 어떤 목적으로 이번 사이버안보훈련센터의 교육과정을 수강하셨습니까?,기타,0,0.0,43
2026년 정보화사업 보안성 검토(2차),4,difficulty,이번 교육의 난이도는 어떠하였습니까?,쉽다,2,4.0,43
2026년 정보화사업 보안성 검토(2차),4,difficulty,이번 교육의 난이도는 어떠하였습니까?,적당하다,40,93.0,43
2026년 정보화사업 보안성 검토(2차),4,difficulty,이번 교육의 난이도는 어떠하였습니까?,어렵다,1,2.0,43
2026년 정보화사업 보안성 검토(2차),6,satisfaction,이번 교육의 만족도는 어떠하였습니까?,높음,27,62.0,43
2026년 정보화사업 보안성 검토(2차),6,satisfaction,이번 교육의 만족도는 어떠하였습니까?,보통,16,37.0,43
2026년 정보화사업 보안성 검토(2차),6,satisfaction,이번 교육의 만족도는 어떠하였습니까?,낮음,0,0.0,43
2026년 정보화사업 보안성 검토(2차),8,utility,이번 교육의 업무 활용도는 어떠하십니까?,높음,28,65.0,43
2026년 정보화사업 보안성 검토(2차),8,utility,이번 교육의 업무 활용도는 어떠하십니까?,보통,15,34.0,43
2026년 정보화사업 보안성 검토(2차),8,utility,이번 교육의 업무 활용도는 어떠하십니까?,낮음,0,0.0,43
2026년 정보화사업 보안성 검토(2차),10,diff_inst,다른 기관과의 교육 차별성은 어떠하십니까?,차별성 있다,20,46.0,43
2026년 정보화사업 보안성 검토(2차),10,diff_inst,다른 기관과의 교육 차별성은 어떠하십니까?,보통이다,23,53.0,43
2026년 정보화사업 보안성 검토(2차),10,diff_inst,다른 기관과의 교육 차별성은 어떠하십니까?,차별성 없다,0,0.0,43
2026년 정보화사업 보안성 검토(2차),12,duration,교육 시간은 적절하다고 생각하십니까?,부족하다,8,18.0,43
2026년 정보화사업 보안성 검토(2차),12,duration,교육 시간은 적절하다고 생각하십니까?,적절하다,33,76.0,43
2026년 정보화사업 보안성 검토(2차),12,duration,교육 시간은 적절하다고 생각하십니까?,길다,2,4.0,43
2026년 제어시스템 사이버공격 대응 실전 훈련(1차),1,other,귀하께서는 어떤 목적으로 이번 사이버안보훈련센터의 교육과정을 수강하셨습니까?,보안 인식 제고,4,8.0,45
2026년 제어시스템 사이버공격 대응 실전 훈련(1차),1,other,귀하께서는 어떤 목적으로 이번 사이버안보훈련센터의 교육과정을 수강하셨습니까?,보안기술 능력 향상,6,13.0,45
2026년 제어시스템 사이버공격 대응 실전 훈련(1차),1,other,귀하께서는 어떤 목적으로 이번 사이버안보훈련센터의 교육과정을 수강하셨습니까?,업무에의 활용,31,68.0,45
2026년 제어시스템 사이버공격 대응 실전 훈련(1차),1,other,귀하께서는 어떤 목적으로 이번 사이버안보훈련센터의 교육과정을 수강하셨습니까?,교육 의무 시간 이수,3,6.0,45
2026년 제어시스템 사이버공격 대응 실전 훈련(1차),1,other,귀하께서는 어떤 목적으로 이번 사이버안보훈련센터의 교육과정을 수강하셨습니까?,상급자 / 동료의 추천,0,0.0,45
2026년 제어시스템 사이버공격 대응 실전 훈련(1차),1,other,귀하께서는 어떤 목적으로 이번 사이버안보훈련센터의 교육과정을 수강하셨습니까?,기타,1,2.0,45
2026년 제어시스템 사이버공격 대응 실전 훈련(1차),4,difficulty,이번 교육의 난이도는 어떠하였습니까?,쉽다,0,0.0,45
2026년 제어시스템 사이버공격 대응 실전 훈련(1차),4,difficulty,이번 교육의 난이도는 어떠하였습니까?,적당하다,36,80.0,45
2026년 제어시스템 사이버공격 대응 실전 훈련(1차),4,difficulty,이번 교육의 난이도는 어떠하였습니까?,어렵다,9,20.0,45
2026년 제어시스템 사이버공격 대응 실전 훈련(1차),6,satisfaction,이번 교육의 만족도는 어떠하였습니까?,높음,24,53.0,45
2026년 제어시스템 사이버공격 대응 실전 훈련(1차),6,satisfaction,이번 교육의 만족도는 어떠하였습니까?,보통,20,44.0,45
2026년 제어시스템 사이버공격 대응 실전 훈련(1차),6,satisfaction,이번 교육의 만족도는 어떠하였습니까?,낮음,1,2.0,45
2026년 제어시스템 사이버공격 대응 실전 훈련(1차),8,utility,이번 교육의 업무 활용도는 어떠하십니까?,높음,28,62.0,45
2026년 제어시스템 사이버공격 대응 실전 훈련(1차),8,utility,이번 교육의 업무 활용도는 어떠하십니까?,보통,17,37.0,45
2026년 제어시스템 사이버공격 대응 실전 훈련(1차),8,utility,이번 교육의 업무 활용도는 어떠하십니까?,낮음,0,0.0,45
2026년 제어시스템 사이버공격 대응 실전 훈련(1차),10,diff_inst,다른 기관과의 교육 차별성은 어떠하십니까?,차별성 있다,21,46.0,45
2026년 제어시스템 사이버공격 대응 실전 훈련(1차),10,diff_inst,다른 기관과의 교육 차별성은 어떠하십니까?,보통이다,24,53.0,45
2026년 제어시스템 사이버공격 대응 실전 훈련(1차),10,diff_inst,다른 기관과의 교육 차별성은 어떠하십니까?,차별성 없다,0,0.0,45
2026년 제어시스템 사이버공격 대응 실전 훈련(1차),12,duration,교육 시간은 적절하다고 생각하십니까?,부족하다,6,13.0,45
2026년 제어시스템 사이버공격 대응 실전 훈련(1차),12,duration,교육 시간은 적절하다고 생각하십니까?,적절하다,39,86.0,45
2026년 제어시스템 사이버공격 대응 실전 훈련(1차),12,duration,교육 시간은 적절하다고 생각하십니까?,길다,0,0.0,45
2026년 제어시스템 사이버공격 대응 실전 훈련(2차),1,other,귀하께서는 어떤 목적으로 이번 사이버안보훈련센터의 교육과정을 수강하셨습니까?,보안 인식 제고,7,18.0,37
2026년 제어시스템 사이버공격 대응 실전 훈련(2차),1,other,귀하께서는 어떤 목적으로 이번 사이버안보훈련센터의 교육과정을 수강하셨습니까?,보안기술 능력 향상,10,26.0,37
2026년 제어시스템 사이버공격 대응 실전 훈련(2차),1,other,귀하께서는 어떤 목적으로 이번 사이버안보훈련센터의 교육과정을 수강하셨습니까?,업무에의 활용,19,50.0,37
2026년 제어시스템 사이버공격 대응 실전 훈련(2차),1,other,귀하께서는 어떤 목적으로 이번 사이버안보훈련센터의 교육과정을 수강하셨습니까?,교육 의무 시간 이수,1,2.0,37
2026년 제어시스템 사이버공격 대응 실전 훈련(2차),1,other,귀하께서는 어떤 목적으로 이번 사이버안보훈련센터의 교육과정을 수강하셨습니까?,상급자 / 동료의 추천,0,0.0,37
2026년 제어시스템 사이버공격 대응 실전 훈련(2차),1,other,귀하께서는 어떤 목적으로 이번 사이버안보훈련센터의 교육과정을 수강하셨습니까?,기타,1,2.0,37
2026년 제어시스템 사이버공격 대응 실전 훈련(2차),4,difficulty,이번 교육의 난이도는 어떠하였습니까?,쉽다,1,2.0,37
2026년 제어시스템 사이버공격 대응 실전 훈련(2차),4,difficulty,이번 교육의 난이도는 어떠하였습니까?,적당하다,27,71.0,37
2026년 제어시스템 사이버공격 대응 실전 훈련(2차),4,difficulty,이번 교육의 난이도는 어떠하였습니까?,어렵다,10,26.0,37
2026년 제어시스템 사이버공격 대응 실전 훈련(2차),6,satisfaction,이번 교육의 만족도는 어떠하였습니까?,높음,27,71.0,37
2026년 제어시스템 사이버공격 대응 실전 훈련(2차),6,satisfaction,이번 교육의 만족도는 어떠하였습니까?,보통,11,28.0,37
2026년 제어시스템 사이버공격 대응 실전 훈련(2차),6,satisfaction,이번 교육의 만족도는 어떠하였습니까?,낮음,0,0.0,37
2026년 제어시스템 사이버공격 대응 실전 훈련(2차),8,utility,이번 교육의 업무 활용도는 어떠하십니까?,높음,29,76.0,37
2026년 제어시스템 사이버공격 대응 실전 훈련(2차),8,utility,이번 교육의 업무 활용도는 어떠하십니까?,보통,9,23.0,37
2026년 제어시스템 사이버공격 대응 실전 훈련(2차),8,utility,이번 교육의 업무 활용도는 어떠하십니까?,낮음,0,0.0,37
2026년 제어시스템 사이버공격 대응 실전 훈련(2차),10,diff_inst,다른 기관과의 교육 차별성은 어떠하십니까?,차별성 있다,17,44.0,37
2026년 제어시스템 사이버공격 대응 실전 훈련(2차),10,diff_inst,다른 기관과의 교육 차별성은 어떠하십니까?,보통이다,21,55.0,37
2026년 제어시스템 사이버공격 대응 실전 훈련(2차),10,diff_inst,다른 기관과의 교육 차별성은 어떠하십니까?,차별성 없다,0,0.0,37
2026년 제어시스템 사이버공격 대응 실전 훈련(2차),12,duration,교육 시간은 적절하다고 생각하십니까?,부족하다,7,18.0,37
2026년 제어시스템 사이버공격 대응 실전 훈련(2차),12,duration,교육 시간은 적절하다고 생각하십니까?,적절하다,31,81.0,37
2026년 제어시스템 사이버공격 대응 실전 훈련(2차),12,duration,교육 시간은 적절하다고 생각하십니까?,길다,0,0.0,37
2026년 제어시스템 사이버공격 대응 실전 훈련(3차),1,other,귀하께서는 어떤 목적으로 이번 사이버안보훈련센터의 교육과정을 수강하셨습니까?,보안 인식 제고,6,24.0,25
2026년 제어시스템 사이버공격 대응 실전 훈련(3차),1,other,귀하께서는 어떤 목적으로 이번 사이버안보훈련센터의 교육과정을 수강하셨습니까?,보안기술 능력 향상,4,16.0,25
2026년 제어시스템 사이버공격 대응 실전 훈련(3차),1,other,귀하께서는 어떤 목적으로 이번 사이버안보훈련센터의 교육과정을 수강하셨습니까?,업무에의 활용,14,56.0,25
2026년 제어시스템 사이버공격 대응 실전 훈련(3차),1,other,귀하께서는 어떤 목적으로 이번 사이버안보훈련센터의 교육과정을 수강하셨습니까?,교육 의무 시간 이수,0,0.0,25
2026년 제어시스템 사이버공격 대응 실전 훈련(3차),1,other,귀하께서는 어떤 목적으로 이번 사이버안보훈련센터의 교육과정을 수강하셨습니까?,상급자 / 동료의 추천,0,0.0,25
2026년 제어시스템 사이버공격 대응 실전 훈련(3차),1,other,귀하께서는 어떤 목적으로 이번 사이버안보훈련센터의 교육과정을 수강하셨습니까?,기타,1,4.0,25
2026년 제어시스템 사이버공격 대응 실전 훈련(3차),4,difficulty,이번 교육의 난이도는 어떠하였습니까?,쉽다,3,12.0,25
2026년 제어시스템 사이버공격 대응 실전 훈련(3차),4,difficulty,이번 교육의 난이도는 어떠하였습니까?,적당하다,20,80.0,25
2026년 제어시스템 사이버공격 대응 실전 훈련(3차),4,difficulty,이번 교육의 난이도는 어떠하였습니까?,어렵다,2,8.0,25
2026년 제어시스템 사이버공격 대응 실전 훈련(3차),6,satisfaction,이번 교육의 만족도는 어떠하였습니까?,높음,22,88.0,25
2026년 제어시스템 사이버공격 대응 실전 훈련(3차),6,satisfaction,이번 교육의 만족도는 어떠하였습니까?,보통,3,12.0,25
2026년 제어시스템 사이버공격 대응 실전 훈련(3차),6,satisfaction,이번 교육의 만족도는 어떠하였습니까?,낮음,0,0.0,25
2026년 제어시스템 사이버공격 대응 실전 훈련(3차),8,utility,이번 교육의 업무 활용도는 어떠하십니까?,높음,20,80.0,25
2026년 제어시스템 사이버공격 대응 실전 훈련(3차),8,utility,이번 교육의 업무 활용도는 어떠하십니까?,보통,4,16.0,25
2026년 제어시스템 사이버공격 대응 실전 훈련(3차),8,utility,이번 교육의 업무 활용도는 어떠하십니까?,낮음,1,4.0,25
2026년 제어시스템 사이버공격 대응 실전 훈련(3차),10,diff_inst,다른 기관과의 교육 차별성은 어떠하십니까?,차별성 있다,15,60.0,25
2026년 제어시스템 사이버공격 대응 실전 훈련(3차),10,diff_inst,다른 기관과의 교육 차별성은 어떠하십니까?,보통이다,10,40.0,25
2026년 제어시스템 사이버공격 대응 실전 훈련(3차),10,diff_inst,다른 기관과의 교육 차별성은 어떠하십니까?,차별성 없다,0,0.0,25
2026년 제어시스템 사이버공격 대응 실전 훈련(3차),12,duration,교육 시간은 적절하다고 생각하십니까?,부족하다,1,4.0,25
2026년 제어시스템 사이버공격 대응 실전 훈련(3차),12,duration,교육 시간은 적절하다고 생각하십니까?,적절하다,23,92.0,25
2026년 제어시스템 사이버공격 대응 실전 훈련(3차),12,duration,교육 시간은 적절하다고 생각하십니까?,길다,1,4.0,25
2026년 직무 기반 사고조사 전문가 트랙 1차,1,other,귀하께서는 어떤 목적으로 이번 사이버안보훈련센터의 교육과정을 수강하셨습니까?,보안 인식 제고,4,18.0,22
2026년 직무 기반 사고조사 전문가 트랙 1차,1,other,귀하께서는 어떤 목적으로 이번 사이버안보훈련센터의 교육과정을 수강하셨습니까?,보안기술 능력 향상,13,59.0,22
2026년 직무 기반 사고조사 전문가 트랙 1차,1,other,귀하께서는 어떤 목적으로 이번 사이버안보훈련센터의 교육과정을 수강하셨습니까?,업무에의 활용,5,22.0,22
2026년 직무 기반 사고조사 전문가 트랙 1차,1,other,귀하께서는 어떤 목적으로 이번 사이버안보훈련센터의 교육과정을 수강하셨습니까?,교육 의무 시간 이수,0,0.0,22
2026년 직무 기반 사고조사 전문가 트랙 1차,1,other,귀하께서는 어떤 목적으로 이번 사이버안보훈련센터의 교육과정을 수강하셨습니까?,상급자 / 동료의 추천,0,0.0,22
2026년 직무 기반 사고조사 전문가 트랙 1차,1,other,귀하께서는 어떤 목적으로 이번 사이버안보훈련센터의 교육과정을 수강하셨습니까?,기타,0,0.0,22
2026년 직무 기반 사고조사 전문가 트랙 1차,4,difficulty,이번 교육의 난이도는 어떠하였습니까?,쉽다,1,4.0,22
2026년 직무 기반 사고조사 전문가 트랙 1차,4,difficulty,이번 교육의 난이도는 어떠하였습니까?,적당하다,11,50.0,22
2026년 직무 기반 사고조사 전문가 트랙 1차,4,difficulty,이번 교육의 난이도는 어떠하였습니까?,어렵다,10,45.0,22
2026년 직무 기반 사고조사 전문가 트랙 1차,6,satisfaction,이번 교육의 만족도는 어떠하였습니까?,높음,17,77.0,22
2026년 직무 기반 사고조사 전문가 트랙 1차,6,satisfaction,이번 교육의 만족도는 어떠하였습니까?,보통,5,22.0,22
2026년 직무 기반 사고조사 전문가 트랙 1차,6,satisfaction,이번 교육의 만족도는 어떠하였습니까?,낮음,0,0.0,22
2026년 직무 기반 사고조사 전문가 트랙 1차,8,utility,이번 교육의 업무 활용도는 어떠하십니까?,높음,17,77.0,22
2026년 직무 기반 사고조사 전문가 트랙 1차,8,utility,이번 교육의 업무 활용도는 어떠하십니까?,보통,5,22.0,22
2026년 직무 기반 사고조사 전문가 트랙 1차,8,utility,이번 교육의 업무 활용도는 어떠하십니까?,낮음,0,0.0,22
2026년 직무 기반 사고조사 전문가 트랙 1차,10,diff_inst,다른 기관과의 교육 차별성은 어떠하십니까?,차별성 있다,19,86.0,22
2026년 직무 기반 사고조사 전문가 트랙 1차,10,diff_inst,다른 기관과의 교육 차별성은 어떠하십니까?,보통이다,3,13.0,22
2026년 직무 기반 사고조사 전문가 트랙 1차,10,diff_inst,다른 기관과의 교육 차별성은 어떠하십니까?,차별성없다,0,0.0,22
2026년 직무 기반 사고조사 전문가 트랙 1차,12,duration,교육 시간은 적절하다고 생각하십니까?,부족하다,11,50.0,22
2026년 직무 기반 사고조사 전문가 트랙 1차,12,duration,교육 시간은 적절하다고 생각하십니까?,적절하다,11,50.0,22
2026년 직무 기반 사고조사 전문가 트랙 1차,12,duration,교육 시간은 적절하다고 생각하십니까?,길다,0,0.0,22
2026년 직무 기반 사고조사 전문가 트랙 1차,16,instructor,"[과목명] (강사명, 직책) 과목의 강의(강의 준비 및 강의 스킬) 만족도는?",매우 불만족,0,0.0,22
2026년 직무 기반 사고조사 전문가 트랙 1차,16,instructor,"[과목명] (강사명, 직책) 과목의 강의(강의 준비 및 강의 스킬) 만족도는?",불만족,0,0.0,22
2026년 직무 기반 사고조사 전문가 트랙 1차,16,instructor,"[과목명] (강사명, 직책) 과목의 강의(강의 준비 및 강의 스킬) 만족도는?",보통,1,4.0,22
2026년 직무 기반 사고조사 전문가 트랙 1차,16,instructor,"[과목명] (강사명, 직책) 과목의 강의(강의 준비 및 강의 스킬) 만족도는?",만족,4,18.0,22
2026년 직무 기반 사고조사 전문가 트랙 1차,16,instructor,"[과목명] (강사명, 직책) 과목의 강의(강의 준비 및 강의 스킬) 만족도는?",매우 만족,17,77.0,22
2026년 직무 기반 사고조사 전문가 트랙 1차,17,instructor,"[과목명] (강사명, 직책) 과목의 강의 내용(강의 콘텐츠 구성 등) 만족도는?",매우 불만족,0,0.0,22
2026년 직무 기반 사고조사 전문가 트랙 1차,17,instructor,"[과목명] (강사명, 직책) 과목의 강의 내용(강의 콘텐츠 구성 등) 만족도는?",불만족,0,0.0,22
2026년 직무 기반 사고조사 전문가 트랙 1차,17,instructor,"[과목명] (강사명, 직책) 과목의 강의 내용(강의 콘텐츠 구성 등) 만족도는?",보통,1,4.0,22
2026년 직무 기반 사고조사 전문가 트랙 1차,17,instructor,"[과목명] (강사명, 직책) 과목의 강의 내용(강의 콘텐츠 구성 등) 만족도는?",만족,4,18.0,22
2026년 직무 기반 사고조사 전문가 트랙 1차,17,instructor,"[과목명] (강사명, 직책) 과목의 강의 내용(강의 콘텐츠 구성 등) 만족도는?",매우 만족,17,77.0,22
